city,date,aqi,aqi_interpolated,pm25,pm25_interpolated,no2,no2_interpolated
Ahmedabad,2017-10-10,,,64.55,False,,
Ahmedabad,2017-10-11,105.0,False,61.72,False,,
Ahmedabad,2017-10-12,126.4,True,63.81,True,,
Ahmedabad,2017-10-13,147.8,True,65.89,True,,
Ahmedabad,2017-10-14,169.2,True,67.98,True,,
Ahmedabad,2017-10-15,190.6,True,70.06,True,,
Ahmedabad,2017-10-16,212.0,True,72.15,True,,
Ahmedabad,2017-10-17,233.4,True,74.23,True,,
Ahmedabad,2017-10-18,254.8,True,76.32,False,,
Ahmedabad,2017-10-19,276.2,True,92.74,True,,
Ahmedabad,2017-10-20,297.6,True,109.16,False,,
Ahmedabad,2017-10-21,319.0,False,126.57,False,,
Ahmedabad,2017-10-22,146.0,False,59.26,False,,
Ahmedabad,2017-10-23,80.0,False,51.72,False,,
Ahmedabad,2017-10-24,102.0,False,67.4,False,,
Ahmedabad,2017-10-25,147.0,False,79.49,False,28.34,False
Ahmedabad,2017-10-26,273.0,False,112.25,False,36.61,False
Ahmedabad,2017-10-27,288.0,False,133.07,False,51.06,False
Ahmedabad,2017-10-28,256.0,False,93.96,False,46.94,False
Ahmedabad,2017-10-29,197.0,False,93.7,False,53.13,False
Ahmedabad,2017-10-30,201.8,True,85.41,True,39.15,True
Ahmedabad,2017-10-31,206.6,True,77.12,False,25.16,False
Ahmedabad,2017-11-01,211.4,True,83.63,True,39.2,True
Ahmedabad,2017-11-02,216.2,True,90.14,True,53.24,True
Ahmedabad,2017-11-03,221.0,False,96.65,False,67.28,False
Ahmedabad,2017-11-04,204.0,False,107.09,False,95.73,False
Ahmedabad,2017-11-05,310.0,False,119.02,False,82.3,False
Ahmedabad,2017-11-06,214.0,False,83.86,False,82.94,False
Ahmedabad,2017-11-07,166.0,False,72.67,False,108.74,False
Ahmedabad,2017-11-08,195.0,False,94.32,False,105.75,False
Ahmedabad,2017-11-09,194.0,False,89.0,False,119.82,False
Ahmedabad,2017-11-10,177.0,False,85.35,False,105.07,False
Ahmedabad,2017-11-11,233.0,False,101.25,False,106.82,False
Ahmedabad,2017-11-12,217.0,False,90.02,False,99.02,False
Ahmedabad,2017-11-13,273.0,False,119.17,False,98.11,False
Ahmedabad,2017-11-14,338.0,False,207.19,False,146.18,False
Ahmedabad,2017-11-15,356.0,False,148.83,False,29.79,False
Ahmedabad,2017-11-16,188.0,False,85.32,False,31.48,False
Ahmedabad,2017-11-17,291.0,False,143.07,False,73.39,False
Ahmedabad,2017-11-18,313.0,False,140.88,False,76.05,False
Ahmedabad,2017-11-19,284.0,False,99.77,False,73.33,False
Ahmedabad,2017-11-20,255.0,False,119.99,False,73.41,False
Ahmedabad,2017-11-21,292.0,False,111.92,False,81.11,False
Ahmedabad,2017-11-22,255.0,False,96.51,False,84.06,False
Ahmedabad,2017-11-23,213.0,False,80.52,False,88.07,False
Ahmedabad,2017-11-24,215.0,False,92.8,False,102.15,False
Ahmedabad,2017-11-25,235.0,False,102.26,False,111.94,False
Ahmedabad,2017-11-26,262.0,False,108.19,False,109.21,False
Ahmedabad,2017-11-27,216.0,False,93.87,False,102.93,False
Ahmedabad,2017-11-28,254.0,False,109.53,False,117.71,False
Ahmedabad,2017-11-29,234.0,False,79.34,False,106.33,False
Ahmedabad,2017-11-30,145.0,False,93.05,False,94.66,False
Ahmedabad,2017-12-01,231.0,False,85.51,False,98.09,False
Ahmedabad,2017-12-02,187.0,False,80.89,False,71.52,False
Ahmedabad,2017-12-03,195.0,False,58.62,False,61.64,False
Ahmedabad,2017-12-04,149.0,False,68.53,False,61.38,False
Ahmedabad,2017-12-05,173.0,False,81.38,False,55.07,False
Ahmedabad,2017-12-06,131.0,False,56.54,False,32.13,False
Ahmedabad,2017-12-07,103.0,False,74.08,False,57.73,False
Ahmedabad,2017-12-08,171.0,False,62.76,False,62.02,False
Ahmedabad,2017-12-09,154.0,False,86.09,False,72.14,False
Ahmedabad,2017-12-10,144.0,False,59.74,False,77.12,False
Ahmedabad,2017-12-11,184.0,False,87.13,False,56.52,False
Ahmedabad,2017-12-12,140.0,False,52.15,False,65.44,False
Ahmedabad,2017-12-13,143.0,False,67.51,False,88.83,False
Ahmedabad,2017-12-14,157.0,False,70.08,False,81.65,False
Ahmedabad,2017-12-15,176.0,False,86.9,False,76.2,False
Ahmedabad,2017-12-16,215.0,False,77.34,False,61.41,False
Ahmedabad,2017-12-17,161.0,False,65.93,False,45.55,False
Ahmedabad,2017-12-18,144.0,False,66.58,False,62.16,False
Ahmedabad,2017-12-19,130.0,False,62.24,False,88.65,False
Ahmedabad,2017-12-20,131.0,False,62.07,False,72.18,False
Ahmedabad,2017-12-21,147.0,False,72.04,False,73.92,False
Ahmedabad,2017-12-22,178.0,False,67.44,False,62.74,False
Ahmedabad,2017-12-23,168.0,False,77.76,False,78.94,False
Ahmedabad,2017-12-24,222.0,False,96.71,False,101.08,False
Ahmedabad,2017-12-25,199.0,False,75.14,False,89.68,False
Ahmedabad,2017-12-26,163.0,False,69.27,False,79.33,False
Ahmedabad,2017-12-27,149.0,False,71.54,False,89.06,False
Ahmedabad,2017-12-28,206.0,False,104.13,False,101.35,False
Ahmedabad,2017-12-29,234.0,False,88.93,False,93.2,False
Ahmedabad,2017-12-30,189.0,False,82.03,False,92.12,False
Ahmedabad,2017-12-31,208.0,False,84.43,False,74.68,False
Ahmedabad,2018-01-01,186.0,False,84.46,False,87.62,False
Ahmedabad,2018-01-02,211.0,False,76.51,False,76.69,False
Ahmedabad,2018-01-03,167.0,False,63.88,False,69.32,False
Ahmedabad,2018-01-04,153.0,False,81.1,False,109.07,False
Ahmedabad,2018-01-05,173.0,False,73.61,False,173.08,False
Ahmedabad,2018-01-06,137.0,False,75.79,False,146.8,False
Ahmedabad,2018-01-07,151.0,False,77.87,False,137.62,False
Ahmedabad,2018-01-08,176.0,False,77.72,False,135.66,False
Ahmedabad,2018-01-09,128.0,False,66.89,False,92.57,False
Ahmedabad,2018-01-10,127.0,False,74.57,False,133.53,False
Ahmedabad,2018-01-11,169.0,False,89.1,False,137.16,False
Ahmedabad,2018-01-12,262.0,False,110.34,False,150.93,False
Ahmedabad,2018-01-13,193.0,False,82.53,False,150.48,False
Ahmedabad,2018-01-14,201.0,False,108.01,False,132.63,False
Ahmedabad,2018-01-15,262.0,False,92.94,False,114.26,False
Ahmedabad,2018-01-16,204.0,False,87.3,False,163.43,False
Ahmedabad,2018-01-17,210.0,False,89.06,False,132.69,False
Ahmedabad,2018-01-18,130.0,False,51.61,False,127.3,False
Ahmedabad,2018-01-19,128.0,False,91.13,False,169.17,False
Ahmedabad,2018-01-20,195.5,True,88.69,False,164.88,False
Ahmedabad,2018-01-21,263.0,False,108.92,False,273.39,False
Ahmedabad,2018-01-22,206.0,False,89.63,False,141.29,False
Ahmedabad,2018-01-23,147.0,False,55.27,False,86.96,False
Ahmedabad,2018-01-24,173.0,False,97.88,False,123.1,False
Ahmedabad,2018-01-25,294.0,False,128.56,False,160.65,False
Ahmedabad,2018-01-26,273.0,False,103.63,False,173.52,False
Ahmedabad,2018-01-27,228.0,False,102.16,False,145.55,False
Ahmedabad,2018-01-28,203.0,False,89.53,False,122.51,False
Ahmedabad,2018-01-29,245.0,False,101.92,False,189.67,False
Ahmedabad,2018-01-30,259.0,False,117.99,False,203.41,False
Ahmedabad,2018-01-31,267.0,False,115.79,False,166.11,False
Ahmedabad,2018-02-01,347.0,False,189.12,False,178.13,False
Ahmedabad,2018-02-02,255.0,False,88.37,False,155.73,False
Ahmedabad,2018-02-03,204.0,False,96.64,False,201.59,False
Ahmedabad,2018-02-04,227.0,False,98.0,False,201.17,False
Ahmedabad,2018-02-05,221.0,False,93.31,False,186.16,False
Ahmedabad,2018-02-06,216.0,False,104.89,False,153.96,False
Ahmedabad,2018-02-07,281.0,False,109.34,False,156.18,False
Ahmedabad,2018-02-08,180.0,False,70.25,False,140.78,False
Ahmedabad,2018-02-09,194.0,False,103.17,False,173.67,False
Ahmedabad,2018-02-10,331.0,False,185.77,False,172.84,False
Ahmedabad,2018-02-11,261.0,False,84.48,False,99.65,False
Ahmedabad,2018-02-12,203.0,False,89.41,False,130.93,False
Ahmedabad,2018-02-13,135.0,False,64.61,False,117.16,False
Ahmedabad,2018-02-14,107.0,False,65.35,False,104.31,False
Ahmedabad,2018-02-15,104.0,False,52.18,False,106.89,False
Ahmedabad,2018-02-16,145.0,False,75.13,False,176.38,False
Ahmedabad,2018-02-17,165.0,False,83.65,False,180.34,False
Ahmedabad,2018-02-18,293.0,False,220.49,False,177.19,False
Ahmedabad,2018-02-19,393.0,False,242.66,False,199.17,False
Ahmedabad,2018-02-20,350.0,False,114.78,False,159.18,False
Ahmedabad,2018-02-21,226.0,False,92.92,False,164.78,False
Ahmedabad,2018-02-22,203.0,False,91.66,False,135.71,False
Ahmedabad,2018-02-23,243.0,False,138.4,False,141.97,False
Ahmedabad,2018-02-24,199.0,True,88.61,True,133.66,True
Ahmedabad,2018-02-25,155.0,True,38.82,False,125.35,False
Ahmedabad,2018-02-26,111.0,False,49.18,False,135.69,False
Ahmedabad,2018-02-27,120.0,False,56.42,False,152.62,False
Ahmedabad,2018-02-28,148.0,False,60.36,False,177.23,False
Ahmedabad,2018-03-01,123.0,False,54.45,False,116.22,False
Ahmedabad,2018-03-02,130.0,False,53.5,False,105.31,False
Ahmedabad,2018-03-03,124.0,False,41.64,False,104.44,False
Ahmedabad,2018-03-04,93.0,False,32.36,False,78.27,False
Ahmedabad,2018-03-05,101.0,False,29.98,False,114.5,False
Ahmedabad,2018-03-06,110.0,False,33.3,False,128.12,False
Ahmedabad,2018-03-07,124.0,False,56.51,False,121.56,False
Ahmedabad,2018-03-08,156.0,False,88.85,False,147.44,False
Ahmedabad,2018-03-09,261.0,False,111.68,False,119.71,False
Ahmedabad,2018-03-10,298.0,False,114.06,False,131.09,False
Ahmedabad,2018-03-11,290.0,False,116.93,False,118.96,False
Ahmedabad,2018-03-12,199.0,False,84.19,False,136.64,False
Ahmedabad,2018-03-13,216.0,False,98.53,False,101.27,False
Ahmedabad,2018-03-14,188.0,False,84.16,False,91.61,False
Ahmedabad,2018-03-15,180.0,False,71.82,False,77.57,False
Ahmedabad,2018-03-16,154.0,False,80.51,False,83.56,False
Ahmedabad,2018-03-17,256.0,False,133.48,False,112.13,False
Ahmedabad,2018-03-18,298.0,False,116.54,False,140.86,False
Ahmedabad,2018-03-19,191.0,False,98.49,False,87.62,False
Ahmedabad,2018-03-20,316.0,False,160.68,False,97.06,False
Ahmedabad,2018-03-21,293.0,False,102.05,False,81.15,False
Ahmedabad,2018-03-22,281.0,False,100.33,False,92.44,False
Ahmedabad,2018-03-23,215.0,False,99.73,False,152.23,False
Ahmedabad,2018-03-24,234.0,False,104.22,False,142.95,False
Ahmedabad,2018-03-25,284.0,False,109.8,False,132.61,False
Ahmedabad,2018-03-26,245.0,False,124.44,False,147.48,False
Ahmedabad,2018-03-27,337.0,False,180.27,False,156.21,False
Ahmedabad,2018-03-28,330.0,False,138.6,False,93.81,False
Ahmedabad,2018-03-29,308.0,False,139.21,False,148.06,False
Ahmedabad,2018-03-30,339.0,False,154.09,False,101.12,False
Ahmedabad,2018-03-31,308.0,False,121.0,False,93.59,False
Ahmedabad,2018-04-01,206.0,False,80.56,False,126.32,False
Ahmedabad,2018-04-02,227.0,False,103.75,False,98.54,False
Ahmedabad,2018-04-03,187.0,False,75.68,False,70.57,False
Ahmedabad,2018-04-04,113.0,False,62.83,False,68.69,False
Ahmedabad,2018-04-05,176.0,False,104.23,False,69.08,False
Ahmedabad,2018-04-06,252.0,False,91.04,False,64.6,False
Ahmedabad,2018-04-07,184.0,False,90.13,False,81.38,False
Ahmedabad,2018-04-08,309.0,False,160.43,False,65.53,False
Ahmedabad,2018-04-09,277.0,False,94.55,False,58.27,False
Ahmedabad,2018-04-10,272.0,False,124.59,False,67.31,False
Ahmedabad,2018-04-11,241.0,False,92.5,False,61.82,False
Ahmedabad,2018-04-12,192.0,False,86.29,False,60.84,False
Ahmedabad,2018-04-13,226.0,False,104.21,False,72.51,False
Ahmedabad,2018-04-14,200.0,False,88.5,False,60.36,False
Ahmedabad,2018-04-15,214.0,False,84.47,False,61.41,False
Ahmedabad,2018-04-16,163.0,False,73.54,False,62.95,False
Ahmedabad,2018-04-17,99.0,False,53.89,False,58.22,False
Ahmedabad,2018-04-18,100.0,False,60.08,False,47.34,False
Ahmedabad,2018-04-19,99.0,False,53.13,False,44.61,False
Ahmedabad,2018-04-20,115.0,False,71.3,False,35.8,False
Ahmedabad,2018-04-21,107.0,False,37.9,False,31.24,False
Ahmedabad,2018-04-22,128.0,False,78.18,False,71.56,False
Ahmedabad,2018-04-23,126.0,False,56.35,False,86.03,False
Ahmedabad,2018-04-24,137.0,False,59.66,False,77.68,False
Ahmedabad,2018-04-25,193.0,False,114.6,False,36.29,False
Ahmedabad,2018-04-26,223.0,False,74.48,False,51.25,False
Ahmedabad,2018-04-27,150.0,False,81.11,False,48.95,False
Ahmedabad,2018-04-28,195.0,False,100.39,False,42.83,False
Ahmedabad,2018-04-29,149.0,False,39.97,False,32.39,False
Ahmedabad,2018-04-30,76.0,False,53.61,False,37.01,False
Ahmedabad,2018-05-01,110.0,False,63.06,False,28.22,False
Ahmedabad,2018-05-02,86.0,False,46.17,False,30.48,False
Ahmedabad,2018-05-03,102.0,False,61.24,False,35.33,False
Ahmedabad,2018-05-04,73.0,False,41.81,False,27.69,False
Ahmedabad,2018-05-05,81.0,False,55.09,False,33.93,False
Ahmedabad,2018-05-06,119.0,False,65.54,False,36.07,False
Ahmedabad,2018-05-07,92.0,False,41.04,False,28.36,False
Ahmedabad,2018-05-08,78.0,False,49.71,False,28.6,False
Ahmedabad,2018-05-09,87.0,False,44.75,False,28.9,False
Ahmedabad,2018-05-10,83.0,False,45.84,False,29.72,False
Ahmedabad,2018-05-11,115.0,False,76.36,False,33.82,False
Ahmedabad,2018-05-12,122.0,False,44.79,False,32.12,False
Ahmedabad,2018-05-13,97.0,False,50.16,False,28.17,False
Ahmedabad,2018-05-14,102.0,False,49.07,False,30.74,False
Ahmedabad,2018-05-15,82.0,False,46.06,False,27.6,False
Ahmedabad,2018-05-16,86.0,False,52.82,False,28.48,False
Ahmedabad,2018-05-17,94.0,False,53.39,False,30.28,False
Ahmedabad,2018-05-18,94.0,False,59.44,False,31.77,False
Ahmedabad,2018-05-19,124.0,False,71.01,False,38.17,False
Ahmedabad,2018-05-20,118.0,False,59.98,False,31.95,False
Ahmedabad,2018-05-21,96.0,False,50.7,False,33.44,False
Ahmedabad,2018-05-22,108.0,False,69.87,False,34.82,False
Ahmedabad,2018-05-23,140.0,False,61.53,False,42.53,False
Ahmedabad,2018-05-24,132.0,False,67.03,False,38.68,False
Ahmedabad,2018-05-25,87.0,False,43.37,False,35.01,False
Ahmedabad,2018-05-26,100.0,False,60.05,False,40.83,False
Ahmedabad,2018-05-27,110.0,False,56.93,False,30.45,False
Ahmedabad,2018-05-28,109.0,False,44.14,False,18.82,False
Ahmedabad,2018-05-29,88.0,False,69.0,False,7.32,False
Ahmedabad,2018-05-30,90.0,True,43.53,False,58.56,False
Ahmedabad,2018-05-31,92.0,True,16.63,False,73.8,False
Ahmedabad,2018-06-01,94.0,False,78.16,False,55.31,False
Ahmedabad,2018-06-02,173.0,False,83.27,False,50.38,False
Ahmedabad,2018-06-03,147.0,False,63.79,False,48.44,False
Ahmedabad,2018-06-04,89.0,False,50.27,False,46.15,False
Ahmedabad,2018-06-05,90.0,False,51.54,False,51.04,False
Ahmedabad,2018-06-06,90.0,False,54.35,False,50.45,False
Ahmedabad,2018-06-07,85.0,False,53.59,False,45.53,False
Ahmedabad,2018-06-08,94.0,False,55.77,False,45.87,False
Ahmedabad,2018-06-09,100.0,False,63.58,False,43.32,False
Ahmedabad,2018-06-10,153.0,False,103.08,False,59.19,False
Ahmedabad,2018-06-11,128.0,False,78.25,False,35.12,False
Ahmedabad,2018-06-12,189.0,False,77.84,False,31.88,False
Ahmedabad,2018-06-13,149.0,False,69.99,False,43.61,False
Ahmedabad,2018-06-14,139.0,False,78.7,False,42.9,False
Ahmedabad,2018-06-15,145.0,False,59.96,False,36.48,False
Ahmedabad,2018-06-16,90.0,False,48.27,False,36.24,False
Ahmedabad,2018-06-17,72.0,False,44.81,False,35.46,False
Ahmedabad,2018-06-18,93.0,False,55.21,False,35.74,False
Ahmedabad,2018-06-19,74.0,False,40.89,False,44.16,False
Ahmedabad,2018-06-20,66.0,False,41.59,False,49.96,False
Ahmedabad,2018-06-21,68.0,False,39.02,False,49.53,False
Ahmedabad,2018-06-22,65.0,False,33.5,False,49.55,False
Ahmedabad,2018-06-23,65.0,False,39.42,False,51.25,False
Ahmedabad,2018-06-24,74.0,False,46.84,False,54.72,False
Ahmedabad,2018-06-25,87.0,False,51.63,False,43.38,False
Ahmedabad,2018-06-26,67.0,False,38.12,False,45.66,False
Ahmedabad,2018-06-27,66.0,False,27.79,False,41.59,False
Ahmedabad,2018-06-28,61.0,False,36.27,False,45.79,False
Ahmedabad,2018-06-29,92.0,False,76.41,False,53.18,False
Ahmedabad,2018-06-30,160.0,False,62.72,False,50.49,False
Ahmedabad,2018-07-01,94.0,False,48.12,False,61.63,False
Ahmedabad,2018-07-02,68.0,False,36.8,False,53.33,False
Ahmedabad,2018-07-03,65.0,False,41.37,False,38.1,False
Ahmedabad,2018-07-04,304.0,False,302.08,False,28.1,False
Ahmedabad,2018-07-05,315.0,False,37.15,False,58.02,False
Ahmedabad,2018-07-06,79.0,False,59.76,False,57.8,False
Ahmedabad,2018-07-07,100.0,False,71.94,False,98.32,False
Ahmedabad,2018-07-08,139.0,False,47.95,False,151.73,False
Ahmedabad,2018-07-09,99.0,False,55.91,False,66.69,False
Ahmedabad,2018-07-10,104.0,False,72.06,False,59.1,False
Ahmedabad,2018-07-11,260.0,False,127.23,False,37.32,False
Ahmedabad,2018-07-12,315.0,False,127.37,False,40.59,False
Ahmedabad,2018-07-13,121.0,False,36.42,False,49.52,False
Ahmedabad,2018-07-14,76.0,False,40.97,False,113.8,False
Ahmedabad,2018-07-15,87.0,False,33.38,False,62.15,False
Ahmedabad,2018-07-16,81.0,False,33.51,False,40.85,False
Ahmedabad,2018-07-17,65.0,False,29.56,False,74.11,False
Ahmedabad,2018-07-18,72.0,False,21.89,False,63.9,False
Ahmedabad,2018-07-19,67.0,False,44.87,False,68.29,False
Ahmedabad,2018-07-20,66.0,False,33.16,False,54.23,False
Ahmedabad,2018-07-21,65.0,False,45.25,False,61.65,False
Ahmedabad,2018-07-22,79.0,False,48.95,False,63.01,False
Ahmedabad,2018-07-23,80.0,False,42.89,False,51.28,False
Ahmedabad,2018-07-24,74.0,False,48.36,False,57.71,False
Ahmedabad,2018-07-25,83.0,False,51.7,False,54.05,False
Ahmedabad,2018-07-26,82.0,False,43.18,False,51.27,False
Ahmedabad,2018-07-27,63.0,False,35.8,False,48.89,False
Ahmedabad,2018-07-28,61.0,False,37.76,False,45.39,False
Ahmedabad,2018-07-29,65.0,False,38.1,False,47.92,False
Ahmedabad,2018-07-30,63.0,False,39.43,False,47.83,False
Ahmedabad,2018-07-31,74.0,False,51.78,False,45.29,False
Ahmedabad,2018-08-01,100.0,False,63.4,False,48.24,False
Ahmedabad,2018-08-02,118.0,False,58.21,False,49.85,False
Ahmedabad,2018-08-03,111.0,False,47.83,False,49.36,False
Ahmedabad,2018-08-04,103.0,False,53.64,False,52.64,False
Ahmedabad,2018-08-05,99.0,False,48.18,False,51.41,False
Ahmedabad,2018-08-06,79.0,False,56.75,False,59.07,False
Ahmedabad,2018-08-07,109.0,False,41.21,False,38.73,False
Ahmedabad,2018-08-08,77.0,False,37.33,False,47.75,False
Ahmedabad,2018-08-09,67.0,False,28.74,False,45.61,False
Ahmedabad,2018-08-10,85.0,False,34.05,False,46.79,False
Ahmedabad,2018-08-11,56.0,False,28.94,False,53.02,False
Ahmedabad,2018-08-12,51.0,False,25.06,False,54.71,False
Ahmedabad,2018-08-13,60.0,False,32.05,False,48.62,False
Ahmedabad,2018-08-14,66.0,False,44.02,False,54.33,False
Ahmedabad,2018-08-15,74.0,False,48.73,False,47.11,False
Ahmedabad,2018-08-16,78.0,False,43.54,False,39.05,False
Ahmedabad,2018-08-17,63.0,False,28.66,False,55.15,False
Ahmedabad,2018-08-18,84.0,False,31.01,False,63.76,False
Ahmedabad,2018-08-19,122.0,False,33.95,False,67.31,False
Ahmedabad,2018-08-20,67.0,False,33.7,False,59.07,False
Ahmedabad,2018-08-21,85.0,False,48.21,False,66.43,False
Ahmedabad,2018-08-22,118.0,False,40.66,False,61.16,False
Ahmedabad,2018-08-23,114.0,False,38.65,False,60.26,False
Ahmedabad,2018-08-24,72.0,False,49.47,False,63.28,False
Ahmedabad,2018-08-25,104.0,False,33.2,False,56.35,False
Ahmedabad,2018-08-26,100.0,False,34.52,False,51.26,False
Ahmedabad,2018-08-27,63.0,False,44.57,False,57.85,False
Ahmedabad,2018-08-28,94.0,False,58.92,False,67.8,False
Ahmedabad,2018-08-29,91.0,False,51.03,False,63.05,False
Ahmedabad,2018-08-30,79.0,False,45.77,False,54.56,False
Ahmedabad,2018-08-31,75.0,False,38.22,False,60.3,False
Ahmedabad,2018-09-01,89.0,False,34.44,False,58.49,False
Ahmedabad,2018-09-02,105.0,False,28.8,False,49.07,False
Ahmedabad,2018-09-03,96.0,True,71.82,True,67.4,True
Ahmedabad,2018-09-04,87.0,True,114.85,False,85.74,False
Ahmedabad,2018-09-05,78.0,True,20.8,False,70.32,False
Ahmedabad,2018-09-06,69.0,False,22.14,False,68.25,False
Ahmedabad,2018-09-07,73.0,False,19.66,False,65.16,False
Ahmedabad,2018-09-08,69.0,False,22.3,False,74.87,False
Ahmedabad,2018-09-09,98.0,False,22.33,False,74.32,False
Ahmedabad,2018-09-10,113.0,False,18.54,False,58.57,False
Ahmedabad,2018-09-11,99.0,False,17.91,False,57.3,False
Ahmedabad,2018-09-12,75.0,False,16.28,False,57.19,False
Ahmedabad,2018-09-13,80.0,False,21.06,False,53.85,False
Ahmedabad,2018-09-14,77.0,False,20.82,False,53.22,False
Ahmedabad,2018-09-15,74.0,False,18.18,False,62.81,False
Ahmedabad,2018-09-16,87.0,False,21.41,False,75.42,False
Ahmedabad,2018-09-17,95.0,False,24.51,False,82.95,False
Ahmedabad,2018-09-18,84.0,False,28.15,False,88.14,False
Ahmedabad,2018-09-19,90.0,False,23.65,False,74.6,False
Ahmedabad,2018-09-20,74.0,False,25.32,False,85.39,False
Ahmedabad,2018-09-21,93.0,False,25.87,False,100.26,False
Ahmedabad,2018-09-22,100.0,False,22.62,False,121.4,False
Ahmedabad,2018-09-23,76.0,False,21.12,False,66.12,False
Ahmedabad,2018-09-24,59.0,False,21.79,False,63.21,False
Ahmedabad,2018-09-25,68.0,False,18.87,False,85.35,False
Ahmedabad,2018-09-26,88.0,False,22.11,False,100.39,False
Ahmedabad,2018-09-27,131.0,False,24.07,False,133.0,False
Ahmedabad,2018-09-28,140.0,False,25.9,False,165.62,False
Ahmedabad,2018-09-29,160.0,False,29.8,False,169.17,False
Ahmedabad,2018-09-30,139.0,False,29.37,False,163.3,False
Ahmedabad,2018-10-01,164.0,False,33.95,False,191.14,False
Ahmedabad,2018-10-02,148.0,False,31.13,False,177.13,False
Ahmedabad,2018-10-03,129.0,False,58.28,False,127.95,False
Ahmedabad,2018-10-04,141.0,False,63.92,False,102.78,False
Ahmedabad,2018-10-05,138.0,False,73.89,False,53.74,False
Ahmedabad,2018-10-06,165.0,False,79.37,False,62.42,False
Ahmedabad,2018-10-07,201.0,False,78.64,False,68.8,False
Ahmedabad,2018-10-08,250.0,False,122.92,False,94.67,False
Ahmedabad,2018-10-09,312.0,False,160.05,False,115.92,False
Ahmedabad,2018-10-10,311.0,False,113.9,False,68.38,False
Ahmedabad,2018-10-11,303.0,False,126.66,False,112.69,False
Ahmedabad,2018-10-12,282.0,False,116.02,False,98.22,False
Ahmedabad,2018-10-13,252.0,False,96.65,False,110.33,False
Ahmedabad,2018-10-14,241.0,False,110.05,False,114.23,False
Ahmedabad,2018-10-15,268.0,False,109.84,False,104.87,False
Ahmedabad,2018-10-16,293.0,False,140.06,False,146.82,False
Ahmedabad,2018-10-17,298.0,False,109.11,False,118.85,False
Ahmedabad,2018-10-18,276.0,False,107.26,False,94.48,False
Ahmedabad,2018-10-19,255.0,False,105.87,False,90.33,False
Ahmedabad,2018-10-20,236.0,False,101.86,False,105.96,False
Ahmedabad,2018-10-21,251.0,False,96.15,False,80.49,False
Ahmedabad,2018-10-22,169.0,False,88.58,False,85.92,False
Ahmedabad,2018-10-23,297.0,False,129.98,False,97.96,False
Ahmedabad,2018-10-24,261.0,False,103.71,False,111.67,False
Ahmedabad,2018-10-25,271.0,False,121.11,False,137.41,False
Ahmedabad,2018-10-26,219.0,False,82.49,False,80.4,False
Ahmedabad,2018-10-27,161.0,False,72.93,False,78.54,False
Ahmedabad,2018-10-28,215.0,False,94.08,False,50.69,False
Ahmedabad,2018-10-29,186.0,False,82.88,False,73.74,False
Ahmedabad,2018-10-30,186.0,False,88.69,False,70.9,False
Ahmedabad,2018-10-31,183.0,False,82.52,False,69.94,False
Ahmedabad,2018-11-01,155.0,False,72.11,False,85.77,False
Ahmedabad,2018-11-02,166.0,False,78.48,False,110.63,False
Ahmedabad,2018-11-03,202.0,False,103.22,False,102.84,False
Ahmedabad,2018-11-04,234.0,False,70.39,False,55.52,False
Ahmedabad,2018-11-05,196.0,False,107.9,False,109.59,False
Ahmedabad,2018-11-06,293.0,False,117.08,False,106.21,False
Ahmedabad,2018-11-07,290.0,False,162.18,False,94.35,False
Ahmedabad,2018-11-08,373.0,False,205.21,False,100.87,False
Ahmedabad,2018-11-09,367.0,False,165.37,False,95.3,False
Ahmedabad,2018-11-10,220.0,False,110.7,False,107.13,False
Ahmedabad,2018-11-11,323.0,False,143.72,False,102.87,False
Ahmedabad,2018-11-12,207.0,False,91.56,False,118.89,False
Ahmedabad,2018-11-13,302.0,False,133.13,False,155.59,False
Ahmedabad,2018-11-14,308.0,False,143.52,False,138.89,False
Ahmedabad,2018-11-15,259.0,False,83.28,False,97.9,False
Ahmedabad,2018-11-16,154.0,False,75.58,False,68.01,False
Ahmedabad,2018-11-17,204.0,False,93.73,False,84.54,False
Ahmedabad,2018-11-18,299.0,False,127.46,False,77.65,False
Ahmedabad,2018-11-19,239.0,False,98.6,False,86.74,False
Ahmedabad,2018-11-20,193.0,False,84.71,False,83.28,False
Ahmedabad,2018-11-21,197.0,False,86.52,False,66.59,False
Ahmedabad,2018-11-22,205.0,False,90.1,False,87.75,False
Ahmedabad,2018-11-23,134.0,False,68.52,False,72.83,False
Ahmedabad,2018-11-24,216.0,False,86.43,False,82.76,False
Ahmedabad,2018-11-25,133.0,False,70.51,False,98.98,False
Ahmedabad,2018-11-26,153.0,False,78.48,False,84.74,False
Ahmedabad,2018-11-27,141.0,False,63.75,False,77.73,False
Ahmedabad,2018-11-28,120.0,False,68.3,False,73.99,False
Ahmedabad,2018-11-29,175.0,False,91.23,False,65.66,False
Ahmedabad,2018-11-30,221.0,False,92.74,False,80.7,False
Ahmedabad,2018-12-01,211.0,False,96.58,False,80.15,False
Ahmedabad,2018-12-02,216.0,False,91.37,False,91.43,False
Ahmedabad,2018-12-03,189.0,False,88.02,False,83.26,False
Ahmedabad,2018-12-04,210.0,False,96.82,False,78.81,False
Ahmedabad,2018-12-05,229.0,False,96.89,False,92.83,False
Ahmedabad,2018-12-06,257.0,False,109.2,False,104.9,False
Ahmedabad,2018-12-07,216.0,False,94.95,False,96.97,False
Ahmedabad,2018-12-08,201.0,False,75.42,False,75.02,False
Ahmedabad,2018-12-09,137.0,False,73.07,False,86.61,False
Ahmedabad,2018-12-10,190.0,False,98.25,False,110.07,False
Ahmedabad,2018-12-11,274.0,False,118.16,False,102.68,False
Ahmedabad,2018-12-12,271.0,False,95.4,False,78.91,False
Ahmedabad,2018-12-13,144.0,False,70.04,False,78.1,False
Ahmedabad,2018-12-14,106.0,False,56.71,False,60.4,False
Ahmedabad,2018-12-15,97.0,False,59.4,False,47.87,False
Ahmedabad,2018-12-16,96.0,False,54.75,False,43.7,False
Ahmedabad,2018-12-17,94.0,False,62.18,False,55.29,False
Ahmedabad,2018-12-18,255.0,False,238.42,False,73.22,False
Ahmedabad,2018-12-19,358.0,False,125.16,False,96.16,False
Ahmedabad,2018-12-20,303.0,False,106.45,False,78.1,False
Ahmedabad,2018-12-21,238.0,False,92.45,False,85.56,False
Ahmedabad,2018-12-22,216.0,False,111.75,False,90.59,False
Ahmedabad,2018-12-23,301.0,False,106.19,False,89.03,False
Ahmedabad,2018-12-24,153.0,False,72.1,False,94.32,False
Ahmedabad,2018-12-25,142.0,False,79.15,False,92.85,False
Ahmedabad,2018-12-26,208.0,False,94.8,False,79.56,False
Ahmedabad,2018-12-27,185.0,False,80.14,False,71.98,False
Ahmedabad,2018-12-28,222.0,False,89.14,False,81.71,False
Ahmedabad,2018-12-29,113.0,False,68.29,False,82.74,False
Ahmedabad,2018-12-30,128.0,False,67.75,False,81.78,False
Ahmedabad,2018-12-31,137.0,False,80.54,False,77.0,False
Ahmedabad,2019-01-01,250.0,False,110.71,False,111.56,False
Ahmedabad,2019-01-02,311.0,False,147.57,False,107.46,False
Ahmedabad,2019-01-03,317.0,False,131.5,False,75.82,False
Ahmedabad,2019-01-04,255.0,False,102.12,False,95.29,False
Ahmedabad,2019-01-05,266.0,False,115.0,False,111.04,False
Ahmedabad,2019-01-06,255.0,False,84.84,False,72.85,False
Ahmedabad,2019-01-07,117.0,False,74.62,False,73.22,False
Ahmedabad,2019-01-08,191.0,False,89.72,False,80.78,False
Ahmedabad,2019-01-09,185.0,False,84.03,False,90.66,False
Ahmedabad,2019-01-10,187.0,False,82.79,False,79.69,False
Ahmedabad,2019-01-11,171.0,False,76.38,False,82.76,False
Ahmedabad,2019-01-12,130.0,False,66.01,False,73.79,False
Ahmedabad,2019-01-13,245.0,False,116.42,False,82.77,False
Ahmedabad,2019-01-14,174.0,False,75.49,False,61.8,False
Ahmedabad,2019-01-15,141.0,False,66.97,False,37.35,False
Ahmedabad,2019-01-16,116.0,False,161.09,False,116.48,False
Ahmedabad,2019-01-17,316.0,False,124.45,False,97.63,False
Ahmedabad,2019-01-18,264.0,False,95.15,False,95.6,False
Ahmedabad,2019-01-19,157.0,False,73.58,False,80.71,False
Ahmedabad,2019-01-20,184.0,False,86.32,False,104.79,False
Ahmedabad,2019-01-21,288.0,False,149.26,False,85.92,False
Ahmedabad,2019-01-22,233.0,False,70.06,False,55.69,False
Ahmedabad,2019-01-23,167.0,False,86.59,False,82.87,False
Ahmedabad,2019-01-24,155.0,False,74.12,False,81.45,False
Ahmedabad,2019-01-25,113.0,False,52.92,False,63.81,False
Ahmedabad,2019-01-26,82.0,False,47.26,False,64.71,False
Ahmedabad,2019-01-27,86.0,False,52.79,False,59.21,False
Ahmedabad,2019-01-28,97.0,False,63.68,False,67.41,False
Ahmedabad,2019-01-29,130.0,False,73.37,False,77.92,False
Ahmedabad,2019-01-30,119.0,False,55.24,False,83.79,False
Ahmedabad,2019-01-31,139.0,False,83.1,False,110.77,False
Ahmedabad,2019-02-01,181.0,False,76.87,False,77.35,False
Ahmedabad,2019-02-02,107.0,False,47.01,False,66.95,False
Ahmedabad,2019-02-03,102.0,False,54.77,False,77.02,False
Ahmedabad,2019-02-04,169.0,False,103.13,False,80.34,False
Ahmedabad,2019-02-05,307.0,False,117.59,False,116.34,False
Ahmedabad,2019-02-06,133.0,False,50.15,False,67.96,False
Ahmedabad,2019-02-07,136.0,False,94.1,False,44.91,False
Ahmedabad,2019-02-08,273.0,False,105.03,False,56.09,False
Ahmedabad,2019-02-09,148.0,False,46.5,False,79.42,False
Ahmedabad,2019-02-10,92.0,False,41.76,False,77.13,False
Ahmedabad,2019-02-11,97.0,False,46.91,False,86.07,False
Ahmedabad,2019-02-12,111.0,False,59.98,False,76.66,False
Ahmedabad,2019-02-13,173.0,False,82.79,False,86.15,False
Ahmedabad,2019-02-14,153.0,False,62.6,False,65.12,False
Ahmedabad,2019-02-15,138.0,False,72.53,False,102.5,False
Ahmedabad,2019-02-16,115.0,False,44.69,False,75.36,False
Ahmedabad,2019-02-17,118.0,False,54.18,False,83.9,False
Ahmedabad,2019-02-18,140.0,False,81.84,False,104.86,False
Ahmedabad,2019-02-19,132.0,False,46.48,False,60.72,False
Ahmedabad,2019-02-20,100.0,False,62.32,False,83.57,False
Ahmedabad,2019-02-21,86.0,False,37.26,False,37.95,False
Ahmedabad,2019-02-22,57.0,False,37.96,False,48.69,False
Ahmedabad,2019-02-23,79.0,False,34.1,False,67.07,False
Ahmedabad,2019-02-24,96.0,False,64.5,False,77.32,False
Ahmedabad,2019-02-25,119.0,False,50.97,False,49.52,False
Ahmedabad,2019-02-26,92.0,False,64.44,False,45.6,False
Ahmedabad,2019-02-27,109.0,False,51.5,False,52.88,False
Ahmedabad,2019-02-28,88.0,False,33.38,False,73.92,False
Ahmedabad,2019-03-01,89.0,False,42.11,False,84.67,False
Ahmedabad,2019-03-02,119.0,False,46.35,False,69.51,False
Ahmedabad,2019-03-03,104.0,False,61.32,False,48.4,False
Ahmedabad,2019-03-04,95.0,False,48.84,False,42.96,False
Ahmedabad,2019-03-05,99.0,False,39.23,False,67.29,False
Ahmedabad,2019-03-06,104.0,False,45.37,False,72.21,False
Ahmedabad,2019-03-07,117.0,False,55.7,False,72.07,False
Ahmedabad,2019-03-08,94.0,False,54.11,False,54.45,False
Ahmedabad,2019-03-09,95.0,False,52.68,False,47.19,False
Ahmedabad,2019-03-10,118.0,False,44.12,False,79.99,False
Ahmedabad,2019-03-11,92.0,False,46.52,False,48.97,False
Ahmedabad,2019-03-12,106.0,False,57.06,False,100.8,False
Ahmedabad,2019-03-13,154.0,False,84.14,False,107.41,False
Ahmedabad,2019-03-14,121.0,False,52.24,False,61.88,False
Ahmedabad,2019-03-15,104.0,False,62.44,False,84.42,False
Ahmedabad,2019-03-16,137.0,False,66.97,False,91.72,False
Ahmedabad,2019-03-17,138.0,False,75.05,False,96.99,False
Ahmedabad,2019-03-18,129.0,False,60.5,False,104.48,False
Ahmedabad,2019-03-19,149.0,False,88.33,False,95.95,False
Ahmedabad,2019-03-20,201.0,False,78.11,False,60.29,False
Ahmedabad,2019-03-21,134.0,False,62.04,False,60.52,False
Ahmedabad,2019-03-22,131.0,False,73.98,False,64.62,False
Ahmedabad,2019-03-23,128.0,False,75.84,False,95.28,False
Ahmedabad,2019-03-24,224.0,False,92.21,False,69.96,False
Ahmedabad,2019-03-25,125.0,False,64.71,False,81.65,False
Ahmedabad,2019-03-26,121.0,False,67.44,False,86.7,False
Ahmedabad,2019-03-27,135.0,False,69.51,False,85.74,False
Ahmedabad,2019-03-28,234.0,False,112.44,False,88.16,False
Ahmedabad,2019-03-29,299.0,False,133.21,False,62.67,False
Ahmedabad,2019-03-30,279.0,False,89.74,False,68.97,False
Ahmedabad,2019-03-31,154.0,False,74.35,False,58.93,False
Ahmedabad,2019-04-01,190.0,False,96.96,False,88.34,False
Ahmedabad,2019-04-02,287.0,False,122.78,False,99.37,False
Ahmedabad,2019-04-03,261.0,False,109.21,False,90.25,False
Ahmedabad,2019-04-04,255.0,False,94.41,False,84.32,False
Ahmedabad,2019-04-05,214.0,False,97.92,False,75.36,False
Ahmedabad,2019-04-06,206.0,False,97.68,False,72.48,False
Ahmedabad,2019-04-07,238.0,False,99.9,False,56.89,False
Ahmedabad,2019-04-08,184.0,False,78.55,False,69.17,False
Ahmedabad,2019-04-09,160.0,False,73.58,False,63.23,False
Ahmedabad,2019-04-10,119.0,False,64.02,False,40.04,False
Ahmedabad,2019-04-11,147.0,False,81.22,False,44.75,False
Ahmedabad,2019-04-12,186.0,False,75.74,False,67.43,False
Ahmedabad,2019-04-13,112.0,False,70.14,False,68.1,False
Ahmedabad,2019-04-14,143.0,False,67.2,False,57.38,False
Ahmedabad,2019-04-15,292.0,False,225.49,False,62.65,False
Ahmedabad,2019-04-16,371.0,False,182.46,False,59.22,False
Ahmedabad,2019-04-17,268.0,False,95.69,False,60.62,False
Ahmedabad,2019-04-18,238.0,False,93.12,False,72.4,False
Ahmedabad,2019-04-19,150.0,False,64.3,False,95.27,False
Ahmedabad,2019-04-20,158.0,False,81.71,False,128.87,False
Ahmedabad,2019-04-21,186.0,False,66.39,False,77.36,False
Ahmedabad,2019-04-22,150.0,False,92.59,False,92.43,False
Ahmedabad,2019-04-23,226.0,False,84.47,False,85.23,False
Ahmedabad,2019-04-24,153.0,False,76.98,False,43.57,False
Ahmedabad,2019-04-25,167.75,True,79.64,True,50.18,True
Ahmedabad,2019-04-26,182.5,True,82.29,True,56.8,True
Ahmedabad,2019-04-27,197.25,True,84.95,False,63.41,False
Ahmedabad,2019-04-28,212.0,False,91.99,False,46.84,False
Ahmedabad,2019-04-29,222.0,False,110.7,False,49.22,False
Ahmedabad,2019-04-30,255.0,False,132.76,False,65.49,False
Ahmedabad,2019-05-01,301.0,False,113.47,False,70.08,False
Ahmedabad,2019-05-02,270.0,False,101.68,False,76.61,False
Ahmedabad,2019-05-03,200.0,False,86.07,False,62.42,False
Ahmedabad,2019-05-04,163.0,False,72.58,False,54.32,False
Ahmedabad,2019-05-05,158.0,False,81.79,False,58.23,False
Ahmedabad,2019-05-06,146.0,False,72.54,False,74.87,False
Ahmedabad,2019-05-07,121.0,False,58.71,False,70.34,False
Ahmedabad,2019-05-08,144.0,False,72.51,False,57.84,False
Ahmedabad,2019-05-09,99.0,False,43.83,False,43.77,False
Ahmedabad,2019-05-10,101.83,True,15.52,False,61.06,True
Ahmedabad,2019-05-11,104.67,True,23.15,True,78.35,True
Ahmedabad,2019-05-12,107.5,True,30.78,True,95.65,True
Ahmedabad,2019-05-13,110.33,True,38.41,True,112.94,True
Ahmedabad,2019-05-14,113.17,True,46.04,False,130.23,False
Ahmedabad,2019-05-15,116.0,False,37.55,False,85.12,False
Ahmedabad,2019-05-16,113.0,False,33.97,False,79.71,False
Ahmedabad,2019-05-17,115.0,False,35.48,False,77.61,False
Ahmedabad,2019-05-18,119.0,False,34.11,False,75.23,False
Ahmedabad,2019-05-19,124.0,False,33.69,False,68.9,False
Ahmedabad,2019-05-20,115.0,False,42.31,False,81.84,False
Ahmedabad,2019-05-21,106.0,False,24.6,False,81.24,False
Ahmedabad,2019-05-22,103.0,False,27.93,False,76.75,False
Ahmedabad,2019-05-23,113.0,False,41.39,False,89.1,False
Ahmedabad,2019-05-24,128.0,False,46.79,False,93.27,False
Ahmedabad,2019-05-25,137.0,False,51.63,False,89.18,False
Ahmedabad,2019-05-26,146.0,False,63.15,False,100.08,False
Ahmedabad,2019-05-27,145.0,False,57.47,False,112.68,False
Ahmedabad,2019-05-28,143.0,False,50.27,False,103.05,False
Ahmedabad,2019-05-29,128.0,False,42.02,False,71.51,False
Ahmedabad,2019-05-30,132.0,False,48.74,False,91.02,False
Ahmedabad,2019-05-31,128.0,False,46.51,False,85.37,False
Ahmedabad,2019-06-01,128.0,False,48.1,False,70.71,False
Ahmedabad,2019-06-02,120.0,False,41.38,False,70.35,False
Ahmedabad,2019-06-03,157.0,False,46.46,False,74.31,False
Ahmedabad,2019-06-04,193.0,False,39.68,False,77.12,False
Ahmedabad,2019-06-05,189.0,False,38.27,False,61.74,False
Ahmedabad,2019-06-06,165.0,False,35.06,False,68.94,False
Ahmedabad,2019-06-07,186.0,False,30.07,False,122.88,False
Ahmedabad,2019-06-08,199.0,False,48.74,False,154.42,False
Ahmedabad,2019-06-09,203.0,False,35.3,False,146.65,False
Ahmedabad,2019-06-10,200.0,False,34.31,False,127.02,False
Ahmedabad,2019-06-11,199.0,False,33.97,False,135.26,False
Ahmedabad,2019-06-12,170.0,False,41.08,False,140.5,False
Ahmedabad,2019-06-13,158.0,False,25.56,False,120.8,False
Ahmedabad,2019-06-14,131.0,False,26.75,False,112.66,False
Ahmedabad,2019-06-15,114.0,False,32.71,False,116.69,False
Ahmedabad,2019-06-16,106.0,False,32.79,False,103.69,False
Ahmedabad,2019-06-17,107.0,False,28.02,False,115.78,False
Ahmedabad,2019-06-18,102.0,False,26.92,False,130.64,False
Ahmedabad,2019-06-19,114.0,False,69.38,False,145.75,False
Ahmedabad,2019-06-20,154.0,False,42.08,False,155.72,False
Ahmedabad,2019-06-21,182.0,False,35.67,False,147.44,False
Ahmedabad,2019-06-22,185.0,False,63.09,False,163.54,False
Ahmedabad,2019-06-23,187.0,False,46.13,False,146.55,False
Ahmedabad,2019-06-24,225.0,False,57.49,False,277.31,False
Ahmedabad,2019-06-25,208.0,False,49.23,False,174.15,False
Ahmedabad,2019-06-26,161.0,False,70.03,False,213.58,False
Ahmedabad,2019-06-27,139.0,False,60.03,False,176.24,False
Ahmedabad,2019-06-28,148.0,False,49.43,False,164.64,False
Ahmedabad,2019-06-29,139.0,False,59.63,False,184.07,False
Ahmedabad,2019-06-30,140.0,False,53.13,False,107.86,False
Ahmedabad,2019-07-01,129.0,False,43.22,False,168.15,False
Ahmedabad,2019-07-02,144.0,False,44.75,False,119.51,False
Ahmedabad,2019-07-03,109.0,False,44.27,False,118.73,False
Ahmedabad,2019-07-04,130.0,False,47.77,False,144.03,False
Ahmedabad,2019-07-05,124.0,False,47.88,False,106.12,False
Ahmedabad,2019-07-06,129.0,False,47.71,False,171.04,False
Ahmedabad,2019-07-07,137.0,False,34.72,False,148.91,False
Ahmedabad,2019-07-08,125.0,False,37.99,False,113.12,False
Ahmedabad,2019-07-09,130.0,False,41.69,False,137.36,False
Ahmedabad,2019-07-10,131.0,False,45.31,False,157.22,False
Ahmedabad,2019-07-11,123.0,False,43.48,False,103.67,False
Ahmedabad,2019-07-12,113.0,False,41.97,False,107.17,False
Ahmedabad,2019-07-13,112.0,False,38.49,False,117.03,False
Ahmedabad,2019-07-14,110.0,False,41.7,False,102.72,False
Ahmedabad,2019-07-15,111.0,False,42.43,False,114.44,False
Ahmedabad,2019-07-16,116.0,False,38.99,False,103.79,False
Ahmedabad,2019-07-17,113.0,False,34.92,False,110.39,False
Ahmedabad,2019-07-18,114.0,False,32.7,False,103.72,False
Ahmedabad,2019-07-19,130.0,False,44.65,False,135.12,False
Ahmedabad,2019-07-20,157.0,False,51.63,False,156.06,False
Ahmedabad,2019-07-21,154.0,False,48.67,False,152.96,False
Ahmedabad,2019-07-22,201.0,False,37.73,False,115.28,False
Ahmedabad,2019-07-23,143.0,False,73.98,False,168.45,False
Ahmedabad,2019-07-24,140.0,False,52.55,False,99.11,False
Ahmedabad,2019-07-25,156.0,False,48.26,False,157.23,False
Ahmedabad,2019-07-26,116.0,False,46.8,False,32.44,False
Ahmedabad,2019-07-27,102.0,False,39.43,False,43.0,False
Ahmedabad,2019-07-28,101.0,False,47.55,False,30.99,False
Ahmedabad,2019-07-29,168.0,False,43.84,False,42.69,False
Ahmedabad,2019-07-30,83.0,False,41.45,False,30.62,False
Ahmedabad,2019-07-31,80.5,True,28.8,False,50.61,False
Ahmedabad,2019-08-01,78.0,False,47.31,False,23.06,False
Ahmedabad,2019-08-02,123.0,False,56.72,False,45.13,False
Ahmedabad,2019-08-03,119.0,False,45.43,False,30.0,False
Ahmedabad,2019-08-04,108.0,False,37.7,False,37.43,False
Ahmedabad,2019-08-05,116.0,False,43.43,False,33.44,False
Ahmedabad,2019-08-06,152.0,False,50.53,False,57.64,False
Ahmedabad,2019-08-07,155.0,False,60.09,False,30.12,False
Ahmedabad,2019-08-08,161.0,False,57.61,False,47.73,False
Ahmedabad,2019-08-09,150.0,False,44.1,False,72.53,False
Ahmedabad,2019-08-10,75.0,False,22.26,False,41.31,False
Ahmedabad,2019-08-11,73.0,False,37.97,False,39.57,False
Ahmedabad,2019-08-12,119.0,False,46.3,False,47.9,False
Ahmedabad,2019-08-13,147.0,False,41.77,False,49.65,False
Ahmedabad,2019-08-14,155.0,False,47.52,False,36.01,False
Ahmedabad,2019-08-15,142.0,False,50.55,False,52.84,False
Ahmedabad,2019-08-16,84.0,False,27.6,False,48.35,False
Ahmedabad,2019-08-17,102.0,False,41.4,False,41.39,False
Ahmedabad,2019-08-18,130.0,False,44.46,False,73.54,False
Ahmedabad,2019-08-19,130.0,False,39.88,False,60.79,False
Ahmedabad,2019-08-20,141.0,False,46.58,False,53.62,False
Ahmedabad,2019-08-21,153.0,False,36.44,False,60.1,False
Ahmedabad,2019-08-22,146.0,False,45.37,False,64.69,False
Ahmedabad,2019-08-23,165.0,False,47.67,False,53.56,False
Ahmedabad,2019-08-24,167.0,False,41.31,False,55.93,False
Ahmedabad,2019-08-25,147.0,False,30.82,False,57.44,False
Ahmedabad,2019-08-26,130.0,False,45.77,False,56.76,False
Ahmedabad,2019-08-27,139.0,False,58.51,False,36.67,False
Ahmedabad,2019-08-28,133.0,False,36.1,False,46.87,False
Ahmedabad,2019-08-29,80.0,False,38.5,False,47.69,False
Ahmedabad,2019-08-30,107.0,False,40.53,False,43.33,False
Ahmedabad,2019-08-31,110.0,False,37.05,False,48.51,False
Ahmedabad,2019-09-01,109.0,False,31.28,False,47.49,False
Ahmedabad,2019-09-02,89.0,False,25.64,False,52.47,False
Ahmedabad,2019-09-03,97.0,False,40.18,False,49.59,False
Ahmedabad,2019-09-04,156.0,False,39.16,False,62.06,False
Ahmedabad,2019-09-05,167.0,False,45.55,False,82.99,False
Ahmedabad,2019-09-06,173.0,False,55.43,False,81.63,False
Ahmedabad,2019-09-07,114.0,False,35.05,False,54.26,False
Ahmedabad,2019-09-08,116.0,False,33.15,False,48.34,False
Ahmedabad,2019-09-09,148.0,False,38.7,False,61.48,False
Ahmedabad,2019-09-10,83.0,False,45.2,False,72.02,False
Ahmedabad,2019-09-11,92.25,True,59.4,False,46.05,False
Ahmedabad,2019-09-12,101.5,True,61.92,True,39.61,False
Ahmedabad,2019-09-13,110.75,True,64.45,False,58.92,False
Ahmedabad,2019-09-14,120.0,False,59.96,False,69.61,False
Ahmedabad,2019-09-15,125.0,False,66.21,False,44.57,False
Ahmedabad,2019-09-16,101.0,False,38.0,False,53.2,False
Ahmedabad,2019-09-17,137.0,False,44.41,False,236.79,False
Ahmedabad,2019-09-18,136.0,False,50.66,False,94.87,False
Ahmedabad,2019-09-19,129.0,False,73.61,False,129.85,False
Ahmedabad,2019-09-20,104.0,False,27.17,False,61.34,False
Ahmedabad,2019-09-21,91.0,False,39.27,False,132.09,False
Ahmedabad,2019-09-22,119.0,False,45.4,False,128.45,False
Ahmedabad,2019-09-23,116.0,False,59.74,False,112.62,False
Ahmedabad,2019-09-24,129.0,False,58.49,False,124.86,False
Ahmedabad,2019-09-25,138.0,False,61.46,False,112.12,False
Ahmedabad,2019-09-26,97.0,False,39.34,False,96.73,False
Ahmedabad,2019-09-27,102.0,False,28.2,False,80.73,False
Ahmedabad,2019-09-28,101.0,False,30.18,False,99.02,False
Ahmedabad,2019-09-29,105.0,False,20.71,False,79.1,False
Ahmedabad,2019-09-30,109.0,False,21.94,False,65.04,False
Ahmedabad,2019-10-01,129.0,False,33.66,False,92.52,False
Ahmedabad,2019-10-02,115.0,False,51.11,False,118.26,False
Ahmedabad,2019-10-03,120.0,False,57.08,False,98.77,False
Ahmedabad,2019-10-04,119.0,False,49.88,False,101.3,False
Ahmedabad,2019-10-05,121.0,False,57.65,False,168.74,False
Ahmedabad,2019-10-06,188.0,False,68.62,False,132.77,False
Ahmedabad,2019-10-07,236.0,False,99.81,False,162.56,False
Ahmedabad,2019-10-08,191.0,False,73.52,False,171.17,False
Ahmedabad,2019-10-09,233.0,False,108.07,False,204.06,False
Ahmedabad,2019-10-10,301.0,False,117.13,False,199.03,False
Ahmedabad,2019-10-11,233.0,False,70.26,False,211.8,False
Ahmedabad,2019-10-12,221.0,False,109.48,False,245.62,False
Ahmedabad,2019-10-13,279.0,False,194.36,False,207.05,False
Ahmedabad,2019-10-14,275.5,True,98.5,False,221.25,False
Ahmedabad,2019-10-15,272.0,False,96.74,False,229.45,False
Ahmedabad,2019-10-16,234.0,False,90.7,False,219.01,False
Ahmedabad,2019-10-17,236.0,False,100.06,False,239.1,False
Ahmedabad,2019-10-18,266.0,False,109.01,False,217.53,False
Ahmedabad,2019-10-19,216.0,False,87.87,False,186.56,False
Ahmedabad,2019-10-20,212.0,False,89.05,False,159.1,False
Ahmedabad,2019-10-21,206.0,False,81.62,False,121.02,False
Ahmedabad,2019-10-22,251.0,False,84.9,False,108.85,False
Ahmedabad,2019-10-23,187.0,False,46.84,False,114.63,False
Ahmedabad,2019-10-24,210.0,False,53.59,False,152.09,False
Ahmedabad,2019-10-25,219.0,False,82.74,False,186.72,False
Ahmedabad,2019-10-26,248.0,False,62.7,False,86.91,False
Ahmedabad,2019-10-27,159.0,False,57.54,False,72.14,False
Ahmedabad,2019-10-28,159.0,False,75.12,False,68.64,False
Ahmedabad,2019-10-29,110.0,False,37.74,False,62.2,False
Ahmedabad,2019-10-30,86.0,False,20.1,False,74.41,False
Ahmedabad,2019-10-31,123.0,False,54.57,False,115.84,False
Ahmedabad,2019-11-01,128.0,False,63.17,False,112.58,False
Ahmedabad,2019-11-02,121.0,False,42.27,False,87.8,False
Ahmedabad,2019-11-03,118.0,False,33.68,False,115.67,False
Ahmedabad,2019-11-04,186.0,False,69.31,False,175.04,False
Ahmedabad,2019-11-05,181.0,False,84.29,False,203.26,False
Ahmedabad,2019-11-06,260.0,False,112.08,False,192.27,False
Ahmedabad,2019-11-07,186.0,False,56.86,False,156.28,False
Ahmedabad,2019-11-08,130.0,False,64.96,False,157.51,False
Ahmedabad,2019-11-09,118.0,False,48.99,False,163.7,False
Ahmedabad,2019-11-10,116.0,False,68.07,False,155.92,False
Ahmedabad,2019-11-11,153.0,False,84.08,False,208.92,False
Ahmedabad,2019-11-12,224.0,False,100.47,False,292.02,False
Ahmedabad,2019-11-13,247.0,False,88.0,False,226.03,False
Ahmedabad,2019-11-14,142.0,False,49.19,False,202.95,False
Ahmedabad,2019-11-15,130.0,False,43.56,False,121.43,False
Ahmedabad,2019-11-16,124.0,False,70.05,False,145.72,False
Ahmedabad,2019-11-17,129.0,False,58.66,False,136.69,False
Ahmedabad,2019-11-18,135.0,False,62.15,False,147.33,False
Ahmedabad,2019-11-19,135.0,False,52.04,False,112.69,False
Ahmedabad,2019-11-20,121.0,False,46.54,False,97.74,False
Ahmedabad,2019-11-21,120.0,False,55.43,False,109.17,False
Ahmedabad,2019-11-22,112.0,False,55.5,False,99.44,False
Ahmedabad,2019-11-23,123.0,False,58.97,False,106.63,False
Ahmedabad,2019-11-24,120.0,False,60.38,False,98.24,False
Ahmedabad,2019-11-25,123.0,False,73.87,False,110.17,False
Ahmedabad,2019-11-26,144.0,False,64.06,False,92.88,False
Ahmedabad,2019-11-27,122.0,False,53.91,False,98.4,False
Ahmedabad,2019-11-28,116.0,False,38.15,False,140.56,False
Ahmedabad,2019-11-29,98.0,False,48.47,False,103.61,False
Ahmedabad,2019-11-30,88.0,False,46.95,False,86.67,False
Ahmedabad,2019-12-01,120.0,False,43.06,False,81.68,False
Ahmedabad,2019-12-02,116.0,False,46.74,False,60.49,False
Ahmedabad,2019-12-03,110.0,False,41.61,False,54.14,False
Ahmedabad,2019-12-04,113.0,False,77.66,False,62.09,False
Ahmedabad,2019-12-05,126.0,False,65.48,False,82.62,False
Ahmedabad,2019-12-06,114.0,False,64.87,False,71.51,False
Ahmedabad,2019-12-07,149.0,False,93.24,False,83.89,False
Ahmedabad,2019-12-08,226.0,False,92.26,False,76.33,False
Ahmedabad,2019-12-09,181.0,False,78.95,False,54.51,False
Ahmedabad,2019-12-10,182.0,False,86.88,False,35.11,False
Ahmedabad,2019-12-11,157.0,False,72.3,False,24.48,False
Ahmedabad,2019-12-12,147.0,False,62.39,False,14.9,False
Ahmedabad,2019-12-13,104.0,False,52.59,False,11.32,False
Ahmedabad,2019-12-14,93.0,False,63.33,False,14.79,False
Ahmedabad,2019-12-15,104.0,False,48.58,False,12.0,False
Ahmedabad,2019-12-16,83.0,False,45.47,False,20.62,False
Ahmedabad,2019-12-17,100.0,False,54.42,False,25.45,False
Ahmedabad,2019-12-18,108.0,False,72.45,False,25.88,False
Ahmedabad,2019-12-19,178.0,False,89.97,False,28.82,False
Ahmedabad,2019-12-20,263.0,False,104.25,False,23.33,False
Ahmedabad,2019-12-21,206.0,False,64.25,False,34.29,False
Ahmedabad,2019-12-22,108.0,False,60.17,False,18.36,False
Ahmedabad,2019-12-23,99.0,False,57.99,False,17.47,False
Ahmedabad,2019-12-24,98.0,False,49.63,False,19.99,False
Ahmedabad,2019-12-25,100.0,False,53.0,False,20.11,False
Ahmedabad,2019-12-26,100.0,False,52.77,False,31.26,False
Ahmedabad,2019-12-27,88.0,False,39.89,False,50.41,False
Ahmedabad,2019-12-28,80.0,False,43.95,False,45.51,False
Ahmedabad,2019-12-29,81.0,False,53.52,False,43.92,False
Ahmedabad,2019-12-30,119.0,False,69.1,False,45.08,False
Ahmedabad,2019-12-31,137.0,False,74.18,False,22.77,False
Ahmedabad,2020-01-01,167.0,False,79.57,False,12.64,False
Ahmedabad,2020-01-02,150.0,False,72.59,False,14.38,False
Ahmedabad,2020-01-03,137.0,False,69.54,False,15.13,False
Ahmedabad,2020-01-04,133.0,False,66.2,False,20.79,False
Ahmedabad,2020-01-05,119.0,False,55.99,False,15.34,False
Ahmedabad,2020-01-06,92.0,False,46.96,False,16.88,False
Ahmedabad,2020-01-07,136.0,False,70.06,False,22.67,False
Ahmedabad,2020-01-08,128.0,False,61.4,False,16.33,False
Ahmedabad,2020-01-09,93.0,False,38.89,False,14.14,False
Ahmedabad,2020-01-10,100.0,False,56.14,False,11.65,False
Ahmedabad,2020-01-11,105.0,False,59.96,False,14.37,False
Ahmedabad,2020-01-12,127.0,False,83.9,False,20.66,False
Ahmedabad,2020-01-13,246.0,False,89.34,False,19.05,False
Ahmedabad,2020-01-14,107.0,False,39.83,False,16.42,False
Ahmedabad,2020-01-15,89.0,False,53.27,False,16.01,False
Ahmedabad,2020-01-16,85.0,False,40.07,False,13.41,False
Ahmedabad,2020-01-17,137.0,False,80.24,False,15.61,False
Ahmedabad,2020-01-18,148.0,False,59.51,False,25.39,False
Ahmedabad,2020-01-19,92.0,False,36.05,False,22.26,False
Ahmedabad,2020-01-20,76.0,False,36.21,False,15.65,False
Ahmedabad,2020-01-21,106.0,False,51.15,False,25.32,False
Ahmedabad,2020-01-22,115.0,False,51.32,False,23.56,False
Ahmedabad,2020-01-23,111.0,False,38.71,False,16.11,False
Ahmedabad,2020-01-24,103.0,True,40.83,False,19.84,False
Ahmedabad,2020-01-25,95.0,True,61.05,False,23.86,False
Ahmedabad,2020-01-26,87.0,True,62.03,False,12.48,False
Ahmedabad,2020-01-27,79.0,True,33.93,False,30.39,False
Ahmedabad,2020-01-28,71.0,False,18.03,False,18.02,False
Ahmedabad,2020-01-29,67.0,False,28.77,False,21.98,False
Ahmedabad,2020-01-30,98.0,False,41.74,False,26.88,False
Ahmedabad,2020-01-31,100.0,False,57.28,False,50.06,False
Ahmedabad,2020-02-01,144.0,False,88.79,False,54.23,False
Ahmedabad,2020-02-02,143.0,False,52.31,False,38.28,False
Ahmedabad,2020-02-03,98.0,False,68.19,False,45.94,False
Ahmedabad,2020-02-04,178.0,False,80.59,False,59.9,False
Ahmedabad,2020-02-05,165.0,False,77.56,False,59.03,False
Ahmedabad,2020-02-06,124.0,False,56.5,False,55.49,False
Ahmedabad,2020-02-07,112.0,False,66.87,False,53.47,False
Ahmedabad,2020-02-08,192.0,False,95.25,False,54.77,False
Ahmedabad,2020-02-09,115.0,False,69.85,False,40.74,False
Ahmedabad,2020-02-10,113.0,False,64.94,False,47.28,False
Ahmedabad,2020-02-11,158.0,False,79.58,False,55.78,False
Ahmedabad,2020-02-12,179.0,False,83.67,False,56.27,False
Ahmedabad,2020-02-13,199.0,False,88.83,False,45.43,False
Ahmedabad,2020-02-14,125.0,False,50.55,False,57.55,False
Ahmedabad,2020-02-15,119.0,False,73.04,False,67.15,False
Ahmedabad,2020-02-16,138.0,False,59.47,False,63.11,False
Ahmedabad,2020-02-17,111.0,False,62.48,False,50.12,False
Ahmedabad,2020-02-18,228.0,False,85.33,False,54.08,False
Ahmedabad,2020-02-19,243.0,False,114.79,False,80.38,False
Ahmedabad,2020-02-20,176.0,False,65.74,False,70.75,False
Ahmedabad,2020-02-21,146.0,False,60.61,False,52.78,False
Ahmedabad,2020-02-22,101.0,False,36.35,False,52.87,False
Ahmedabad,2020-02-23,100.0,False,54.06,False,51.33,False
Ahmedabad,2020-02-24,131.0,False,68.68,False,74.32,False
Ahmedabad,2020-02-25,140.0,False,73.18,False,94.67,False
Ahmedabad,2020-02-26,276.0,False,137.81,False,124.33,False
Ahmedabad,2020-02-27,277.0,False,94.27,False,92.35,False
Ahmedabad,2020-02-28,191.0,False,79.68,False,91.2,False
Ahmedabad,2020-02-29,133.0,False,53.86,False,75.13,False
Ahmedabad,2020-03-01,115.0,False,53.06,False,59.64,False
Ahmedabad,2020-03-02,118.0,False,56.2,False,62.85,False
Ahmedabad,2020-03-03,151.0,False,77.58,False,60.32,False
Ahmedabad,2020-03-04,132.0,False,49.16,False,31.08,False
Ahmedabad,2020-03-05,114.0,False,43.75,False,24.16,False
Ahmedabad,2020-03-06,112.0,False,54.05,False,28.74,False
Ahmedabad,2020-03-07,127.0,False,51.32,False,41.31,False
Ahmedabad,2020-03-08,124.0,False,35.04,False,45.21,False
Ahmedabad,2020-03-09,96.0,False,37.02,False,32.91,False
Ahmedabad,2020-03-10,97.0,False,37.67,False,17.52,False
Ahmedabad,2020-03-11,83.0,False,31.12,False,21.51,False
Ahmedabad,2020-03-12,93.0,False,41.19,False,31.18,False
Ahmedabad,2020-03-13,111.0,False,41.72,False,24.99,False
Ahmedabad,2020-03-14,105.0,False,39.57,False,35.3,False
Ahmedabad,2020-03-15,108.0,False,39.42,False,31.33,False
Ahmedabad,2020-03-16,112.0,False,36.03,False,34.32,False
Ahmedabad,2020-03-17,96.0,False,53.07,False,37.65,False
Ahmedabad,2020-03-18,122.0,False,58.54,False,44.39,False
Ahmedabad,2020-03-19,113.0,False,101.09,False,43.66,False
Ahmedabad,2020-03-20,120.5,True,50.47,False,35.13,False
Ahmedabad,2020-03-21,128.0,False,74.43,False,31.56,False
Ahmedabad,2020-03-22,120.0,False,48.16,False,18.27,False
Ahmedabad,2020-03-23,126.0,False,44.61,False,31.4,False
Ahmedabad,2020-03-24,119.0,False,31.89,False,25.2,False
Ahmedabad,2020-03-25,91.0,False,33.25,False,33.45,False
Ahmedabad,2020-03-26,95.0,False,43.67,False,26.61,False
Ahmedabad,2020-03-27,76.0,False,22.93,False,18.52,False
Ahmedabad,2020-03-28,72.0,False,37.73,False,35.52,False
Ahmedabad,2020-03-29,79.0,False,20.67,False,26.98,False
Ahmedabad,2020-03-30,85.0,False,28.55,False,38.65,False
Ahmedabad,2020-03-31,99.0,False,29.97,False,22.08,False
Ahmedabad,2020-04-01,86.0,False,24.79,False,21.29,False
Ahmedabad,2020-04-02,89.0,False,25.52,False,24.24,False
Ahmedabad,2020-04-03,102.0,False,33.48,False,41.44,False
Ahmedabad,2020-04-04,105.0,False,39.44,False,39.88,False
Ahmedabad,2020-04-05,126.0,False,43.77,False,40.99,False
Ahmedabad,2020-04-06,113.0,False,46.64,False,29.6,False
Ahmedabad,2020-04-07,123.0,False,45.8,False,16.8,False
Ahmedabad,2020-04-08,124.0,False,36.3,False,15.65,False
Ahmedabad,2020-04-09,107.0,False,32.12,False,21.61,False
Ahmedabad,2020-04-10,104.0,False,30.73,False,28.65,False
Ahmedabad,2020-04-11,89.0,False,30.18,False,34.81,False
Ahmedabad,2020-04-12,96.0,False,26.7,False,27.0,False
Ahmedabad,2020-04-13,95.0,False,18.77,False,23.01,False
Ahmedabad,2020-04-14,89.0,False,31.16,False,25.9,False
Ahmedabad,2020-04-15,88.0,False,23.69,False,17.18,False
Ahmedabad,2020-04-16,96.0,False,38.65,False,26.76,False
Ahmedabad,2020-04-17,92.0,False,30.8,False,25.97,False
Ahmedabad,2020-04-18,96.0,False,30.69,False,22.57,False
Ahmedabad,2020-04-19,99.0,False,21.27,False,13.93,False
Ahmedabad,2020-04-20,86.0,False,29.84,False,15.77,False
Ahmedabad,2020-04-21,87.0,False,27.81,False,16.32,False
Ahmedabad,2020-04-22,101.0,False,32.11,False,17.95,False
Ahmedabad,2020-04-23,106.0,False,31.67,False,16.17,False
Ahmedabad,2020-04-24,110.0,False,27.19,False,16.13,False
Ahmedabad,2020-04-25,98.0,False,28.25,False,13.88,False
Ahmedabad,2020-04-26,99.0,False,25.91,False,13.82,False
Ahmedabad,2020-04-27,117.0,False,31.76,False,19.95,False
Ahmedabad,2020-04-28,129.0,False,32.55,False,23.58,False
Ahmedabad,2020-04-29,119.0,False,27.15,False,24.82,False
Ahmedabad,2020-04-30,128.0,False,26.93,False,17.05,False
Ahmedabad,2020-05-01,128.0,False,28.71,False,13.32,False
Ahmedabad,2020-05-02,131.0,False,22.56,False,15.16,False
Ahmedabad,2020-05-03,119.0,False,23.82,False,16.38,False
Ahmedabad,2020-05-04,129.0,False,23.73,False,15.87,False
Ahmedabad,2020-05-05,139.0,False,33.47,False,29.05,False
Ahmedabad,2020-05-06,146.0,False,26.52,False,18.06,False
Ahmedabad,2020-05-07,133.0,False,30.45,False,21.48,False
Ahmedabad,2020-05-08,127.0,False,26.79,False,14.99,False
Ahmedabad,2020-05-09,121.0,False,23.79,False,16.64,False
Ahmedabad,2020-05-10,125.0,False,26.17,False,14.73,False
Ahmedabad,2020-05-11,114.0,False,21.31,False,15.01,False
Ahmedabad,2020-05-12,124.0,False,21.94,False,16.95,False
Ahmedabad,2020-05-13,117.0,False,23.19,False,17.46,False
Ahmedabad,2020-05-14,126.0,False,21.9,False,18.73,False
Ahmedabad,2020-05-15,124.0,False,19.15,False,19.59,False
Ahmedabad,2020-05-16,136.0,False,35.75,False,18.72,False
Ahmedabad,2020-05-17,137.0,False,27.28,False,18.56,False
Ahmedabad,2020-05-18,122.0,False,20.85,False,21.35,False
Ahmedabad,2020-05-19,122.0,False,23.98,False,26.56,False
Ahmedabad,2020-05-20,130.0,False,25.6,False,22.47,False
Ahmedabad,2020-05-21,126.0,False,33.35,False,25.02,False
Ahmedabad,2020-05-22,137.0,False,31.38,False,35.67,False
Ahmedabad,2020-05-23,134.0,False,29.26,False,22.23,False
Ahmedabad,2020-05-24,130.0,False,25.47,False,17.85,False
Ahmedabad,2020-05-25,123.0,False,24.84,False,16.03,False
Ahmedabad,2020-05-26,127.0,False,29.78,False,19.35,False
Ahmedabad,2020-05-27,121.0,False,31.25,False,21.42,False
Ahmedabad,2020-05-28,117.0,False,30.7,False,18.84,False
Ahmedabad,2020-05-29,117.0,False,23.91,False,18.6,False
Ahmedabad,2020-05-30,113.0,False,25.71,False,16.46,False
Ahmedabad,2020-05-31,104.0,False,22.83,False,15.35,False
Ahmedabad,2020-06-01,126.0,False,31.02,False,22.62,False
Ahmedabad,2020-06-02,152.0,False,131.88,False,41.56,False
Ahmedabad,2020-06-03,118.0,True,78.98,True,43.36,False
Ahmedabad,2020-06-04,84.0,False,26.08,False,37.3,False
Ahmedabad,2020-06-05,85.0,False,30.72,False,33.6,False
Ahmedabad,2020-06-06,91.0,False,33.19,False,39.76,False
Ahmedabad,2020-06-07,87.0,False,20.67,False,34.11,False
Ahmedabad,2020-06-08,86.0,False,22.92,False,28.47,False
Ahmedabad,2020-06-09,84.0,False,21.17,False,25.68,False
Ahmedabad,2020-06-10,98.0,False,23.62,False,20.92,False
Ahmedabad,2020-06-11,92.0,False,20.4,False,26.94,False
Ahmedabad,2020-06-12,97.0,False,21.4,False,22.4,False
Ahmedabad,2020-06-13,81.0,False,21.72,False,28.15,False
Ahmedabad,2020-06-14,85.0,False,24.1,False,27.53,False
Ahmedabad,2020-06-15,64.0,False,21.21,False,31.93,False
Ahmedabad,2020-06-16,71.0,False,31.49,False,24.73,False
Ahmedabad,2020-06-17,94.0,False,14.79,False,19.65,False
Ahmedabad,2020-06-18,101.0,True,12.1,False,36.24,False
Ahmedabad,2020-06-19,108.0,False,17.65,False,33.84,False
Ahmedabad,2020-06-20,124.0,False,22.9,False,15.81,False
Ahmedabad,2020-06-21,106.0,False,24.28,False,12.44,False
Ahmedabad,2020-06-22,73.0,False,19.02,False,16.76,False
Ahmedabad,2020-06-23,83.0,False,22.2,False,15.67,False
Ahmedabad,2020-06-24,82.0,False,30.29,False,25.92,False
Ahmedabad,2020-06-25,94.0,False,32.56,False,24.83,False
Ahmedabad,2020-06-26,88.0,False,36.48,False,30.78,False
Ahmedabad,2020-06-27,91.0,False,62.12,False,56.35,False
Ahmedabad,2020-06-28,82.0,False,31.57,False,23.99,False
Ahmedabad,2020-06-29,73.0,False,29.75,False,25.15,False
Ahmedabad,2020-06-30,84.0,False,40.02,False,58.92,False
Ahmedabad,2020-07-01,119.0,False,37.63,False,35.04,False
Bengaluru,2015-01-01,,,,,17.33,False
Bengaluru,2015-01-02,,,,,19.73,False
Bengaluru,2015-01-03,,,,,19.88,False
Bengaluru,2015-01-04,,,,,21.61,False
Bengaluru,2015-01-05,,,,,22.17,False
Bengaluru,2015-01-06,,,,,23.2,False
Bengaluru,2015-01-07,,,,,28.66,False
Bengaluru,2015-01-08,,,,,31.1,False
Bengaluru,2015-01-09,,,,,25.98,False
Bengaluru,2015-01-10,,,,,29.23,False
Bengaluru,2015-01-11,,,,,29.84,False
Bengaluru,2015-01-12,,,,,28.4,False
Bengaluru,2015-01-13,,,,,30.56,False
Bengaluru,2015-01-14,,,,,25.94,False
Bengaluru,2015-01-15,,,,,20.64,False
Bengaluru,2015-01-16,,,,,18.51,False
Bengaluru,2015-01-17,,,,,17.37,False
Bengaluru,2015-01-18,,,,,17.2,False
Bengaluru,2015-01-19,,,,,16.74,False
Bengaluru,2015-01-20,,,,,7.24,False
Bengaluru,2015-01-21,,,,,5.45,False
Bengaluru,2015-01-22,,,,,13.57,False
Bengaluru,2015-01-23,,,,,12.82,False
Bengaluru,2015-01-24,,,,,16.27,False
Bengaluru,2015-01-25,,,,,16.32,False
Bengaluru,2015-01-26,,,,,13.85,False
Bengaluru,2015-01-27,,,,,16.71,False
Bengaluru,2015-01-28,,,,,14.85,False
Bengaluru,2015-01-29,,,,,10.45,False
Bengaluru,2015-01-30,,,,,4.93,False
Bengaluru,2015-01-31,,,,,11.11,False
Bengaluru,2015-02-01,,,,,22.14,False
Bengaluru,2015-02-02,,,,,19.19,False
Bengaluru,2015-02-03,,,,,18.47,False
Bengaluru,2015-02-04,,,,,22.46,False
Bengaluru,2015-02-05,,,,,26.36,False
Bengaluru,2015-02-06,,,,,25.98,False
Bengaluru,2015-02-07,,,,,22.46,False
Bengaluru,2015-02-08,,,,,26.06,False
Bengaluru,2015-02-09,,,,,22.48,False
Bengaluru,2015-02-10,,,,,20.18,False
Bengaluru,2015-02-11,,,,,26.52,False
Bengaluru,2015-02-12,,,,,21.47,False
Bengaluru,2015-02-13,,,,,21.85,False
Bengaluru,2015-02-14,,,,,26.05,False
Bengaluru,2015-02-15,,,,,23.68,False
Bengaluru,2015-02-16,,,,,24.41,False
Bengaluru,2015-02-17,,,,,24.68,False
Bengaluru,2015-02-18,,,,,23.38,False
Bengaluru,2015-02-19,,,,,27.71,False
Bengaluru,2015-02-20,,,,,22.83,False
Bengaluru,2015-02-21,,,,,21.34,False
Bengaluru,2015-02-22,,,,,24.09,False
Bengaluru,2015-02-23,,,,,24.14,False
Bengaluru,2015-02-24,,,,,28.8,False
Bengaluru,2015-02-25,,,,,29.78,False
Bengaluru,2015-02-26,,,,,31.32,False
Bengaluru,2015-02-27,,,,,26.9,False
Bengaluru,2015-02-28,,,,,19.57,False
Bengaluru,2015-03-01,,,,,10.39,False
Bengaluru,2015-03-02,,,,,18.06,False
Bengaluru,2015-03-03,,,,,19.56,False
Bengaluru,2015-03-04,,,,,17.36,False
Bengaluru,2015-03-05,,,,,19.94,False
Bengaluru,2015-03-06,,,,,15.04,False
Bengaluru,2015-03-07,,,,,15.68,False
Bengaluru,2015-03-08,,,,,11.59,False
Bengaluru,2015-03-09,,,,,20.06,False
Bengaluru,2015-03-10,,,,,26.12,False
Bengaluru,2015-03-11,,,,,33.01,False
Bengaluru,2015-03-12,,,,,25.29,False
Bengaluru,2015-03-13,,,,,20.97,False
Bengaluru,2015-03-14,,,,,20.58,False
Bengaluru,2015-03-15,,,,,15.12,False
Bengaluru,2015-03-16,,,,,18.67,False
Bengaluru,2015-03-17,,,,,31.84,False
Bengaluru,2015-03-18,,,,,34.01,False
Bengaluru,2015-03-19,,,,,33.58,False
Bengaluru,2015-03-20,,,30.65,False,28.48,False
Bengaluru,2015-03-21,91.0,False,48.59,False,27.0,False
Bengaluru,2015-03-22,120.0,False,47.38,False,22.39,False
Bengaluru,2015-03-23,154.0,False,65.65,False,26.35,False
Bengaluru,2015-03-24,119.0,False,60.47,False,29.87,False
Bengaluru,2015-03-25,232.0,False,62.56,False,23.57,False
Bengaluru,2015-03-26,132.0,False,60.73,False,32.07,False
Bengaluru,2015-03-27,123.0,False,42.1,False,25.55,False
Bengaluru,2015-03-28,152.0,False,40.0,False,17.99,False
Bengaluru,2015-03-29,143.0,False,32.16,False,12.9,False
Bengaluru,2015-03-30,80.0,False,30.78,False,16.23,False
Bengaluru,2015-03-31,90.0,False,38.99,False,10.97,False
Bengaluru,2015-04-01,151.0,False,36.42,False,8.83,False
Bengaluru,2015-04-02,123.0,False,38.15,False,10.29,False
Bengaluru,2015-04-03,178.0,False,35.11,False,5.99,False
Bengaluru,2015-04-04,101.0,False,36.68,False,12.89,False
Bengaluru,2015-04-05,160.0,False,36.92,False,9.0,False
Bengaluru,2015-04-06,71.0,False,31.78,False,8.14,False
Bengaluru,2015-04-07,76.0,False,37.25,False,7.14,False
Bengaluru,2015-04-08,153.0,False,29.8,False,9.04,False
Bengaluru,2015-04-09,80.0,False,25.06,False,8.72,False
Bengaluru,2015-04-10,129.0,False,24.4,False,7.46,False
Bengaluru,2015-04-11,107.0,False,32.08,False,7.09,False
Bengaluru,2015-04-12,122.0,False,19.72,False,4.97,False
Bengaluru,2015-04-13,85.0,False,17.03,False,8.53,False
Bengaluru,2015-04-14,62.0,False,19.73,False,6.1,False
Bengaluru,2015-04-15,177.0,False,22.52,False,4.86,False
Bengaluru,2015-04-16,152.0,False,21.36,False,7.98,False
Bengaluru,2015-04-17,210.0,False,24.35,False,6.64,False
Bengaluru,2015-04-18,170.0,False,18.33,False,5.98,False
Bengaluru,2015-04-19,135.0,False,17.66,False,6.58,False
Bengaluru,2015-04-20,118.0,False,27.46,False,7.91,False
Bengaluru,2015-04-21,127.0,False,27.94,False,6.45,False
Bengaluru,2015-04-22,47.0,False,23.81,False,6.21,False
Bengaluru,2015-04-23,44.0,False,23.11,False,6.84,False
Bengaluru,2015-04-24,67.0,False,15.12,False,14.96,False
Bengaluru,2015-04-25,44.0,False,19.59,False,8.42,False
Bengaluru,2015-04-26,82.0,False,69.85,False,14.35,False
Bengaluru,2015-04-27,156.0,False,24.62,False,7.74,False
Bengaluru,2015-04-28,96.0,False,32.92,False,12.95,False
Bengaluru,2015-04-29,72.0,False,44.53,False,17.71,False
Bengaluru,2015-04-30,117.0,False,26.68,False,16.69,False
Bengaluru,2015-05-01,67.0,False,39.06,False,14.31,False
Bengaluru,2015-05-02,217.0,False,50.83,False,14.24,False
Bengaluru,2015-05-03,64.0,False,62.58,False,15.2,False
Bengaluru,2015-05-04,162.0,False,45.26,False,25.81,False
Bengaluru,2015-05-05,75.0,False,40.37,False,20.7,False
Bengaluru,2015-05-06,141.0,False,43.21,False,17.15,False
Bengaluru,2015-05-07,70.0,False,41.53,False,20.41,False
Bengaluru,2015-05-08,142.0,False,27.85,False,17.29,False
Bengaluru,2015-05-09,140.0,False,36.83,False,24.35,False
Bengaluru,2015-05-10,71.0,False,40.81,False,29.77,False
Bengaluru,2015-05-11,66.0,False,36.11,False,29.38,False
Bengaluru,2015-05-12,56.0,False,28.76,False,29.1,False
Bengaluru,2015-05-13,45.0,False,40.74,False,32.27,False
Bengaluru,2015-05-14,61.0,False,23.77,False,33.12,False
Bengaluru,2015-05-15,70.0,False,17.34,False,22.13,False
Bengaluru,2015-05-16,59.0,False,30.45,False,32.24,False
Bengaluru,2015-05-17,125.0,False,15.8,False,22.62,False
Bengaluru,2015-05-18,106.0,False,20.12,False,22.49,False
Bengaluru,2015-05-19,84.0,False,25.27,False,31.22,False
Bengaluru,2015-05-20,57.0,False,26.7,False,32.48,False
Bengaluru,2015-05-21,56.0,False,27.84,False,17.97,False
Bengaluru,2015-05-22,140.0,False,29.52,False,17.88,False
Bengaluru,2015-05-23,156.0,False,27.97,False,23.45,False
Bengaluru,2015-05-24,156.0,False,28.17,False,17.13,False
Bengaluru,2015-05-25,111.0,False,27.71,False,18.69,False
Bengaluru,2015-05-26,158.0,False,28.01,False,12.85,False
Bengaluru,2015-05-27,93.0,False,31.7,False,11.83,False
Bengaluru,2015-05-28,97.0,False,48.08,False,41.16,False
Bengaluru,2015-05-29,94.0,False,30.77,False,22.5,False
Bengaluru,2015-05-30,147.0,False,26.15,False,14.82,False
Bengaluru,2015-05-31,100.0,False,40.71,False,6.62,False
Bengaluru,2015-06-01,101.0,False,23.69,False,14.12,False
Bengaluru,2015-06-02,84.0,False,23.95,False,9.28,False
Bengaluru,2015-06-03,84.0,False,21.51,False,19.98,False
Bengaluru,2015-06-04,74.0,False,25.56,False,6.39,False
Bengaluru,2015-06-05,130.0,False,22.41,False,14.61,False
Bengaluru,2015-06-06,74.0,False,16.02,False,30.73,False
Bengaluru,2015-06-07,74.0,False,12.69,False,25.18,False
Bengaluru,2015-06-08,162.0,False,13.29,False,22.65,False
Bengaluru,2015-06-09,55.0,False,12.11,False,20.8,False
Bengaluru,2015-06-10,72.0,False,13.66,False,22.16,False
Bengaluru,2015-06-11,66.0,False,14.56,False,17.32,False
Bengaluru,2015-06-12,81.0,False,14.76,False,13.35,False
Bengaluru,2015-06-13,94.0,False,12.29,False,10.75,False
Bengaluru,2015-06-14,128.0,False,11.72,False,9.61,False
Bengaluru,2015-06-15,86.0,False,15.7,False,13.12,False
Bengaluru,2015-06-16,136.0,False,22.94,False,10.09,False
Bengaluru,2015-06-17,67.0,False,19.54,False,11.09,False
Bengaluru,2015-06-18,45.0,False,22.68,False,18.7,False
Bengaluru,2015-06-19,70.0,False,21.86,False,19.0,False
Bengaluru,2015-06-20,93.0,False,18.74,False,14.48,False
Bengaluru,2015-06-21,166.0,False,18.81,False,15.95,False
Bengaluru,2015-06-22,183.0,False,15.11,False,16.04,False
Bengaluru,2015-06-23,107.0,False,17.47,False,7.27,False
Bengaluru,2015-06-24,140.0,False,15.92,False,5.61,False
Bengaluru,2015-06-25,107.0,False,13.58,False,5.38,False
Bengaluru,2015-06-26,70.0,False,14.52,False,6.1,False
Bengaluru,2015-06-27,165.0,False,27.25,False,5.23,False
Bengaluru,2015-06-28,160.0,False,20.99,False,4.38,False
Bengaluru,2015-06-29,209.0,False,22.26,False,7.02,False
Bengaluru,2015-06-30,166.0,False,23.51,False,8.39,False
Bengaluru,2015-07-01,187.0,False,19.76,False,6.34,False
Bengaluru,2015-07-02,162.0,False,20.24,False,11.59,False
Bengaluru,2015-07-03,185.0,False,17.28,False,5.11,False
Bengaluru,2015-07-04,141.0,False,21.52,False,5.99,False
Bengaluru,2015-07-05,225.0,False,19.43,False,7.66,False
Bengaluru,2015-07-06,309.0,False,19.27,False,8.79,False
Bengaluru,2015-07-07,136.0,False,23.27,False,7.83,False
Bengaluru,2015-07-08,139.0,False,18.63,False,8.71,False
Bengaluru,2015-07-09,161.0,False,14.52,False,10.04,False
Bengaluru,2015-07-10,160.0,False,12.84,False,10.1,False
Bengaluru,2015-07-11,127.0,False,19.08,False,10.66,False
Bengaluru,2015-07-12,71.0,False,23.45,False,9.83,False
Bengaluru,2015-07-13,246.0,False,25.62,False,12.22,False
Bengaluru,2015-07-14,250.0,False,27.03,False,11.7,False
Bengaluru,2015-07-15,176.0,False,24.09,False,17.43,False
Bengaluru,2015-07-16,176.0,False,23.17,False,15.73,False
Bengaluru,2015-07-17,55.0,False,26.84,False,10.76,False
Bengaluru,2015-07-18,156.0,False,19.24,False,8.46,False
Bengaluru,2015-07-19,195.0,False,14.46,False,7.65,False
Bengaluru,2015-07-20,197.0,False,14.3,False,10.26,False
Bengaluru,2015-07-21,223.0,False,19.29,False,11.45,False
Bengaluru,2015-07-22,182.0,False,21.39,False,9.91,False
Bengaluru,2015-07-23,245.0,False,45.86,False,11.26,False
Bengaluru,2015-07-24,268.0,False,18.38,False,9.48,False
Bengaluru,2015-07-25,51.0,False,24.44,False,10.0,False
Bengaluru,2015-07-26,49.0,False,25.14,False,11.03,False
Bengaluru,2015-07-27,157.0,False,13.85,False,8.83,False
Bengaluru,2015-07-28,128.0,False,16.63,False,10.76,False
Bengaluru,2015-07-29,66.0,False,19.04,False,12.67,False
Bengaluru,2015-07-30,105.0,False,24.43,False,11.52,False
Bengaluru,2015-07-31,49.0,False,19.16,False,10.27,False
Bengaluru,2015-08-01,97.0,False,18.18,False,20.21,False
Bengaluru,2015-08-02,257.0,False,15.52,False,9.54,False
Bengaluru,2015-08-03,139.0,False,18.67,False,11.41,False
Bengaluru,2015-08-04,95.0,False,15.85,False,10.66,False
Bengaluru,2015-08-05,106.0,False,18.26,False,11.85,False
Bengaluru,2015-08-06,89.0,False,17.94,False,18.38,False
Bengaluru,2015-08-07,44.0,False,21.86,False,10.02,False
Bengaluru,2015-08-08,97.0,False,46.86,False,8.46,False
Bengaluru,2015-08-09,187.0,False,54.42,False,7.32,False
Bengaluru,2015-08-10,83.0,False,21.02,False,8.21,False
Bengaluru,2015-08-11,129.0,False,21.1,False,7.98,False
Bengaluru,2015-08-12,128.0,False,16.64,False,7.44,False
Bengaluru,2015-08-13,217.0,False,14.99,False,6.61,False
Bengaluru,2015-08-14,277.0,False,20.21,False,14.73,False
Bengaluru,2015-08-15,176.0,False,18.04,False,13.63,False
Bengaluru,2015-08-16,206.0,False,20.8,False,17.39,False
Bengaluru,2015-08-17,238.0,False,15.35,False,19.5,False
Bengaluru,2015-08-18,229.0,False,27.31,False,19.73,False
Bengaluru,2015-08-19,236.0,False,32.13,False,17.92,False
Bengaluru,2015-08-20,92.0,False,23.26,False,34.35,False
Bengaluru,2015-08-21,100.0,False,17.9,False,17.51,False
Bengaluru,2015-08-22,97.0,False,10.99,False,15.97,False
Bengaluru,2015-08-23,59.0,False,12.9,False,11.64,False
Bengaluru,2015-08-24,96.0,False,22.29,False,15.11,False
Bengaluru,2015-08-25,123.0,False,20.06,False,16.49,False
Bengaluru,2015-08-26,77.0,False,17.38,False,12.18,False
Bengaluru,2015-08-27,57.0,False,14.67,False,20.81,False
Bengaluru,2015-08-28,63.0,False,18.96,False,21.16,False
Bengaluru,2015-08-29,174.0,False,20.56,False,13.86,False
Bengaluru,2015-08-30,121.0,False,17.27,False,5.53,False
Bengaluru,2015-08-31,92.0,False,23.42,False,6.47,False
Bengaluru,2015-09-01,81.0,False,24.9,False,7.25,False
Bengaluru,2015-09-02,43.0,False,23.54,False,9.49,False
Bengaluru,2015-09-03,52.0,False,24.49,False,12.59,False
Bengaluru,2015-09-04,72.0,False,26.16,False,15.89,False
Bengaluru,2015-09-05,73.0,False,27.38,False,17.6,False
Bengaluru,2015-09-06,208.0,False,18.38,False,11.7,False
Bengaluru,2015-09-07,179.0,False,16.34,False,12.0,False
Bengaluru,2015-09-08,93.0,False,22.47,False,10.95,False
Bengaluru,2015-09-09,60.0,False,29.6,False,11.14,False
Bengaluru,2015-09-10,65.0,False,15.21,False,12.29,False
Bengaluru,2015-09-11,60.0,False,18.09,False,13.42,False
Bengaluru,2015-09-12,167.0,False,16.68,False,13.1,False
Bengaluru,2015-09-13,141.0,False,12.24,False,11.85,False
Bengaluru,2015-09-14,175.0,False,14.99,False,12.44,False
Bengaluru,2015-09-15,41.0,False,11.75,False,11.66,False
Bengaluru,2015-09-16,81.0,False,11.47,False,12.06,False
Bengaluru,2015-09-17,52.0,False,10.93,False,9.78,False
Bengaluru,2015-09-18,31.0,False,13.18,False,8.71,False
Bengaluru,2015-09-19,144.0,False,13.47,False,8.98,False
Bengaluru,2015-09-20,64.0,False,7.32,False,9.42,False
Bengaluru,2015-09-21,51.0,False,16.51,False,15.32,False
Bengaluru,2015-09-22,82.0,False,28.38,False,22.83,False
Bengaluru,2015-09-23,85.0,False,27.74,False,27.93,False
Bengaluru,2015-09-24,89.0,False,29.1,False,22.47,False
Bengaluru,2015-09-25,139.0,False,17.48,False,21.03,False
Bengaluru,2015-09-26,157.0,False,14.95,False,17.22,False
Bengaluru,2015-09-27,155.0,False,27.29,False,20.53,False
Bengaluru,2015-09-28,94.0,False,19.98,False,30.35,False
Bengaluru,2015-09-29,100.0,False,31.36,False,33.02,False
Bengaluru,2015-09-30,117.0,False,35.5,False,31.34,False
Bengaluru,2015-10-01,136.0,False,26.25,False,30.71,False
Bengaluru,2015-10-02,96.0,False,22.3,False,26.84,False
Bengaluru,2015-10-03,101.0,False,13.97,False,19.24,False
Bengaluru,2015-10-04,128.0,False,9.63,False,16.51,False
Bengaluru,2015-10-05,92.0,False,28.7,False,23.13,False
Bengaluru,2015-10-06,98.0,False,35.04,False,19.67,False
Bengaluru,2015-10-07,102.0,False,15.82,False,19.92,False
Bengaluru,2015-10-08,69.0,False,12.14,False,19.19,False
Bengaluru,2015-10-09,54.0,False,14.44,False,20.31,False
Bengaluru,2015-10-10,101.0,False,12.01,False,21.36,False
Bengaluru,2015-10-11,110.0,False,10.02,False,19.3,False
Bengaluru,2015-10-12,54.0,False,17.14,False,27.34,False
Bengaluru,2015-10-13,77.0,False,25.65,False,38.97,False
Bengaluru,2015-10-14,144.0,False,31.78,False,58.6,False
Bengaluru,2015-10-15,90.0,False,46.63,False,71.63,False
Bengaluru,2015-10-16,98.0,False,49.23,False,51.64,False
Bengaluru,2015-10-17,173.0,False,40.76,False,33.93,False
Bengaluru,2015-10-18,140.0,False,31.18,False,37.25,False
Bengaluru,2015-10-19,76.0,False,42.02,False,27.41,False
Bengaluru,2015-10-20,164.0,False,43.32,False,22.4,False
Bengaluru,2015-10-21,88.0,False,42.64,False,21.57,False
Bengaluru,2015-10-22,97.0,False,55.94,False,24.25,False
Bengaluru,2015-10-23,110.0,False,51.0,False,28.3,False
Bengaluru,2015-10-24,89.0,False,45.13,False,26.15,False
Bengaluru,2015-10-25,81.0,False,38.26,False,20.74,False
Bengaluru,2015-10-26,74.0,False,47.1,False,26.73,False
Bengaluru,2015-10-27,157.0,False,42.92,False,32.0,False
Bengaluru,2015-10-28,95.0,False,36.44,False,24.21,False
Bengaluru,2015-10-29,70.0,False,29.17,False,22.68,False
Bengaluru,2015-10-30,110.0,False,31.78,False,15.26,False
Bengaluru,2015-10-31,191.0,False,25.77,False,23.3,False
Bengaluru,2015-11-01,49.0,False,29.89,False,15.14,False
Bengaluru,2015-11-02,54.0,False,28.56,False,18.2,False
Bengaluru,2015-11-03,58.0,False,31.05,False,20.58,False
Bengaluru,2015-11-04,65.0,False,43.1,False,12.07,False
Bengaluru,2015-11-05,70.0,False,30.36,False,17.33,False
Bengaluru,2015-11-06,67.0,False,37.22,False,13.89,False
Bengaluru,2015-11-07,60.0,False,31.44,False,15.85,False
Bengaluru,2015-11-08,56.0,False,31.4,False,15.33,False
Bengaluru,2015-11-09,59.0,False,34.92,False,10.21,False
Bengaluru,2015-11-10,51.0,False,12.63,False,6.81,False
Bengaluru,2015-11-11,49.0,False,48.94,False,8.59,False
Bengaluru,2015-11-12,146.0,False,63.69,False,8.2,False
Bengaluru,2015-11-13,61.0,False,28.22,False,21.5,False
Bengaluru,2015-11-14,130.0,False,42.42,False,29.94,False
Bengaluru,2015-11-15,99.0,False,42.23,False,18.86,False
Bengaluru,2015-11-16,91.0,False,16.03,False,18.34,False
Bengaluru,2015-11-17,116.0,False,17.68,True,16.2,False
Bengaluru,2015-11-18,126.0,False,19.32,False,15.47,False
Bengaluru,2015-11-19,103.0,False,21.99,False,16.44,False
Bengaluru,2015-11-20,74.0,False,13.89,False,12.14,False
Bengaluru,2015-11-21,66.0,False,16.06,False,13.13,False
Bengaluru,2015-11-22,61.0,False,16.97,False,10.57,False
Bengaluru,2015-11-23,75.0,False,19.66,False,16.37,False
Bengaluru,2015-11-24,85.0,False,20.35,False,20.64,False
Bengaluru,2015-11-25,141.0,False,34.39,False,28.8,False
Bengaluru,2015-11-26,90.0,False,43.91,False,29.33,False
Bengaluru,2015-11-27,126.0,False,44.14,False,26.64,False
Bengaluru,2015-11-28,147.0,False,44.94,False,28.1,False
Bengaluru,2015-11-29,87.0,False,29.35,False,21.21,False
Bengaluru,2015-11-30,56.0,False,15.34,False,22.22,False
Bengaluru,2015-12-01,88.0,False,14.18,False,25.86,False
Bengaluru,2015-12-02,67.0,False,13.36,False,24.04,False
Bengaluru,2015-12-03,74.0,False,19.86,False,33.56,False
Bengaluru,2015-12-04,105.0,False,28.35,False,32.95,False
Bengaluru,2015-12-05,103.0,False,25.04,False,33.02,False
Bengaluru,2015-12-06,54.0,False,29.12,False,25.17,False
Bengaluru,2015-12-07,65.0,False,41.16,False,34.42,False
Bengaluru,2015-12-08,102.0,False,46.33,False,44.41,False
Bengaluru,2015-12-09,94.0,False,48.01,False,39.78,False
Bengaluru,2015-12-10,86.0,False,35.48,False,35.58,False
Bengaluru,2015-12-11,89.0,False,32.95,False,41.05,False
Bengaluru,2015-12-12,99.0,False,50.19,False,57.62,False
Bengaluru,2015-12-13,92.0,False,34.57,False,42.88,False
Bengaluru,2015-12-14,85.0,False,52.06,False,27.66,False
Bengaluru,2015-12-15,83.0,False,39.67,False,22.28,False
Bengaluru,2015-12-16,92.0,False,50.47,False,37.1,False
Bengaluru,2015-12-17,95.0,False,41.04,False,40.72,False
Bengaluru,2015-12-18,103.0,False,56.62,False,57.36,False
Bengaluru,2015-12-19,105.0,False,42.57,False,49.4,False
Bengaluru,2015-12-20,97.0,False,60.44,False,43.97,False
Bengaluru,2015-12-21,102.0,False,48.4,False,53.53,False
Bengaluru,2015-12-22,104.0,False,49.54,False,65.66,False
Bengaluru,2015-12-23,96.0,False,49.42,False,55.38,False
Bengaluru,2015-12-24,114.0,False,61.58,False,56.16,False
Bengaluru,2015-12-25,110.0,False,68.48,False,51.22,False
Bengaluru,2015-12-26,109.0,False,57.15,False,42.79,False
Bengaluru,2015-12-27,115.0,False,76.35,False,42.69,False
Bengaluru,2015-12-28,149.0,False,85.66,False,56.3,False
Bengaluru,2015-12-29,122.0,False,49.06,False,54.12,False
Bengaluru,2015-12-30,91.0,False,48.16,False,59.75,False
Bengaluru,2015-12-31,131.0,False,71.06,False,61.97,False
Bengaluru,2016-01-01,101.0,False,56.4,False,51.73,False
Bengaluru,2016-01-02,92.0,False,53.69,False,73.09,False
Bengaluru,2016-01-03,108.0,False,62.35,False,77.77,False
Bengaluru,2016-01-04,109.0,False,64.96,False,77.07,False
Bengaluru,2016-01-05,114.0,False,70.15,False,79.43,False
Bengaluru,2016-01-06,121.0,False,68.22,False,68.5,False
Bengaluru,2016-01-07,116.0,False,68.74,False,53.25,False
Bengaluru,2016-01-08,117.0,False,67.9,False,51.09,False
Bengaluru,2016-01-09,143.0,False,79.8,False,64.04,False
Bengaluru,2016-01-10,168.0,False,76.18,False,46.46,False
Bengaluru,2016-01-11,122.0,False,61.48,False,39.43,False
Bengaluru,2016-01-12,122.0,False,73.5,False,39.55,False
Bengaluru,2016-01-13,146.0,False,70.78,False,55.91,False
Bengaluru,2016-01-14,152.0,False,75.01,False,70.58,False
Bengaluru,2016-01-15,119.0,False,42.84,False,50.76,False
Bengaluru,2016-01-16,130.0,False,77.23,False,83.2,False
Bengaluru,2016-01-17,253.0,False,68.98,False,110.24,False
Bengaluru,2016-01-18,219.0,False,73.89,False,77.38,False
Bengaluru,2016-01-19,146.0,False,75.45,False,72.62,False
Bengaluru,2016-01-20,170.0,False,78.07,False,45.06,False
Bengaluru,2016-01-21,117.0,False,53.45,False,34.63,False
Bengaluru,2016-01-22,113.0,False,63.58,False,41.69,False
Bengaluru,2016-01-23,146.0,False,57.91,False,29.72,False
Bengaluru,2016-01-24,102.0,False,41.36,False,35.97,False
Bengaluru,2016-01-25,98.0,False,51.7,False,51.13,False
Bengaluru,2016-01-26,104.0,False,54.34,False,45.69,False
Bengaluru,2016-01-27,91.0,False,54.33,False,41.42,False
Bengaluru,2016-01-28,118.0,False,84.84,False,36.42,False
Bengaluru,2016-01-29,175.0,False,87.02,False,36.39,False
Bengaluru,2016-01-30,149.0,False,71.42,False,37.09,False
Bengaluru,2016-01-31,183.0,False,119.16,False,48.59,False
Bengaluru,2016-02-01,184.0,False,84.45,False,55.88,False
Bengaluru,2016-02-02,156.0,False,76.8,False,55.92,False
Bengaluru,2016-02-03,153.0,False,75.57,False,62.78,False
Bengaluru,2016-02-04,141.0,False,74.6,False,49.76,False
Bengaluru,2016-02-05,139.0,False,72.11,False,49.34,False
Bengaluru,2016-02-06,154.0,False,63.42,False,45.84,False
Bengaluru,2016-02-07,199.0,False,82.78,False,84.52,False
Bengaluru,2016-02-08,182.0,False,75.98,False,46.99,False
Bengaluru,2016-02-09,175.0,False,85.33,False,59.41,False
Bengaluru,2016-02-10,191.0,False,84.32,False,46.66,False
Bengaluru,2016-02-11,203.0,False,91.95,False,45.44,False
Bengaluru,2016-02-12,154.0,False,83.66,False,49.77,False
Bengaluru,2016-02-13,160.0,False,85.96,False,56.54,False
Bengaluru,2016-02-14,136.0,False,62.08,False,43.41,False
Bengaluru,2016-02-15,107.0,False,56.57,False,35.08,False
Bengaluru,2016-02-16,88.0,False,42.58,False,23.5,False
Bengaluru,2016-02-17,105.0,False,49.6,False,24.34,False
Bengaluru,2016-02-18,111.0,False,54.56,False,19.86,False
Bengaluru,2016-02-19,117.0,False,44.26,False,26.16,False
Bengaluru,2016-02-20,113.0,False,53.12,False,30.94,False
Bengaluru,2016-02-21,115.0,False,57.32,False,34.98,False
Bengaluru,2016-02-22,145.0,False,90.07,False,32.23,False
Bengaluru,2016-02-23,177.0,False,134.69,False,32.14,False
Bengaluru,2016-02-24,198.0,False,110.05,False,38.67,False
Bengaluru,2016-02-25,165.0,False,66.98,False,37.3,False
Bengaluru,2016-02-26,124.0,False,51.96,False,28.51,False
Bengaluru,2016-02-27,88.0,False,36.28,False,41.88,False
Bengaluru,2016-02-28,88.0,False,35.63,False,47.36,False
Bengaluru,2016-02-29,105.0,False,41.64,False,30.64,False
Bengaluru,2016-03-01,118.0,False,39.21,False,42.55,False
Bengaluru,2016-03-02,132.0,False,42.17,False,33.44,False
Bengaluru,2016-03-03,121.0,False,54.91,False,31.09,False
Bengaluru,2016-03-04,136.0,False,54.04,False,38.09,False
Bengaluru,2016-03-05,153.0,False,55.72,False,31.96,False
Bengaluru,2016-03-06,135.0,False,45.98,False,22.73,False
Bengaluru,2016-03-07,111.0,False,43.69,False,24.23,False
Bengaluru,2016-03-08,135.0,False,44.74,False,41.83,False
Bengaluru,2016-03-09,123.0,False,51.06,False,47.14,False
Bengaluru,2016-03-10,146.0,False,53.1,False,43.2,False
Bengaluru,2016-03-11,155.0,False,60.7,False,36.11,False
Bengaluru,2016-03-12,144.0,False,59.53,False,26.64,False
Bengaluru,2016-03-13,149.0,False,64.29,False,21.86,False
Bengaluru,2016-03-14,158.0,False,67.65,False,33.09,False
Bengaluru,2016-03-15,175.0,False,68.48,False,36.46,False
Bengaluru,2016-03-16,139.0,False,76.33,False,39.12,False
Bengaluru,2016-03-17,145.0,False,72.22,False,25.76,False
Bengaluru,2016-03-18,151.0,False,60.58,False,18.32,False
Bengaluru,2016-03-19,158.0,False,98.29,False,32.29,False
Bengaluru,2016-03-20,253.0,False,239.54,False,14.6,False
Bengaluru,2016-03-21,264.0,False,121.43,False,59.53,False
Bengaluru,2016-03-22,155.0,False,66.36,False,62.46,False
Bengaluru,2016-03-23,137.0,False,29.73,False,46.26,False
Bengaluru,2016-03-24,119.0,False,34.49,False,34.43,False
Bengaluru,2016-03-25,137.0,False,32.59,False,28.33,False
Bengaluru,2016-03-26,149.0,False,56.05,False,29.32,False
Bengaluru,2016-03-27,156.0,False,63.5,False,30.19,False
Bengaluru,2016-03-28,123.0,False,57.92,False,35.15,False
Bengaluru,2016-03-29,118.0,False,48.28,False,23.54,False
Bengaluru,2016-03-30,107.0,False,42.65,False,25.51,False
Bengaluru,2016-03-31,111.0,False,50.78,False,32.46,False
Bengaluru,2016-04-01,106.0,False,49.33,False,35.55,False
Bengaluru,2016-04-02,112.0,False,51.78,False,36.29,False
Bengaluru,2016-04-03,110.0,False,53.54,False,26.49,False
Bengaluru,2016-04-04,114.0,False,54.8,False,39.97,False
Bengaluru,2016-04-05,118.0,False,49.84,False,50.15,False
Bengaluru,2016-04-06,154.0,False,63.16,False,52.29,False
Bengaluru,2016-04-07,179.0,False,46.24,False,17.79,False
Bengaluru,2016-04-08,102.0,False,34.18,False,17.37,False
Bengaluru,2016-04-09,170.0,False,33.01,False,38.54,False
Bengaluru,2016-04-10,112.0,False,31.3,False,19.45,False
Bengaluru,2016-04-11,138.0,False,31.68,False,19.05,False
Bengaluru,2016-04-12,121.0,False,36.98,False,14.71,False
Bengaluru,2016-04-13,118.0,False,36.88,False,30.43,False
Bengaluru,2016-04-14,171.0,False,35.46,False,31.64,False
Bengaluru,2016-04-15,156.0,False,35.31,False,18.99,False
Bengaluru,2016-04-16,140.0,False,34.85,False,10.08,False
Bengaluru,2016-04-17,114.0,False,36.9,False,9.89,False
Bengaluru,2016-04-18,138.0,False,38.81,False,16.09,False
Bengaluru,2016-04-19,137.0,False,34.65,False,12.86,False
Bengaluru,2016-04-20,134.0,False,31.89,False,19.53,False
Bengaluru,2016-04-21,119.0,False,33.61,False,13.97,False
Bengaluru,2016-04-22,98.0,False,34.83,False,10.21,False
Bengaluru,2016-04-23,107.0,False,39.01,False,19.84,False
Bengaluru,2016-04-24,150.0,False,39.53,False,19.55,False
Bengaluru,2016-04-25,94.0,False,37.17,False,16.25,False
Bengaluru,2016-04-26,85.0,False,39.88,False,21.35,False
Bengaluru,2016-04-27,115.0,False,32.59,False,22.96,False
Bengaluru,2016-04-28,74.0,False,47.42,False,22.55,False
Bengaluru,2016-04-29,88.0,False,48.78,False,23.05,False
Bengaluru,2016-04-30,86.0,False,46.6,False,20.19,False
Bengaluru,2016-05-01,87.0,False,35.86,False,23.12,False
Bengaluru,2016-05-02,99.0,False,39.87,False,28.17,False
Bengaluru,2016-05-03,80.0,False,40.79,False,43.48,False
Bengaluru,2016-05-04,102.0,False,57.96,False,32.02,False
Bengaluru,2016-05-05,76.0,False,46.0,False,34.28,False
Bengaluru,2016-05-06,59.0,False,23.99,False,19.03,False
Bengaluru,2016-05-07,67.0,False,27.21,False,34.02,False
Bengaluru,2016-05-08,107.0,False,26.43,False,75.84,False
Bengaluru,2016-05-09,95.0,False,20.46,False,26.1,False
Bengaluru,2016-05-10,72.0,False,32.5,False,20.91,False
Bengaluru,2016-05-11,91.0,False,57.81,False,12.56,False
Bengaluru,2016-05-12,88.0,False,31.19,False,14.44,False
Bengaluru,2016-05-13,86.0,False,34.06,False,10.89,False
Bengaluru,2016-05-14,78.0,False,33.05,False,31.46,False
Bengaluru,2016-05-15,65.0,False,28.39,False,11.86,False
Bengaluru,2016-05-16,50.0,False,27.01,False,18.35,False
Bengaluru,2016-05-17,74.0,False,36.67,False,21.65,False
Bengaluru,2016-05-18,47.0,False,27.51,False,23.46,False
Bengaluru,2016-05-19,46.0,False,28.47,False,5.53,False
Bengaluru,2016-05-20,48.0,False,22.27,False,10.54,False
Bengaluru,2016-05-21,35.0,False,42.52,False,8.91,False
Bengaluru,2016-05-22,83.0,False,152.94,False,9.86,False
Bengaluru,2016-05-23,173.0,False,28.65,False,11.01,False
Bengaluru,2016-05-24,50.0,False,25.75,False,6.83,False
Bengaluru,2016-05-25,37.0,False,27.46,True,8.52,False
Bengaluru,2016-05-26,33.0,False,29.16,True,8.02,False
Bengaluru,2016-05-27,38.0,False,30.86,True,7.12,False
Bengaluru,2016-05-28,38.0,False,32.57,True,7.81,False
Bengaluru,2016-05-29,27.0,False,34.28,True,7.3,False
Bengaluru,2016-05-30,26.0,False,35.98,False,14.57,False
Bengaluru,2016-05-31,47.0,False,27.6,False,25.1,False
Bengaluru,2016-06-01,49.0,False,17.15,False,31.6,False
Bengaluru,2016-06-02,43.0,False,17.71,False,18.64,False
Bengaluru,2016-06-03,29.0,False,18.79,True,10.15,False
Bengaluru,2016-06-04,30.0,False,19.87,True,10.81,False
Bengaluru,2016-06-05,33.0,False,20.95,True,9.08,False
Bengaluru,2016-06-06,26.0,False,22.03,True,8.56,False
Bengaluru,2016-06-07,23.0,False,23.11,True,11.68,False
Bengaluru,2016-06-08,20.0,False,24.19,True,9.28,False
Bengaluru,2016-06-09,20.0,True,25.27,True,9.93,False
Bengaluru,2016-06-10,20.0,False,26.34,True,10.05,False
Bengaluru,2016-06-11,20.0,False,27.42,True,10.14,False
Bengaluru,2016-06-12,23.0,False,28.5,True,8.84,False
Bengaluru,2016-06-13,26.0,False,29.58,True,9.8,False
Bengaluru,2016-06-14,23.0,False,30.66,True,12.82,False
Bengaluru,2016-06-15,26.0,False,31.74,True,14.43,False
Bengaluru,2016-06-16,40.0,False,32.82,True,10.93,False
Bengaluru,2016-06-17,28.0,False,33.9,False,18.94,False
Bengaluru,2016-06-18,156.0,False,31.98,False,20.46,False
Bengaluru,2016-06-19,195.0,False,26.77,False,15.29,False
Bengaluru,2016-06-20,137.0,False,27.61,False,21.69,False
Bengaluru,2016-06-21,71.0,False,28.24,False,15.81,False
Bengaluru,2016-06-22,77.0,False,29.83,False,17.61,False
Bengaluru,2016-06-23,143.0,False,19.0,False,16.91,False
Bengaluru,2016-06-24,181.0,False,15.04,False,17.15,False
Bengaluru,2016-06-25,31.0,False,15.54,True,20.15,True
Bengaluru,2016-06-26,32.0,True,16.04,True,23.15,True
Bengaluru,2016-06-27,33.0,False,16.54,False,26.15,False
Bengaluru,2016-06-28,151.0,False,27.23,False,23.71,False
Bengaluru,2016-06-29,174.0,False,115.98,False,24.19,False
Bengaluru,2016-06-30,154.0,False,13.95,False,20.42,False
Bengaluru,2016-07-01,208.0,False,25.0,False,19.59,False
Bengaluru,2016-07-02,192.0,False,31.8,False,15.96,False
Bengaluru,2016-07-03,238.0,False,17.36,False,20.82,False
Bengaluru,2016-07-04,160.0,False,19.4,False,23.11,False
Bengaluru,2016-07-05,83.0,False,18.36,False,19.9,False
Bengaluru,2016-07-06,56.0,False,17.26,False,13.18,False
Bengaluru,2016-07-07,141.0,False,15.02,False,13.05,False
Bengaluru,2016-07-08,43.0,False,13.01,True,18.6,False
Bengaluru,2016-07-09,65.0,False,10.99,True,15.69,False
Bengaluru,2016-07-10,30.0,False,8.98,False,8.98,False
Bengaluru,2016-07-11,40.0,False,35.13,True,13.36,False
Bengaluru,2016-07-12,54.0,False,61.28,True,11.15,False
Bengaluru,2016-07-13,41.0,False,87.43,True,7.84,False
Bengaluru,2016-07-14,42.0,False,113.58,True,14.43,False
Bengaluru,2016-07-15,54.0,False,139.72,True,23.36,False
Bengaluru,2016-07-16,61.0,False,165.87,True,33.33,False
Bengaluru,2016-07-17,70.0,False,192.02,True,20.74,False
Bengaluru,2016-07-18,62.0,False,218.17,False,10.49,False
Bengaluru,2016-07-19,308.0,False,55.51,False,10.06,False
Bengaluru,2016-07-20,251.5,True,25.56,False,12.58,False
Bengaluru,2016-07-21,195.0,True,26.7,False,56.7,False
Bengaluru,2016-07-22,138.5,True,20.15,False,39.62,False
Bengaluru,2016-07-23,82.0,False,16.28,True,20.88,False
Bengaluru,2016-07-24,70.5,True,12.42,False,5.22,False
Bengaluru,2016-07-25,59.0,True,11.01,False,29.17,False
Bengaluru,2016-07-26,47.5,True,32.56,False,4.44,False
Bengaluru,2016-07-27,36.0,False,22.79,False,3.0,False
Bengaluru,2016-07-28,36.0,False,17.0,False,10.29,False
Bengaluru,2016-07-29,55.0,False,22.19,False,16.14,False
Bengaluru,2016-07-30,58.0,False,8.74,False,10.3,False
Bengaluru,2016-07-31,37.0,False,18.9,False,30.71,False
Bengaluru,2016-08-01,72.0,False,17.54,False,30.36,False
Bengaluru,2016-08-02,33.0,False,20.06,False,9.27,False
Bengaluru,2016-08-03,53.0,False,19.91,False,18.42,False
Bengaluru,2016-08-04,64.0,False,14.66,False,17.36,False
Bengaluru,2016-08-05,61.75,True,17.05,True,12.5,False
Bengaluru,2016-08-06,59.5,True,19.45,True,12.58,True
Bengaluru,2016-08-07,57.25,True,21.84,True,12.65,True
Bengaluru,2016-08-08,55.0,True,24.24,True,12.73,False
Bengaluru,2016-08-09,52.75,True,26.63,True,10.08,False
Bengaluru,2016-08-10,50.5,True,29.03,True,12.38,True
Bengaluru,2016-08-11,48.25,True,31.42,False,14.68,False
Bengaluru,2016-08-12,46.0,False,25.09,False,8.97,False
Bengaluru,2016-08-13,37.0,False,21.94,False,8.83,False
Bengaluru,2016-08-14,38.0,False,21.57,False,14.87,False
Bengaluru,2016-08-15,49.0,False,14.38,False,12.56,False
Bengaluru,2016-08-16,71.0,False,101.09,False,12.41,False
Bengaluru,2016-08-17,229.0,False,33.05,False,16.2,False
Bengaluru,2016-08-18,68.0,False,39.14,False,15.46,False
Bengaluru,2016-08-19,64.0,False,41.43,False,18.34,False
Bengaluru,2016-08-20,62.0,False,100.39,False,21.01,False
Bengaluru,2016-08-21,66.0,False,56.45,False,17.24,False
Bengaluru,2016-08-22,45.0,False,35.4,False,15.82,False
Bengaluru,2016-08-23,66.0,False,43.43,False,16.31,False
Bengaluru,2016-08-24,71.0,False,34.99,False,17.43,False
Bengaluru,2016-08-25,75.0,False,15.02,False,18.74,False
Bengaluru,2016-08-26,62.0,False,29.31,False,23.2,False
Bengaluru,2016-08-27,77.0,False,19.65,False,22.46,False
Bengaluru,2016-08-28,48.0,False,6.82,False,42.15,False
Bengaluru,2016-08-29,47.0,False,27.16,False,20.93,False
Bengaluru,2016-08-30,57.0,False,27.9,False,20.47,False
Bengaluru,2016-08-31,49.0,False,35.17,False,19.08,False
Bengaluru,2016-09-01,57.0,False,37.57,False,22.32,False
Bengaluru,2016-09-02,74.0,False,23.25,False,21.96,False
Bengaluru,2016-09-03,68.0,False,31.08,False,19.42,False
Bengaluru,2016-09-04,71.0,False,37.35,False,20.08,False
Bengaluru,2016-09-05,55.0,False,22.49,False,25.1,False
Bengaluru,2016-09-06,59.0,False,37.14,False,32.8,False
Bengaluru,2016-09-07,60.0,False,28.89,False,40.9,False
Bengaluru,2016-09-08,55.0,False,28.25,False,59.8,False
Bengaluru,2016-09-09,68.0,False,36.1,True,40.18,False
Bengaluru,2016-09-10,84.0,False,43.95,False,19.99,False
Bengaluru,2016-09-11,64.0,False,24.72,False,21.18,False
Bengaluru,2016-09-12,60.0,False,23.88,True,16.07,False
Bengaluru,2016-09-13,60.0,False,23.04,False,12.98,False
Bengaluru,2016-09-14,60.0,False,13.59,False,21.47,False
Bengaluru,2016-09-15,74.0,False,11.1,False,29.29,False
Bengaluru,2016-09-16,66.0,False,32.23,False,32.53,False
Bengaluru,2016-09-17,70.0,False,41.01,False,25.42,False
Bengaluru,2016-09-18,78.0,False,30.9,False,33.55,False
Bengaluru,2016-09-19,58.0,False,26.31,False,30.0,False
Bengaluru,2016-09-20,47.0,False,32.98,False,26.31,False
Bengaluru,2016-09-21,40.0,False,43.4,False,26.08,False
Bengaluru,2016-09-22,58.0,False,32.46,False,23.58,False
Bengaluru,2016-09-23,76.0,False,26.6,False,21.48,False
Bengaluru,2016-09-24,102.0,False,39.41,False,29.0,False
Bengaluru,2016-09-25,84.0,False,10.22,False,33.14,False
Bengaluru,2016-09-26,90.0,False,16.88,False,33.42,False
Bengaluru,2016-09-27,85.0,False,17.1,False,30.5,False
Bengaluru,2016-09-28,83.0,False,46.14,False,26.83,False
Bengaluru,2016-09-29,114.0,False,55.24,False,26.2,False
Bengaluru,2016-09-30,150.0,False,75.42,False,17.34,False
Bengaluru,2016-10-01,124.0,False,65.16,False,22.49,False
Bengaluru,2016-10-02,104.0,False,66.96,True,30.02,False
Bengaluru,2016-10-03,114.0,False,68.77,True,29.19,False
Bengaluru,2016-10-04,111.0,False,70.57,False,24.24,False
Bengaluru,2016-10-05,101.0,False,69.14,False,20.54,False
Bengaluru,2016-10-06,89.0,False,54.75,False,20.33,False
Bengaluru,2016-10-07,103.0,False,41.7,False,24.67,False
Bengaluru,2016-10-08,91.0,False,27.31,False,25.65,False
Bengaluru,2016-10-09,83.0,False,13.51,False,27.68,False
Bengaluru,2016-10-10,129.0,False,18.96,False,26.66,False
Bengaluru,2016-10-11,78.0,False,14.61,False,24.16,False
Bengaluru,2016-10-12,75.0,False,21.3,False,28.0,False
Bengaluru,2016-10-13,141.0,False,25.15,False,31.42,False
Bengaluru,2016-10-14,69.0,False,24.23,False,25.35,False
Bengaluru,2016-10-15,58.0,False,35.18,False,39.16,False
Bengaluru,2016-10-16,73.0,False,32.41,False,47.09,False
Bengaluru,2016-10-17,85.0,False,56.36,False,38.07,False
Bengaluru,2016-10-18,183.0,False,53.43,False,33.94,False
Bengaluru,2016-10-19,85.0,False,44.05,False,35.85,False
Bengaluru,2016-10-20,75.0,False,62.36,False,38.24,False
Bengaluru,2016-10-21,132.0,False,62.74,False,35.42,False
Bengaluru,2016-10-22,176.0,False,97.17,False,33.75,False
Bengaluru,2016-10-23,184.0,False,67.85,False,38.05,False
Bengaluru,2016-10-24,127.0,False,58.78,False,41.96,False
Bengaluru,2016-10-25,163.0,False,80.99,False,36.1,False
Bengaluru,2016-10-26,164.0,False,68.17,False,44.78,False
Bengaluru,2016-10-27,132.0,False,59.61,False,46.57,False
Bengaluru,2016-10-28,116.0,False,62.38,False,46.43,False
Bengaluru,2016-10-29,174.0,False,78.74,False,44.4,False
Bengaluru,2016-10-30,188.0,False,60.79,False,38.53,False
Bengaluru,2016-10-31,88.0,False,36.92,False,34.8,False
Bengaluru,2016-11-01,51.0,False,21.2,False,30.89,False
Bengaluru,2016-11-02,57.0,False,31.26,False,39.54,False
Bengaluru,2016-11-03,82.0,False,34.79,False,41.17,False
Bengaluru,2016-11-04,88.0,False,55.92,False,37.52,False
Bengaluru,2016-11-05,111.0,False,55.03,False,29.98,False
Bengaluru,2016-11-06,90.0,False,41.23,False,27.4,False
Bengaluru,2016-11-07,78.0,False,43.91,False,31.23,False
Bengaluru,2016-11-08,94.0,False,52.08,False,32.63,False
Bengaluru,2016-11-09,95.0,False,46.94,False,28.38,False
Bengaluru,2016-11-10,112.0,False,49.03,False,30.8,False
Bengaluru,2016-11-11,124.0,False,57.78,False,41.03,False
Bengaluru,2016-11-12,122.0,False,52.72,False,37.57,False
Bengaluru,2016-11-13,99.0,False,38.42,False,38.81,False
Bengaluru,2016-11-14,44.0,False,29.96,False,36.67,False
Bengaluru,2016-11-15,38.0,False,27.64,False,25.66,False
Bengaluru,2016-11-16,102.0,False,35.8,False,25.46,False
Bengaluru,2016-11-17,189.0,False,40.13,False,34.52,False
Bengaluru,2016-11-18,101.0,False,43.6,False,30.86,False
Bengaluru,2016-11-19,86.0,False,48.93,False,26.23,False
Bengaluru,2016-11-20,95.0,False,42.21,False,38.1,False
Bengaluru,2016-11-21,120.0,False,102.01,False,44.31,False
Bengaluru,2016-11-22,101.0,False,91.6,False,31.76,False
Bengaluru,2016-11-23,335.0,False,47.76,False,39.92,False
Bengaluru,2016-11-24,140.0,False,86.62,False,32.55,False
Bengaluru,2016-11-25,133.0,False,46.12,False,33.94,False
Bengaluru,2016-11-26,113.0,False,46.87,False,36.46,False
Bengaluru,2016-11-27,117.0,False,53.71,False,37.49,False
Bengaluru,2016-11-28,124.0,False,49.9,False,38.97,False
Bengaluru,2016-11-29,120.0,False,59.3,False,37.55,False
Bengaluru,2016-11-30,160.0,False,49.69,False,31.49,False
Bengaluru,2016-12-01,114.0,False,45.84,False,26.72,False
Bengaluru,2016-12-02,103.0,False,22.14,False,26.06,False
Bengaluru,2016-12-03,67.0,False,18.3,False,30.35,False
Bengaluru,2016-12-04,125.0,False,24.44,False,23.2,False
Bengaluru,2016-12-05,209.0,False,23.63,False,30.2,False
Bengaluru,2016-12-06,200.0,False,36.97,False,44.45,False
Bengaluru,2016-12-07,101.0,False,40.72,False,44.74,False
Bengaluru,2016-12-08,85.0,False,32.59,False,43.67,False
Bengaluru,2016-12-09,163.0,False,44.96,False,40.56,False
Bengaluru,2016-12-10,75.0,False,30.37,False,37.24,False
Bengaluru,2016-12-11,132.0,False,24.98,False,42.15,False
Bengaluru,2016-12-12,119.0,False,42.19,False,25.22,False
Bengaluru,2016-12-13,342.0,False,204.25,False,22.25,False
Bengaluru,2016-12-14,104.0,False,30.72,False,23.41,False
Bengaluru,2016-12-15,93.0,False,28.47,False,37.05,False
Bengaluru,2016-12-16,134.0,False,34.57,False,37.38,False
Bengaluru,2016-12-17,103.0,False,36.97,False,38.93,False
Bengaluru,2016-12-18,90.0,False,35.21,False,40.15,False
Bengaluru,2016-12-19,97.0,False,37.8,False,40.9,False
Bengaluru,2016-12-20,93.0,False,19.09,False,35.67,False
Bengaluru,2016-12-21,74.0,False,19.68,False,24.18,False
Bengaluru,2016-12-22,75.0,False,39.64,False,30.67,False
Bengaluru,2016-12-23,100.0,False,43.67,False,72.51,False
Bengaluru,2016-12-24,112.0,False,57.79,False,79.24,False
Bengaluru,2016-12-25,114.0,False,39.11,False,46.39,False
Bengaluru,2016-12-26,104.0,False,34.02,False,49.47,False
Bengaluru,2016-12-27,90.0,False,53.5,False,41.33,False
Bengaluru,2016-12-28,84.0,False,38.53,False,20.7,False
Bengaluru,2016-12-29,76.0,False,44.9,False,30.07,False
Bengaluru,2016-12-30,93.0,False,54.65,False,44.47,False
Bengaluru,2016-12-31,106.0,False,40.96,False,47.25,False
Bengaluru,2017-01-01,88.0,False,20.13,False,42.34,False
Bengaluru,2017-01-02,83.0,False,19.61,False,40.94,False
Bengaluru,2017-01-03,87.0,False,26.66,False,49.02,False
Bengaluru,2017-01-04,91.0,False,36.93,False,38.48,False
Bengaluru,2017-01-05,85.0,False,36.09,False,36.01,False
Bengaluru,2017-01-06,88.0,False,41.53,False,39.13,False
Bengaluru,2017-01-07,106.0,False,47.48,False,40.87,False
Bengaluru,2017-01-08,95.0,False,37.61,False,33.21,False
Bengaluru,2017-01-09,87.0,False,43.11,False,44.61,False
Bengaluru,2017-01-10,130.0,False,74.1,False,37.38,False
Bengaluru,2017-01-11,132.0,False,42.42,False,47.35,False
Bengaluru,2017-01-12,110.0,False,24.26,False,44.12,False
Bengaluru,2017-01-13,91.0,False,31.22,False,26.86,False
Bengaluru,2017-01-14,78.0,False,29.21,False,13.26,False
Bengaluru,2017-01-15,71.0,False,26.3,False,11.83,False
Bengaluru,2017-01-16,66.0,False,31.65,False,34.1,False
Bengaluru,2017-01-17,94.0,False,37.02,False,52.33,False
Bengaluru,2017-01-18,117.0,False,39.68,False,47.26,False
Bengaluru,2017-01-19,87.0,False,31.59,False,42.72,False
Bengaluru,2017-01-20,85.0,False,39.92,False,47.16,False
Bengaluru,2017-01-21,98.0,False,40.34,False,67.51,False
Bengaluru,2017-01-22,98.0,False,44.9,True,76.4,False
Bengaluru,2017-01-23,111.0,False,49.45,False,67.63,False
Bengaluru,2017-01-24,100.0,False,41.55,False,45.39,False
Bengaluru,2017-01-25,168.0,False,34.96,False,41.5,False
Bengaluru,2017-01-26,182.0,False,27.04,False,28.01,False
Bengaluru,2017-01-27,174.0,False,23.36,False,46.38,False
Bengaluru,2017-01-28,210.0,False,10.26,False,63.82,False
Bengaluru,2017-01-29,214.0,False,6.8,False,39.99,False
Bengaluru,2017-01-30,230.0,False,31.79,False,40.89,False
Bengaluru,2017-01-31,97.0,False,37.81,False,40.55,False
Bengaluru,2017-02-01,101.0,False,27.42,False,43.93,False
Bengaluru,2017-02-02,94.0,False,49.35,False,58.2,False
Bengaluru,2017-02-03,207.0,False,32.16,False,43.39,False
Bengaluru,2017-02-04,270.0,False,32.08,False,19.23,False
Bengaluru,2017-02-05,269.0,False,29.93,False,19.93,False
Bengaluru,2017-02-06,273.0,False,32.73,False,45.2,False
Bengaluru,2017-02-07,238.0,False,43.1,False,64.19,False
Bengaluru,2017-02-08,200.0,False,41.94,False,45.34,False
Bengaluru,2017-02-09,69.0,False,38.04,False,45.51,False
Bengaluru,2017-02-10,77.0,False,36.09,False,41.63,False
Bengaluru,2017-02-11,109.0,False,29.54,False,51.47,False
Bengaluru,2017-02-12,80.0,False,27.65,False,57.48,False
Bengaluru,2017-02-13,59.0,False,30.98,False,44.34,False
Bengaluru,2017-02-14,71.0,False,34.94,False,49.0,False
Bengaluru,2017-02-15,83.0,False,40.41,False,64.96,False
Bengaluru,2017-02-16,83.0,False,34.8,False,70.5,False
Bengaluru,2017-02-17,95.0,False,47.98,False,70.87,False
Bengaluru,2017-02-18,96.0,False,47.56,False,80.24,False
Bengaluru,2017-02-19,92.0,False,41.4,False,102.78,False
Bengaluru,2017-02-20,90.0,False,53.85,False,95.12,False
Bengaluru,2017-02-21,104.0,False,52.93,False,75.14,False
Bengaluru,2017-02-22,106.0,False,42.13,False,51.89,False
Bengaluru,2017-02-23,99.0,False,44.09,False,49.76,False
Bengaluru,2017-02-24,83.0,False,42.73,False,47.21,False
Bengaluru,2017-02-25,75.0,False,40.96,False,35.46,False
Bengaluru,2017-02-26,73.0,False,35.66,False,32.39,False
Bengaluru,2017-02-27,70.0,False,37.55,False,38.99,False
Bengaluru,2017-02-28,71.0,False,31.19,False,43.09,False
Bengaluru,2017-03-01,71.0,False,39.98,False,72.79,False
Bengaluru,2017-03-02,75.0,False,36.36,False,51.16,False
Bengaluru,2017-03-03,104.0,False,29.87,False,40.71,False
Bengaluru,2017-03-04,57.0,False,28.41,False,41.35,False
Bengaluru,2017-03-05,59.0,False,23.15,False,25.6,False
Bengaluru,2017-03-06,54.0,False,26.67,False,29.12,False
Bengaluru,2017-03-07,59.0,False,27.87,False,38.6,False
Bengaluru,2017-03-08,102.0,False,31.78,False,41.89,False
Bengaluru,2017-03-09,72.0,False,32.53,False,38.79,False
Bengaluru,2017-03-10,66.0,False,29.4,False,22.5,False
Bengaluru,2017-03-11,56.0,False,28.94,False,25.81,False
Bengaluru,2017-03-12,66.0,False,27.07,False,28.21,False
Bengaluru,2017-03-13,55.0,False,42.64,False,26.88,False
Bengaluru,2017-03-14,69.0,False,21.93,False,25.17,False
Bengaluru,2017-03-15,44.0,False,17.99,False,23.84,False
Bengaluru,2017-03-16,54.0,False,27.59,False,23.73,False
Bengaluru,2017-03-17,98.0,False,39.28,False,30.51,False
Bengaluru,2017-03-18,99.0,False,32.33,False,30.75,False
Bengaluru,2017-03-19,95.0,False,32.31,False,21.08,False
Bengaluru,2017-03-20,87.0,False,38.73,False,29.11,False
Bengaluru,2017-03-21,83.0,False,36.42,False,30.76,False
Bengaluru,2017-03-22,74.0,False,43.96,False,32.28,False
Bengaluru,2017-03-23,89.0,False,44.26,False,41.3,False
Bengaluru,2017-03-24,140.0,False,67.75,False,39.52,False
Bengaluru,2017-03-25,104.0,False,47.51,False,40.07,False
Bengaluru,2017-03-26,99.0,False,53.63,False,35.29,False
Bengaluru,2017-03-27,90.0,False,40.42,False,27.16,False
Bengaluru,2017-03-28,82.0,False,55.94,False,30.4,False
Bengaluru,2017-03-29,112.0,False,41.83,False,23.82,False
Bengaluru,2017-03-30,90.0,False,46.83,False,27.69,False
Bengaluru,2017-03-31,112.0,False,55.9,False,37.77,False
Bengaluru,2017-04-01,124.0,False,51.65,False,37.78,False
Bengaluru,2017-04-02,113.0,False,32.61,False,30.53,False
Bengaluru,2017-04-03,117.0,False,39.37,False,41.21,False
Bengaluru,2017-04-04,120.0,False,36.85,False,25.76,False
Bengaluru,2017-04-05,94.0,False,29.5,False,20.83,False
Bengaluru,2017-04-06,110.0,False,29.52,False,19.83,False
Bengaluru,2017-04-07,94.0,False,31.08,False,24.61,False
Bengaluru,2017-04-08,82.0,False,36.66,False,34.42,False
Bengaluru,2017-04-09,75.0,False,29.29,False,28.32,False
Bengaluru,2017-04-10,99.0,False,43.0,False,34.64,False
Bengaluru,2017-04-11,99.0,False,31.18,False,34.13,False
Bengaluru,2017-04-12,78.0,False,50.84,False,27.24,False
Bengaluru,2017-04-13,108.0,False,50.54,False,37.62,False
Bengaluru,2017-04-14,107.0,False,51.33,False,39.64,False
Bengaluru,2017-04-15,106.0,False,35.01,False,45.01,False
Bengaluru,2017-04-16,105.0,False,29.02,False,32.75,False
Bengaluru,2017-04-17,86.0,False,34.86,False,27.93,False
Bengaluru,2017-04-18,77.0,False,38.46,False,24.41,False
Bengaluru,2017-04-19,92.0,False,38.13,False,25.49,False
Bengaluru,2017-04-20,81.0,False,29.75,False,24.78,False
Bengaluru,2017-04-21,75.0,False,21.53,False,24.41,False
Bengaluru,2017-04-22,64.0,False,25.46,False,22.79,False
Bengaluru,2017-04-23,50.0,False,28.49,False,23.6,False
Bengaluru,2017-04-24,59.0,False,34.85,False,32.57,False
Bengaluru,2017-04-25,66.0,False,29.88,False,31.4,False
Bengaluru,2017-04-26,92.0,False,33.95,False,42.65,False
Bengaluru,2017-04-27,87.0,False,40.01,False,38.94,False
Bengaluru,2017-04-28,96.0,False,62.07,False,32.77,False
Bengaluru,2017-04-29,139.0,False,38.44,False,39.84,False
Bengaluru,2017-04-30,65.0,False,13.3,False,45.34,False
Bengaluru,2017-05-01,77.0,False,20.32,False,31.84,False
Bengaluru,2017-05-02,60.0,False,24.2,False,41.08,False
Bengaluru,2017-05-03,84.0,False,66.24,False,35.96,False
Bengaluru,2017-05-04,94.0,False,42.2,False,43.35,False
Bengaluru,2017-05-05,80.0,False,28.27,False,42.47,False
Bengaluru,2017-05-06,89.0,False,40.02,False,37.46,False
Bengaluru,2017-05-07,98.0,False,30.26,False,29.37,False
Bengaluru,2017-05-08,82.0,False,27.66,False,31.17,False
Bengaluru,2017-05-09,69.0,False,32.01,False,31.86,False
Bengaluru,2017-05-10,41.0,False,23.19,False,32.79,False
Bengaluru,2017-05-11,53.0,False,28.52,False,39.12,False
Bengaluru,2017-05-12,68.0,False,50.58,False,23.23,False
Bengaluru,2017-05-13,156.0,False,120.56,False,26.63,False
Bengaluru,2017-05-14,101.0,False,25.22,False,30.63,False
Bengaluru,2017-05-15,52.0,False,14.94,False,26.57,False
Bengaluru,2017-05-16,56.0,False,19.1,False,29.5,False
Bengaluru,2017-05-17,67.0,False,22.93,False,26.74,False
Bengaluru,2017-05-18,70.0,False,36.58,False,27.92,False
Bengaluru,2017-05-19,64.0,False,20.87,False,32.01,False
Bengaluru,2017-05-20,50.0,False,17.43,False,37.75,False
Bengaluru,2017-05-21,59.0,False,12.53,False,34.15,False
Bengaluru,2017-05-22,44.0,False,16.58,False,33.06,False
Bengaluru,2017-05-23,58.0,False,25.83,False,37.11,False
Bengaluru,2017-05-24,62.0,False,19.58,False,30.27,False
Bengaluru,2017-05-25,57.0,False,21.39,False,29.53,False
Bengaluru,2017-05-26,66.0,False,24.85,False,26.78,False
Bengaluru,2017-05-27,47.0,False,18.21,False,29.32,False
Bengaluru,2017-05-28,41.0,False,19.75,False,25.4,False
Bengaluru,2017-05-29,43.0,False,21.08,False,26.89,False
Bengaluru,2017-05-30,46.0,False,23.2,False,25.22,False
Bengaluru,2017-05-31,42.0,False,22.87,False,27.67,False
Bengaluru,2017-06-01,54.0,False,22.79,False,31.62,False
Bengaluru,2017-06-02,52.0,False,20.19,False,32.25,False
Bengaluru,2017-06-03,42.0,False,20.98,False,33.91,False
Bengaluru,2017-06-04,28.0,False,13.39,False,24.89,False
Bengaluru,2017-06-05,29.0,False,21.81,False,31.17,False
Bengaluru,2017-06-06,54.0,False,22.93,False,30.17,False
Bengaluru,2017-06-07,47.0,False,22.94,False,27.88,False
Bengaluru,2017-06-08,51.0,False,20.75,False,25.47,False
Bengaluru,2017-06-09,55.0,False,23.65,False,27.84,False
Bengaluru,2017-06-10,54.0,False,19.78,False,31.35,False
Bengaluru,2017-06-11,51.0,False,16.51,False,30.97,False
Bengaluru,2017-06-12,45.0,False,19.12,False,28.24,False
Bengaluru,2017-06-13,44.0,False,21.6,False,28.56,False
Bengaluru,2017-06-14,59.0,False,19.77,False,29.47,False
Bengaluru,2017-06-15,76.0,False,24.56,False,31.52,False
Bengaluru,2017-06-16,65.0,False,24.66,False,31.25,False
Bengaluru,2017-06-17,60.0,False,24.18,False,30.54,False
Bengaluru,2017-06-18,57.0,False,17.82,False,26.38,False
Bengaluru,2017-06-19,50.0,False,16.61,False,25.73,False
Bengaluru,2017-06-20,53.0,False,24.03,False,25.75,False
Bengaluru,2017-06-21,70.0,False,19.58,False,30.5,False
Bengaluru,2017-06-22,60.0,False,21.05,False,26.66,False
Bengaluru,2017-06-23,54.0,False,24.53,False,30.26,False
Bengaluru,2017-06-24,60.0,False,25.35,False,45.04,False
Bengaluru,2017-06-25,71.0,False,25.16,False,39.31,False
Bengaluru,2017-06-26,138.0,False,31.13,False,37.52,False
Bengaluru,2017-06-27,78.0,False,37.61,False,38.89,False
Bengaluru,2017-06-28,82.0,False,37.34,False,34.73,False
Bengaluru,2017-06-29,76.0,False,36.44,False,31.89,False
Bengaluru,2017-06-30,76.0,False,35.4,False,33.89,False
Bengaluru,2017-07-01,92.0,False,25.33,False,39.99,False
Bengaluru,2017-07-02,160.0,False,30.07,False,68.84,False
Bengaluru,2017-07-03,92.0,False,25.82,False,68.34,False
Bengaluru,2017-07-04,85.0,False,83.37,True,32.27,False
Bengaluru,2017-07-05,93.0,False,140.93,True,30.38,False
Bengaluru,2017-07-06,87.0,False,198.48,True,27.42,False
Bengaluru,2017-07-07,97.5,True,256.04,True,27.96,False
Bengaluru,2017-07-08,108.0,False,313.59,False,32.94,False
Bengaluru,2017-07-09,112.0,False,35.29,False,31.08,False
Bengaluru,2017-07-10,102.0,False,33.44,False,29.55,False
Bengaluru,2017-07-11,78.0,False,29.38,False,29.5,False
Bengaluru,2017-07-12,67.0,False,27.64,False,26.82,False
Bengaluru,2017-07-13,74.0,False,28.97,False,30.58,False
Bengaluru,2017-07-14,72.0,False,22.68,False,30.3,False
Bengaluru,2017-07-15,82.0,False,22.43,False,32.43,False
Bengaluru,2017-07-16,61.0,False,17.2,False,31.1,False
Bengaluru,2017-07-17,68.0,False,21.05,False,30.06,False
Bengaluru,2017-07-18,68.0,False,18.45,False,29.79,False
Bengaluru,2017-07-19,60.0,False,16.44,False,31.75,False
Bengaluru,2017-07-20,61.0,False,31.68,False,31.34,False
Bengaluru,2017-07-21,111.0,False,21.53,False,31.7,False
Bengaluru,2017-07-22,132.0,False,20.15,False,33.19,False
Bengaluru,2017-07-23,107.0,False,17.34,False,32.36,False
Bengaluru,2017-07-24,109.0,False,24.23,False,31.45,False
Bengaluru,2017-07-25,164.0,False,28.54,False,30.72,False
Bengaluru,2017-07-26,85.0,False,23.68,False,30.53,False
Bengaluru,2017-07-27,83.0,False,24.49,False,31.02,False
Bengaluru,2017-07-28,122.0,False,21.77,False,28.74,False
Bengaluru,2017-07-29,119.0,False,27.91,False,29.8,False
Bengaluru,2017-07-30,94.0,False,22.36,False,29.57,False
Bengaluru,2017-07-31,89.0,False,27.27,False,28.65,False
Bengaluru,2017-08-01,136.0,False,26.57,False,26.22,False
Bengaluru,2017-08-02,130.0,False,20.74,False,26.36,False
Bengaluru,2017-08-03,160.0,False,17.67,False,25.46,False
Bengaluru,2017-08-04,55.0,False,13.74,False,25.64,False
Bengaluru,2017-08-05,106.0,False,17.69,False,27.5,False
Bengaluru,2017-08-06,127.0,False,15.21,False,27.33,False
Bengaluru,2017-08-07,176.0,False,22.82,False,27.76,False
Bengaluru,2017-08-08,143.0,False,21.07,False,27.75,False
Bengaluru,2017-08-09,74.0,False,22.31,False,29.38,False
Bengaluru,2017-08-10,50.0,False,14.14,False,27.85,False
Bengaluru,2017-08-11,56.0,False,10.11,False,32.5,False
Bengaluru,2017-08-12,50.0,False,3.91,False,32.46,False
Bengaluru,2017-08-13,67.0,False,4.69,False,32.78,False
Bengaluru,2017-08-14,82.0,False,19.41,False,32.52,False
Bengaluru,2017-08-15,70.0,False,20.88,False,29.7,False
Bengaluru,2017-08-16,65.0,False,17.91,False,24.95,False
Bengaluru,2017-08-17,70.0,False,18.42,False,29.56,False
Bengaluru,2017-08-18,64.0,False,14.92,False,30.9,False
Bengaluru,2017-08-19,57.0,False,18.66,False,27.62,False
Bengaluru,2017-08-20,63.0,False,10.89,False,29.64,False
Bengaluru,2017-08-21,48.0,False,14.53,False,28.09,False
Bengaluru,2017-08-22,63.0,False,18.87,False,26.93,False
Bengaluru,2017-08-23,62.0,False,18.18,False,26.59,False
Bengaluru,2017-08-24,68.0,False,59.05,False,27.01,False
Bengaluru,2017-08-25,172.0,False,97.97,False,25.15,False
Bengaluru,2017-08-26,91.0,False,14.19,False,26.25,False
Bengaluru,2017-08-27,39.0,False,11.71,False,26.08,False
Bengaluru,2017-08-28,47.0,False,17.58,False,28.01,False
Bengaluru,2017-08-29,57.0,False,16.33,False,28.51,False
Bengaluru,2017-08-30,56.0,False,20.42,False,26.31,False
Bengaluru,2017-08-31,69.0,False,24.96,False,26.74,False
Bengaluru,2017-09-01,200.0,False,158.67,False,26.66,False
Bengaluru,2017-09-02,135.0,False,114.92,False,31.99,False
Bengaluru,2017-09-03,107.0,False,14.2,False,30.59,False
Bengaluru,2017-09-04,74.0,False,39.74,False,30.16,False
Bengaluru,2017-09-05,79.0,False,14.2,False,28.6,False
Bengaluru,2017-09-06,101.0,False,21.2,False,28.55,False
Bengaluru,2017-09-07,60.0,False,9.57,False,30.93,False
Bengaluru,2017-09-08,75.0,False,32.86,False,30.75,False
Bengaluru,2017-09-09,114.0,False,22.63,False,36.31,False
Bengaluru,2017-09-10,57.0,False,14.52,False,39.24,False
Bengaluru,2017-09-11,68.0,False,15.27,False,42.37,False
Bengaluru,2017-09-12,68.0,False,17.48,False,39.09,False
Bengaluru,2017-09-13,59.0,False,16.5,False,34.8,False
Bengaluru,2017-09-14,63.0,False,14.05,False,29.42,False
Bengaluru,2017-09-15,52.0,False,8.58,False,31.38,False
Bengaluru,2017-09-16,49.0,False,8.49,False,31.42,False
Bengaluru,2017-09-17,40.0,False,7.02,False,31.84,False
Bengaluru,2017-09-18,43.0,False,8.57,False,28.46,False
Bengaluru,2017-09-19,44.0,False,7.68,False,29.35,False
Bengaluru,2017-09-20,52.0,False,10.21,False,28.47,False
Bengaluru,2017-09-21,51.0,False,12.64,False,28.19,False
Bengaluru,2017-09-22,51.0,False,17.93,False,27.46,False
Bengaluru,2017-09-23,76.0,False,21.62,False,30.95,False
Bengaluru,2017-09-24,76.0,False,23.7,False,35.09,False
Bengaluru,2017-09-25,57.0,False,19.26,False,29.23,False
Bengaluru,2017-09-26,65.0,False,22.47,False,29.13,False
Bengaluru,2017-09-27,83.0,False,28.3,False,38.34,False
Bengaluru,2017-09-28,56.0,False,21.59,False,24.81,False
Bengaluru,2017-09-29,58.0,False,22.36,False,29.64,False
Bengaluru,2017-09-30,61.0,False,30.65,False,26.24,False
Bengaluru,2017-10-01,66.0,False,20.01,False,27.01,False
Bengaluru,2017-10-02,69.0,False,20.5,False,25.68,False
Bengaluru,2017-10-03,62.0,False,22.85,False,25.43,False
Bengaluru,2017-10-04,125.0,False,121.63,False,24.72,False
Bengaluru,2017-10-05,126.0,False,21.36,False,32.24,False
Bengaluru,2017-10-06,80.0,False,24.73,False,28.49,False
Bengaluru,2017-10-07,70.0,False,29.16,False,26.77,False
Bengaluru,2017-10-08,104.0,False,78.14,False,22.5,False
Bengaluru,2017-10-09,83.0,False,26.08,False,25.0,False
Bengaluru,2017-10-10,130.0,False,32.21,False,29.03,False
Bengaluru,2017-10-11,79.0,False,22.5,False,31.64,False
Bengaluru,2017-10-12,71.0,False,27.29,False,30.86,False
Bengaluru,2017-10-13,61.0,False,24.83,False,30.63,False
Bengaluru,2017-10-14,67.0,False,32.61,False,28.07,False
Bengaluru,2017-10-15,73.0,False,40.34,False,34.04,False
Bengaluru,2017-10-16,58.0,False,21.63,False,29.07,False
Bengaluru,2017-10-17,64.0,False,27.86,False,35.25,False
Bengaluru,2017-10-18,98.0,False,39.39,False,41.73,False
Bengaluru,2017-10-19,98.0,False,44.66,False,32.42,False
Bengaluru,2017-10-20,177.0,False,79.76,False,40.38,False
Bengaluru,2017-10-21,129.0,False,39.67,False,32.18,False
Bengaluru,2017-10-22,79.0,False,22.44,False,31.05,False
Bengaluru,2017-10-23,80.0,False,26.85,False,33.32,False
Bengaluru,2017-10-24,94.0,False,42.56,False,44.63,False
Bengaluru,2017-10-25,96.0,False,35.29,False,43.04,False
Bengaluru,2017-10-26,75.0,False,25.49,False,39.14,False
Bengaluru,2017-10-27,66.0,False,26.03,False,36.53,False
Bengaluru,2017-10-28,80.0,False,37.38,False,39.18,False
Bengaluru,2017-10-29,98.0,False,47.47,False,39.01,False
Bengaluru,2017-10-30,102.0,False,45.49,False,32.5,False
Bengaluru,2017-10-31,120.0,False,122.41,False,33.67,False
Bengaluru,2017-11-01,141.0,False,39.88,False,24.85,False
Bengaluru,2017-11-02,120.0,False,66.54,False,26.81,False
Bengaluru,2017-11-03,159.0,False,58.73,False,29.41,False
Bengaluru,2017-11-04,125.0,False,41.02,False,34.07,False
Bengaluru,2017-11-05,59.0,False,26.7,False,29.05,False
Bengaluru,2017-11-06,49.0,False,22.05,False,29.82,False
Bengaluru,2017-11-07,68.0,False,27.98,False,33.64,False
Bengaluru,2017-11-08,54.0,False,26.89,False,33.43,False
Bengaluru,2017-11-09,70.0,False,25.94,False,37.65,False
Bengaluru,2017-11-10,75.0,False,31.21,False,30.19,False
Bengaluru,2017-11-11,77.0,False,32.87,False,36.09,False
Bengaluru,2017-11-12,69.0,False,26.99,False,36.27,False
Bengaluru,2017-11-13,65.0,False,30.4,False,32.51,False
Bengaluru,2017-11-14,68.0,False,26.94,False,30.57,False
Bengaluru,2017-11-15,66.0,False,30.7,False,27.55,False
Bengaluru,2017-11-16,76.0,False,37.93,False,34.47,False
Bengaluru,2017-11-17,81.0,False,35.72,False,30.34,False
Bengaluru,2017-11-18,64.0,False,34.96,False,36.57,False
Bengaluru,2017-11-19,68.0,False,30.66,False,39.44,False
Bengaluru,2017-11-20,62.0,False,32.21,False,36.61,False
Bengaluru,2017-11-21,60.0,False,25.79,False,34.1,False
Bengaluru,2017-11-22,65.0,False,44.84,False,37.02,False
Bengaluru,2017-11-23,87.0,False,38.07,False,42.75,False
Bengaluru,2017-11-24,82.0,False,17.64,False,46.1,False
Bengaluru,2017-11-25,72.0,False,17.81,False,50.65,False
Bengaluru,2017-11-26,69.0,False,15.67,False,48.12,False
Bengaluru,2017-11-27,58.0,False,10.7,False,47.51,False
Bengaluru,2017-11-28,58.0,False,11.46,False,50.06,False
Bengaluru,2017-11-29,82.0,False,197.41,False,39.39,False
Bengaluru,2017-11-30,68.0,False,74.5,False,32.3,False
Bengaluru,2017-12-01,53.0,False,1.76,False,31.43,False
Bengaluru,2017-12-02,26.0,False,1.72,False,35.74,False
Bengaluru,2017-12-03,54.0,False,32.42,False,42.05,False
Bengaluru,2017-12-04,68.0,False,18.72,False,42.47,False
Bengaluru,2017-12-05,63.0,False,11.27,False,40.08,False
Bengaluru,2017-12-06,83.0,False,93.7,False,44.52,False
Bengaluru,2017-12-07,96.0,False,70.22,False,47.64,False
Bengaluru,2017-12-08,120.0,False,103.18,False,66.21,False
Bengaluru,2017-12-09,148.0,False,90.59,False,62.95,False
Bengaluru,2017-12-10,133.0,False,81.28,False,57.89,False
Bengaluru,2017-12-11,143.0,False,63.5,False,38.93,False
Bengaluru,2017-12-12,86.0,False,96.12,True,33.87,False
Bengaluru,2017-12-13,75.0,False,128.73,True,39.02,False
Bengaluru,2017-12-14,86.0,False,161.35,False,43.69,False
Bengaluru,2017-12-15,122.0,False,85.57,False,81.78,False
Bengaluru,2017-12-16,119.0,False,75.91,False,42.57,False
Bengaluru,2017-12-17,100.0,False,79.75,False,48.64,False
Bengaluru,2017-12-18,108.0,False,84.85,False,63.33,False
Bengaluru,2017-12-19,112.0,False,76.92,False,50.27,False
Bengaluru,2017-12-20,110.0,False,107.9,False,80.93,False
Bengaluru,2017-12-21,131.0,False,84.55,False,115.11,False
Bengaluru,2017-12-22,93.0,False,71.71,False,142.35,False
Bengaluru,2017-12-23,91.0,False,56.14,False,61.7,False
Bengaluru,2017-12-24,70.0,False,48.78,False,31.49,False
Bengaluru,2017-12-25,91.0,False,159.52,False,29.62,False
Bengaluru,2017-12-26,174.0,False,63.3,False,32.19,False
Bengaluru,2017-12-27,99.0,False,73.7,False,44.73,False
Bengaluru,2017-12-28,109.0,False,62.76,False,44.56,False
Bengaluru,2017-12-29,85.0,False,32.57,False,48.73,False
Bengaluru,2017-12-30,77.0,False,26.74,False,42.6,False
Bengaluru,2017-12-31,72.0,False,18.29,False,41.94,False
Bengaluru,2018-01-01,73.0,False,38.06,False,42.23,False
Bengaluru,2018-01-02,86.0,False,35.12,False,41.7,False
Bengaluru,2018-01-03,84.0,False,28.84,False,50.19,False
Bengaluru,2018-01-04,86.0,False,24.57,False,46.14,False
Bengaluru,2018-01-05,95.0,False,24.31,False,52.5,False
Bengaluru,2018-01-06,102.0,False,30.02,False,51.77,False
Bengaluru,2018-01-07,104.0,False,40.05,False,49.36,False
Bengaluru,2018-01-08,93.0,False,34.88,False,46.38,False
Bengaluru,2018-01-09,84.0,False,28.74,False,43.41,False
Bengaluru,2018-01-10,75.0,False,31.37,False,29.81,False
Bengaluru,2018-01-11,76.0,False,54.32,False,45.27,False
Bengaluru,2018-01-12,115.0,False,37.55,False,36.51,False
Bengaluru,2018-01-13,101.0,False,36.12,False,43.3,False
Bengaluru,2018-01-14,118.0,False,34.43,False,44.87,False
Bengaluru,2018-01-15,98.0,False,38.84,False,33.96,False
Bengaluru,2018-01-16,92.0,False,41.35,False,41.68,False
Bengaluru,2018-01-17,98.0,False,46.76,False,37.47,False
Bengaluru,2018-01-18,100.0,False,37.73,False,39.62,False
Bengaluru,2018-01-19,104.0,False,55.0,False,38.68,False
Bengaluru,2018-01-20,122.0,False,33.34,False,38.67,False
Bengaluru,2018-01-21,103.0,False,33.55,False,33.77,False
Bengaluru,2018-01-22,96.0,False,39.03,False,34.14,False
Bengaluru,2018-01-23,102.0,False,48.08,False,35.2,False
Bengaluru,2018-01-24,104.0,False,45.88,False,44.92,False
Bengaluru,2018-01-25,101.0,False,39.93,False,33.76,False
Bengaluru,2018-01-26,98.0,False,39.28,False,32.42,False
Bengaluru,2018-01-27,104.0,False,47.03,False,36.38,False
Bengaluru,2018-01-28,109.0,False,39.38,False,30.66,False
Bengaluru,2018-01-29,94.0,False,33.47,False,36.21,False
Bengaluru,2018-01-30,99.0,False,53.56,False,32.79,False
Bengaluru,2018-01-31,109.0,False,37.93,False,36.09,False
Bengaluru,2018-02-01,94.0,False,33.99,False,49.14,False
Bengaluru,2018-02-02,118.0,False,29.63,False,42.78,False
Bengaluru,2018-02-03,88.0,False,28.81,False,33.25,False
Bengaluru,2018-02-04,87.0,False,23.31,False,32.25,False
Bengaluru,2018-02-05,81.0,False,29.23,False,32.53,False
Bengaluru,2018-02-06,85.0,False,32.55,False,29.05,False
Bengaluru,2018-02-07,79.0,False,30.93,False,30.04,False
Bengaluru,2018-02-08,80.0,False,35.48,False,45.34,False
Bengaluru,2018-02-09,95.0,False,37.87,False,43.01,False
Bengaluru,2018-02-10,83.0,False,30.34,False,39.51,False
Bengaluru,2018-02-11,76.0,False,28.29,False,23.84,False
Bengaluru,2018-02-12,74.0,False,27.9,False,24.85,False
Bengaluru,2018-02-13,78.0,False,30.53,False,17.2,False
Bengaluru,2018-02-14,71.0,False,32.43,False,17.59,False
Bengaluru,2018-02-15,71.0,False,30.19,False,18.7,False
Bengaluru,2018-02-16,70.0,False,29.62,False,30.03,False
Bengaluru,2018-02-17,77.0,False,32.11,False,37.85,False
Bengaluru,2018-02-18,83.0,False,27.53,False,22.89,False
Bengaluru,2018-02-19,82.0,False,28.6,False,26.23,False
Bengaluru,2018-02-20,81.0,False,28.89,False,22.48,False
Bengaluru,2018-02-21,80.0,False,34.62,False,32.97,False
Bengaluru,2018-02-22,82.0,False,37.13,False,39.61,False
Bengaluru,2018-02-23,83.0,False,34.6,False,31.9,False
Bengaluru,2018-02-24,81.0,False,26.41,False,19.98,False
Bengaluru,2018-02-25,69.0,False,21.87,False,14.46,False
Bengaluru,2018-02-26,68.0,False,21.31,False,27.46,False
Bengaluru,2018-02-27,71.0,False,23.35,False,26.31,False
Bengaluru,2018-02-28,81.0,False,29.3,False,32.9,False
Bengaluru,2018-03-01,83.0,False,29.48,False,27.41,False
Bengaluru,2018-03-02,87.0,False,30.38,False,38.24,False
Bengaluru,2018-03-03,92.0,False,38.39,False,36.26,False
Bengaluru,2018-03-04,84.0,False,36.56,False,24.85,False
Bengaluru,2018-03-05,86.0,False,30.79,False,34.44,False
Bengaluru,2018-03-06,87.0,False,32.09,False,32.76,False
Bengaluru,2018-03-07,90.0,False,33.88,False,25.14,False
Bengaluru,2018-03-08,99.0,False,41.37,False,27.15,False
Bengaluru,2018-03-09,104.0,False,59.48,False,47.26,False
Bengaluru,2018-03-10,109.0,False,59.82,False,37.1,False
Bengaluru,2018-03-11,106.0,False,45.19,False,22.32,False
Bengaluru,2018-03-12,92.0,False,35.82,False,17.43,False
Bengaluru,2018-03-13,76.0,False,20.49,False,14.01,False
Bengaluru,2018-03-14,75.0,False,29.23,False,16.94,False
Bengaluru,2018-03-15,77.0,False,26.46,False,22.08,False
Bengaluru,2018-03-16,71.0,False,19.13,False,28.79,False
Bengaluru,2018-03-17,74.0,False,23.01,False,27.98,False
Bengaluru,2018-03-18,53.0,False,20.75,False,16.69,False
Bengaluru,2018-03-19,61.0,False,31.94,False,24.94,False
Bengaluru,2018-03-20,97.0,False,43.91,False,35.38,False
Bengaluru,2018-03-21,124.0,False,42.72,False,31.97,False
Bengaluru,2018-03-22,135.0,False,31.78,False,50.97,False
Bengaluru,2018-03-23,127.0,False,40.18,False,62.66,False
Bengaluru,2018-03-24,100.0,False,37.72,False,27.94,False
Bengaluru,2018-03-25,98.0,False,38.84,False,27.43,False
Bengaluru,2018-03-26,100.0,False,29.35,True,35.66,False
Bengaluru,2018-03-27,87.0,False,19.85,False,34.2,False
Bengaluru,2018-03-28,97.33,True,20.39,True,39.98,True
Bengaluru,2018-03-29,107.67,True,20.92,True,45.77,False
Bengaluru,2018-03-30,118.0,False,21.46,True,25.98,False
Bengaluru,2018-03-31,104.0,False,21.99,True,24.6,False
Bengaluru,2018-04-01,102.0,False,22.53,True,22.45,False
Bengaluru,2018-04-02,107.0,False,23.07,True,26.81,False
Bengaluru,2018-04-03,98.0,False,23.6,True,40.15,False
Bengaluru,2018-04-04,108.0,False,24.14,True,35.38,False
Bengaluru,2018-04-05,107.0,False,24.67,True,33.5,False
Bengaluru,2018-04-06,108.0,False,25.21,True,37.46,False
Bengaluru,2018-04-07,106.0,False,25.74,True,28.66,False
Bengaluru,2018-04-08,103.0,False,26.28,True,24.25,False
Bengaluru,2018-04-09,93.0,False,26.82,True,23.57,False
Bengaluru,2018-04-10,91.33,True,27.35,True,29.63,False
Bengaluru,2018-04-11,89.67,True,27.89,True,24.34,False
Bengaluru,2018-04-12,88.0,False,28.42,True,26.2,False
Bengaluru,2018-04-13,65.0,False,28.96,False,25.44,False
Bengaluru,2018-04-14,62.0,False,29.45,True,22.0,False
Bengaluru,2018-04-15,65.0,False,29.94,True,16.94,False
Bengaluru,2018-04-16,61.0,False,30.43,False,19.09,False
Bengaluru,2018-04-17,70.0,False,32.38,False,27.27,False
Bengaluru,2018-04-18,67.0,False,36.4,False,30.93,False
Bengaluru,2018-04-19,81.0,False,47.67,False,27.36,False
Bengaluru,2018-04-20,85.0,False,36.52,False,32.2,False
Bengaluru,2018-04-21,79.0,False,33.4,False,37.81,False
Bengaluru,2018-04-22,74.0,False,33.42,False,19.6,False
Bengaluru,2018-04-23,66.0,False,41.19,False,19.98,False
Bengaluru,2018-04-24,82.0,False,42.62,False,29.87,False
Bengaluru,2018-04-25,74.0,False,42.99,False,53.65,False
Bengaluru,2018-04-26,83.0,False,49.93,False,24.84,False
Bengaluru,2018-04-27,103.0,False,44.12,False,20.7,False
Bengaluru,2018-04-28,82.0,False,39.22,False,21.73,False
Bengaluru,2018-04-29,81.0,False,44.57,False,28.96,False
Bengaluru,2018-04-30,100.0,False,187.49,False,25.4,False
Bengaluru,2018-05-01,352.0,False,59.11,False,18.64,False
Bengaluru,2018-05-02,114.0,False,65.71,False,24.39,False
Bengaluru,2018-05-03,98.0,False,44.58,False,34.25,False
Bengaluru,2018-05-04,73.0,False,113.31,False,26.78,False
Bengaluru,2018-05-05,144.0,False,62.35,False,33.46,False
Bengaluru,2018-05-06,99.0,False,79.0,False,24.55,False
Bengaluru,2018-05-07,151.0,False,50.52,False,60.58,False
Bengaluru,2018-05-08,113.0,False,55.88,False,33.39,False
Bengaluru,2018-05-09,76.0,False,32.46,False,27.7,False
Bengaluru,2018-05-10,65.0,False,28.99,False,27.51,False
Bengaluru,2018-05-11,59.0,False,27.03,False,39.99,False
Bengaluru,2018-05-12,62.0,False,27.01,False,24.22,False
Bengaluru,2018-05-13,60.0,False,26.73,False,26.31,False
Bengaluru,2018-05-14,69.0,False,33.13,False,47.07,False
Bengaluru,2018-05-15,64.0,False,35.64,False,41.15,False
Bengaluru,2018-05-16,61.0,False,34.36,False,34.6,False
Bengaluru,2018-05-17,65.0,False,39.69,False,24.0,False
Bengaluru,2018-05-18,92.0,False,43.05,False,33.14,False
Bengaluru,2018-05-19,98.0,False,45.09,False,42.69,False
Bengaluru,2018-05-20,80.0,False,47.83,False,18.67,False
Bengaluru,2018-05-21,71.0,False,52.64,False,33.17,False
Bengaluru,2018-05-22,90.0,False,59.24,False,35.39,False
Bengaluru,2018-05-23,117.0,False,62.6,False,35.36,False
Bengaluru,2018-05-24,70.0,False,35.4,False,32.53,False
Bengaluru,2018-05-25,73.0,False,46.14,False,30.05,False
Bengaluru,2018-05-26,76.0,False,33.64,False,30.58,False
Bengaluru,2018-05-27,89.0,False,41.73,False,29.69,False
Bengaluru,2018-05-28,80.0,False,29.29,False,18.87,False
Bengaluru,2018-05-29,67.0,False,16.92,False,15.29,False
Bengaluru,2018-05-30,60.0,False,35.67,False,21.27,False
Bengaluru,2018-05-31,73.0,False,33.16,False,22.99,False
Bengaluru,2018-06-01,68.0,False,42.07,False,25.48,False
Bengaluru,2018-06-02,86.0,False,44.47,False,35.43,False
Bengaluru,2018-06-03,88.0,False,38.79,False,22.36,False
Bengaluru,2018-06-04,60.0,False,23.35,False,20.58,False
Bengaluru,2018-06-05,61.0,False,25.5,False,16.5,False
Bengaluru,2018-06-06,63.0,False,22.77,False,17.25,False
Bengaluru,2018-06-07,70.0,False,25.27,False,16.84,False
Bengaluru,2018-06-08,50.0,False,19.28,False,15.8,False
Bengaluru,2018-06-09,52.0,False,19.32,False,16.01,False
Bengaluru,2018-06-10,51.0,False,18.93,False,20.85,False
Bengaluru,2018-06-11,65.0,False,23.76,False,15.51,False
Bengaluru,2018-06-12,50.0,False,23.78,False,13.32,False
Bengaluru,2018-06-13,49.0,False,27.34,False,15.9,False
Bengaluru,2018-06-14,61.0,False,31.79,False,19.26,False
Bengaluru,2018-06-15,83.0,False,61.43,False,23.54,False
Bengaluru,2018-06-16,106.0,False,22.24,False,18.63,False
Bengaluru,2018-06-17,55.0,False,17.38,False,15.39,False
Bengaluru,2018-06-18,69.0,False,13.38,False,14.75,False
Bengaluru,2018-06-19,81.0,False,32.62,False,12.51,False
Bengaluru,2018-06-20,69.0,False,13.64,False,14.01,False
Bengaluru,2018-06-21,64.0,False,16.71,False,20.26,False
Bengaluru,2018-06-22,64.0,False,18.94,False,31.69,False
Bengaluru,2018-06-23,66.0,False,23.76,False,23.67,False
Bengaluru,2018-06-24,64.0,False,21.84,False,15.51,False
Bengaluru,2018-06-25,87.0,False,51.82,False,14.77,False
Bengaluru,2018-06-26,92.0,False,32.62,False,13.9,False
Bengaluru,2018-06-27,60.0,False,11.68,False,15.17,False
Bengaluru,2018-06-28,57.0,False,9.23,False,17.93,False
Bengaluru,2018-06-29,51.0,False,11.93,False,17.94,False
Bengaluru,2018-06-30,66.0,False,18.23,False,33.04,False
Bengaluru,2018-07-01,72.0,False,19.15,False,22.68,False
Bengaluru,2018-07-02,63.0,False,16.29,False,27.31,False
Bengaluru,2018-07-03,63.0,False,21.63,False,20.07,False
Bengaluru,2018-07-04,60.0,False,18.55,False,15.35,False
Bengaluru,2018-07-05,61.0,False,20.36,False,17.48,False
Bengaluru,2018-07-06,65.0,False,21.44,False,16.86,False
Bengaluru,2018-07-07,56.0,False,15.56,False,17.49,False
Bengaluru,2018-07-08,62.0,False,22.83,False,14.5,False
Bengaluru,2018-07-09,66.0,False,21.11,False,18.16,False
Bengaluru,2018-07-10,63.0,False,36.65,False,20.32,False
Bengaluru,2018-07-11,78.0,False,20.8,False,16.23,False
Bengaluru,2018-07-12,56.0,False,17.82,False,14.74,False
Bengaluru,2018-07-13,53.0,False,16.63,False,15.78,False
Bengaluru,2018-07-14,57.0,False,18.87,False,15.81,False
Bengaluru,2018-07-15,62.0,False,17.08,False,12.25,False
Bengaluru,2018-07-16,59.0,False,19.93,False,16.2,False
Bengaluru,2018-07-17,60.0,False,16.98,False,15.05,False
Bengaluru,2018-07-18,57.0,False,18.83,False,13.81,False
Bengaluru,2018-07-19,59.0,False,16.82,False,16.04,False
Bengaluru,2018-07-20,52.0,False,15.52,False,16.03,False
Bengaluru,2018-07-21,59.0,False,17.44,False,17.69,False
Bengaluru,2018-07-22,60.0,False,18.63,False,14.94,False
Bengaluru,2018-07-23,65.0,False,19.86,False,18.69,False
Bengaluru,2018-07-24,64.0,False,17.85,False,16.37,False
Bengaluru,2018-07-25,59.0,False,17.62,False,18.57,False
Bengaluru,2018-07-26,65.0,False,20.0,False,28.4,False
Bengaluru,2018-07-27,68.0,False,22.28,False,21.86,False
Bengaluru,2018-07-28,59.0,False,21.05,False,17.94,False
Bengaluru,2018-07-29,66.0,False,20.1,False,15.62,False
Bengaluru,2018-07-30,64.0,False,22.92,False,18.15,False
Bengaluru,2018-07-31,62.0,False,20.96,False,19.01,False
Bengaluru,2018-08-01,66.0,False,20.59,False,22.78,False
Bengaluru,2018-08-02,68.0,False,20.73,False,19.33,False
Bengaluru,2018-08-03,72.0,False,23.34,False,18.78,False
Bengaluru,2018-08-04,77.0,False,27.61,False,18.82,False
Bengaluru,2018-08-05,77.0,False,20.75,False,15.27,False
Bengaluru,2018-08-06,67.0,False,23.63,False,18.0,False
Bengaluru,2018-08-07,67.0,False,18.24,False,18.39,False
Bengaluru,2018-08-08,60.0,False,18.35,False,20.05,False
Bengaluru,2018-08-09,58.0,False,17.33,False,17.68,False
Bengaluru,2018-08-10,60.0,False,18.24,False,16.8,False
Bengaluru,2018-08-11,56.0,False,18.6,False,17.12,False
Bengaluru,2018-08-12,57.0,False,10.61,False,13.53,False
Bengaluru,2018-08-13,53.0,False,11.4,False,15.3,False
Bengaluru,2018-08-14,60.0,False,13.1,False,17.12,False
Bengaluru,2018-08-15,59.0,False,15.35,False,15.93,False
Bengaluru,2018-08-16,52.0,False,12.86,False,16.13,False
Bengaluru,2018-08-17,48.0,False,16.77,False,15.35,False
Bengaluru,2018-08-18,57.0,False,20.09,False,15.9,False
Bengaluru,2018-08-19,59.0,False,16.78,False,16.35,False
Bengaluru,2018-08-20,53.0,False,24.78,False,18.52,False
Bengaluru,2018-08-21,69.0,False,20.61,False,17.55,False
Bengaluru,2018-08-22,65.0,False,20.75,False,17.29,False
Bengaluru,2018-08-23,63.0,False,17.29,False,17.95,False
Bengaluru,2018-08-24,62.0,False,18.74,False,18.94,False
Bengaluru,2018-08-25,67.0,False,22.36,False,19.62,False
Bengaluru,2018-08-26,70.0,False,18.42,False,18.03,False
Bengaluru,2018-08-27,62.0,False,19.86,False,19.41,False
Bengaluru,2018-08-28,64.0,False,21.93,False,18.83,False
Bengaluru,2018-08-29,68.0,False,20.52,False,18.42,False
Bengaluru,2018-08-30,68.0,False,23.33,False,17.92,False
Bengaluru,2018-08-31,64.0,False,19.74,False,23.85,False
Bengaluru,2018-09-01,68.0,False,23.62,False,18.76,False
Bengaluru,2018-09-02,66.0,False,21.84,False,17.44,False
Bengaluru,2018-09-03,63.0,False,25.06,False,20.87,False
Bengaluru,2018-09-04,76.0,False,32.78,False,26.03,False
Bengaluru,2018-09-05,78.0,False,25.32,False,21.06,False
Bengaluru,2018-09-06,66.0,False,25.21,False,21.41,False
Bengaluru,2018-09-07,70.0,False,27.2,False,20.41,False
Bengaluru,2018-09-08,63.0,False,18.32,False,19.4,False
Bengaluru,2018-09-09,64.0,False,19.07,False,23.74,False
Bengaluru,2018-09-10,73.0,False,28.1,False,29.62,False
Bengaluru,2018-09-11,90.0,False,30.34,False,34.78,False
Bengaluru,2018-09-12,91.0,False,24.47,False,38.97,False
Bengaluru,2018-09-13,88.0,False,29.84,False,38.83,False
Bengaluru,2018-09-14,94.0,False,27.72,False,42.11,False
Bengaluru,2018-09-15,77.0,False,24.1,False,40.13,False
Bengaluru,2018-09-16,73.0,False,24.43,False,35.93,False
Bengaluru,2018-09-17,74.0,False,19.03,False,30.55,False
Bengaluru,2018-09-18,65.0,False,19.86,False,24.34,False
Bengaluru,2018-09-19,65.0,False,20.21,False,23.2,False
Bengaluru,2018-09-20,79.0,False,25.55,False,41.9,False
Bengaluru,2018-09-21,87.0,False,26.75,False,33.38,False
Bengaluru,2018-09-22,77.0,False,24.45,False,30.37,False
Bengaluru,2018-09-23,87.0,False,30.84,False,38.12,False
Bengaluru,2018-09-24,85.0,False,22.6,False,35.0,False
Bengaluru,2018-09-25,78.0,False,26.76,False,40.97,False
Bengaluru,2018-09-26,85.0,False,31.25,False,28.45,False
Bengaluru,2018-09-27,80.0,False,29.24,False,30.94,False
Bengaluru,2018-09-28,78.0,False,26.36,False,27.64,False
Bengaluru,2018-09-29,75.0,False,17.35,False,25.67,False
Bengaluru,2018-09-30,70.0,False,25.28,False,23.56,False
Bengaluru,2018-10-01,82.0,False,21.61,False,25.53,False
Bengaluru,2018-10-02,67.0,False,14.51,False,19.67,False
Bengaluru,2018-10-03,65.0,False,15.17,False,20.76,False
Bengaluru,2018-10-04,65.0,False,21.47,False,21.67,False
Bengaluru,2018-10-05,62.0,False,13.99,False,19.47,False
Bengaluru,2018-10-06,56.0,False,14.0,False,19.84,False
Bengaluru,2018-10-07,62.0,False,20.86,False,23.91,False
Bengaluru,2018-10-08,73.0,False,32.94,False,26.49,False
Bengaluru,2018-10-09,80.0,False,31.82,False,32.27,False
Bengaluru,2018-10-10,93.0,False,40.93,False,34.32,False
Bengaluru,2018-10-11,110.0,False,55.08,False,43.63,False
Bengaluru,2018-10-12,115.0,False,56.31,False,44.04,False
Bengaluru,2018-10-13,167.0,False,72.74,False,41.95,False
Bengaluru,2018-10-14,116.0,False,48.48,False,26.49,False
Bengaluru,2018-10-15,88.0,False,41.44,False,28.25,False
Bengaluru,2018-10-16,90.0,False,35.37,False,26.88,False
Bengaluru,2018-10-17,75.0,False,19.99,False,22.81,False
Bengaluru,2018-10-18,116.0,False,62.95,False,28.34,False
Bengaluru,2018-10-19,81.0,False,20.75,False,21.84,False
Bengaluru,2018-10-20,71.0,False,25.61,False,25.93,False
Bengaluru,2018-10-21,88.0,False,36.42,False,30.1,False
Bengaluru,2018-10-22,102.0,False,37.81,False,41.15,False
Bengaluru,2018-10-23,119.0,False,49.17,False,43.25,False
Bengaluru,2018-10-24,132.0,False,62.67,False,40.4,False
Bengaluru,2018-10-25,110.0,False,46.34,False,36.95,False
Bengaluru,2018-10-26,101.0,False,50.19,False,40.42,False
Bengaluru,2018-10-27,107.0,False,39.65,False,45.83,False
Bengaluru,2018-10-28,108.0,False,37.32,False,45.79,False
Bengaluru,2018-10-29,103.0,False,36.11,False,56.14,False
Bengaluru,2018-10-30,125.0,False,40.12,False,58.13,False
Bengaluru,2018-10-31,107.0,False,40.02,False,42.16,False
Bengaluru,2018-11-01,92.0,False,20.96,False,31.6,False
Bengaluru,2018-11-02,84.0,False,17.57,False,24.14,False
Bengaluru,2018-11-03,82.0,False,21.42,False,24.36,False
Bengaluru,2018-11-04,74.0,False,21.84,False,22.91,False
Bengaluru,2018-11-05,81.0,False,23.98,False,28.89,False
Bengaluru,2018-11-06,110.0,False,41.38,False,30.42,False
Bengaluru,2018-11-07,97.0,False,57.03,False,31.2,False
Bengaluru,2018-11-08,144.0,False,61.98,False,32.99,False
Bengaluru,2018-11-09,94.0,False,33.68,False,29.99,False
Bengaluru,2018-11-10,96.0,False,50.36,False,35.38,False
Bengaluru,2018-11-11,105.0,False,55.48,False,37.67,False
Bengaluru,2018-11-12,113.0,False,63.66,False,47.6,False
Bengaluru,2018-11-13,143.0,False,71.05,False,50.42,False
Bengaluru,2018-11-14,143.0,False,77.53,False,56.64,False
Bengaluru,2018-11-15,141.0,False,58.35,False,43.91,False
Bengaluru,2018-11-16,88.0,False,25.1,False,28.79,False
Bengaluru,2018-11-17,84.0,False,49.2,False,28.7,False
Bengaluru,2018-11-18,91.0,False,41.2,False,20.87,False
Bengaluru,2018-11-19,77.0,False,19.95,False,22.54,False
Bengaluru,2018-11-20,77.0,False,25.85,False,28.52,False
Bengaluru,2018-11-21,81.0,False,33.31,False,28.34,False
Bengaluru,2018-11-22,73.0,False,17.95,False,24.12,False
Bengaluru,2018-11-23,79.0,False,25.58,False,27.32,False
Bengaluru,2018-11-24,144.0,False,108.3,False,29.96,False
Bengaluru,2018-11-25,142.0,False,61.34,False,27.32,False
Bengaluru,2018-11-26,124.0,False,71.66,False,30.65,False
Bengaluru,2018-11-27,127.0,False,54.73,False,36.44,False
Bengaluru,2018-11-28,127.0,False,59.58,False,29.98,False
Bengaluru,2018-11-29,119.0,False,42.06,False,25.48,False
Bengaluru,2018-11-30,94.0,False,43.16,False,28.44,False
Bengaluru,2018-12-01,86.0,False,40.67,False,31.03,False
Bengaluru,2018-12-02,92.0,False,28.25,False,24.59,False
Bengaluru,2018-12-03,73.0,False,33.56,False,25.62,False
Bengaluru,2018-12-04,75.0,False,25.83,False,26.42,False
Bengaluru,2018-12-05,106.0,False,51.43,False,23.94,False
Bengaluru,2018-12-06,87.0,False,29.32,False,29.76,False
Bengaluru,2018-12-07,90.0,False,37.49,False,31.25,False
Bengaluru,2018-12-08,119.0,False,61.0,False,33.48,False
Bengaluru,2018-12-09,128.0,False,63.28,False,23.23,False
Bengaluru,2018-12-10,157.0,False,75.78,False,30.66,False
Bengaluru,2018-12-11,180.0,False,88.98,False,38.55,False
Bengaluru,2018-12-12,179.0,False,78.59,False,40.02,False
Bengaluru,2018-12-13,148.0,False,67.36,False,36.8,False
Bengaluru,2018-12-14,103.0,False,48.45,False,36.41,False
Bengaluru,2018-12-15,85.0,False,47.62,False,35.48,False
Bengaluru,2018-12-16,112.0,False,64.42,False,40.02,False
Bengaluru,2018-12-17,146.0,False,86.94,False,54.92,False
Bengaluru,2018-12-18,225.0,False,98.84,False,63.57,False
Bengaluru,2018-12-19,142.0,False,61.84,False,47.79,False
Bengaluru,2018-12-20,130.0,False,45.7,False,35.34,False
Bengaluru,2018-12-21,116.0,False,51.63,False,38.9,False
Bengaluru,2018-12-22,109.0,False,42.57,False,35.19,False
Bengaluru,2018-12-23,87.0,False,37.34,False,23.96,False
Bengaluru,2018-12-24,79.0,False,43.13,False,27.87,False
Bengaluru,2018-12-25,103.0,False,57.89,False,33.44,False
Bengaluru,2018-12-26,118.0,False,59.38,False,33.7,False
Bengaluru,2018-12-27,117.0,False,57.28,False,31.17,False
Bengaluru,2018-12-28,123.0,False,68.37,False,31.77,False
Bengaluru,2018-12-29,124.0,False,65.81,False,31.32,False
Bengaluru,2018-12-30,127.0,False,64.29,False,28.97,False
Bengaluru,2018-12-31,123.0,False,63.77,False,37.46,False
Bengaluru,2019-01-01,128.0,False,61.55,False,38.19,False
Bengaluru,2019-01-02,103.0,False,47.27,False,39.73,False
Bengaluru,2019-01-03,101.0,False,48.86,False,46.55,False
Bengaluru,2019-01-04,106.0,False,51.35,False,45.87,False
Bengaluru,2019-01-05,104.0,False,46.57,False,41.74,False
Bengaluru,2019-01-06,115.0,False,56.8,False,35.73,False
Bengaluru,2019-01-07,120.0,False,58.29,False,44.9,False
Bengaluru,2019-01-08,120.0,False,60.04,False,49.33,False
Bengaluru,2019-01-09,122.0,False,62.6,False,52.68,False
Bengaluru,2019-01-10,120.0,False,63.63,False,53.48,False
Bengaluru,2019-01-11,126.0,False,59.52,False,49.16,False
Bengaluru,2019-01-12,132.0,False,70.5,False,49.28,False
Bengaluru,2019-01-13,125.0,False,54.44,False,42.99,False
Bengaluru,2019-01-14,111.0,False,58.36,False,47.07,False
Bengaluru,2019-01-15,109.0,False,47.13,False,46.93,False
Bengaluru,2019-01-16,113.0,False,62.4,False,48.15,False
Bengaluru,2019-01-17,121.0,False,67.83,False,42.88,False
Bengaluru,2019-01-18,152.0,False,75.06,False,34.15,False
Bengaluru,2019-01-19,122.0,False,59.01,False,36.98,False
Bengaluru,2019-01-20,106.0,False,42.33,False,32.59,False
Bengaluru,2019-01-21,101.0,False,52.05,False,37.39,False
Bengaluru,2019-01-22,145.0,False,72.45,False,42.87,False
Bengaluru,2019-01-23,156.0,False,60.91,False,42.79,False
Bengaluru,2019-01-24,130.0,False,50.66,False,33.87,False
Bengaluru,2019-01-25,109.0,False,35.76,False,31.94,False
Bengaluru,2019-01-26,102.0,False,51.09,False,30.06,False
Bengaluru,2019-01-27,101.0,False,40.56,False,26.0,False
Bengaluru,2019-01-28,99.0,False,38.48,False,26.16,False
Bengaluru,2019-01-29,83.0,False,29.81,False,29.22,False
Bengaluru,2019-01-30,107.0,False,62.71,False,35.51,False
Bengaluru,2019-01-31,132.0,False,48.44,False,33.94,False
Bengaluru,2019-02-01,109.0,False,49.67,False,37.21,False
Bengaluru,2019-02-02,104.0,False,45.32,False,34.78,False
Bengaluru,2019-02-03,101.0,False,39.5,False,28.58,False
Bengaluru,2019-02-04,81.0,False,32.91,False,27.77,False
Bengaluru,2019-02-05,92.0,False,37.93,False,29.41,False
Bengaluru,2019-02-06,120.0,False,60.08,False,38.44,False
Bengaluru,2019-02-07,146.0,False,51.88,False,36.87,False
Bengaluru,2019-02-08,113.0,False,54.76,False,30.73,False
Bengaluru,2019-02-09,134.0,False,68.68,False,40.49,False
Bengaluru,2019-02-10,112.0,False,50.31,False,32.83,False
Bengaluru,2019-02-11,80.0,False,41.65,False,28.6,False
Bengaluru,2019-02-12,84.0,False,49.32,False,32.05,False
Bengaluru,2019-02-13,96.0,False,47.31,False,34.53,False
Bengaluru,2019-02-14,89.0,False,37.94,False,31.95,False
Bengaluru,2019-02-15,103.0,False,35.35,False,32.12,False
Bengaluru,2019-02-16,107.0,False,45.37,False,35.5,False
Bengaluru,2019-02-17,123.0,False,47.43,False,33.19,False
Bengaluru,2019-02-18,116.0,False,42.92,False,39.84,False
Bengaluru,2019-02-19,116.0,False,44.28,False,33.16,False
Bengaluru,2019-02-20,87.0,False,31.49,False,28.91,False
Bengaluru,2019-02-21,85.0,False,36.4,False,35.7,False
Bengaluru,2019-02-22,99.0,False,38.35,False,40.77,False
Bengaluru,2019-02-23,105.0,False,51.36,False,50.05,False
Bengaluru,2019-02-24,110.0,False,47.59,False,47.01,False
Bengaluru,2019-02-25,103.0,False,39.23,False,46.39,False
Bengaluru,2019-02-26,120.0,False,51.92,False,42.06,False
Bengaluru,2019-02-27,115.0,False,45.49,False,33.49,False
Bengaluru,2019-02-28,125.0,False,50.8,False,38.76,False
Bengaluru,2019-03-01,143.0,False,58.18,False,44.64,False
Bengaluru,2019-03-02,107.0,False,40.93,False,26.91,False
Bengaluru,2019-03-03,114.0,False,36.98,False,30.74,False
Bengaluru,2019-03-04,123.0,False,43.15,False,29.23,False
Bengaluru,2019-03-05,118.0,False,49.8,False,31.26,False
Bengaluru,2019-03-06,128.0,False,53.53,False,35.74,False
Bengaluru,2019-03-07,152.0,False,65.98,False,47.25,False
Bengaluru,2019-03-08,167.0,False,69.62,False,46.88,False
Bengaluru,2019-03-09,151.0,False,51.08,False,27.19,False
Bengaluru,2019-03-10,100.0,False,39.45,False,19.09,False
Bengaluru,2019-03-11,91.0,False,34.4,False,21.93,False
Bengaluru,2019-03-12,105.0,False,46.15,False,27.97,False
Bengaluru,2019-03-13,113.0,False,50.05,False,34.27,False
Bengaluru,2019-03-14,118.0,False,43.73,False,29.7,False
Bengaluru,2019-03-15,106.0,False,41.75,False,35.68,False
Bengaluru,2019-03-16,108.0,False,44.32,False,38.3,False
Bengaluru,2019-03-17,115.0,False,45.56,False,34.1,False
Bengaluru,2019-03-18,123.0,False,43.24,False,31.64,False
Bengaluru,2019-03-19,113.0,False,39.71,False,30.9,False
Bengaluru,2019-03-20,102.0,False,39.8,False,27.36,False
Bengaluru,2019-03-21,120.0,False,49.74,False,27.84,False
Bengaluru,2019-03-22,122.0,False,44.52,False,30.85,False
Bengaluru,2019-03-23,119.0,False,51.6,False,34.12,False
Bengaluru,2019-03-24,120.0,False,47.42,False,28.12,False
Bengaluru,2019-03-25,97.0,False,46.52,False,34.13,False
Bengaluru,2019-03-26,113.0,False,48.85,False,39.23,False
Bengaluru,2019-03-27,129.0,False,56.52,False,40.26,False
Bengaluru,2019-03-28,148.0,False,61.59,False,47.4,False
Bengaluru,2019-03-29,149.0,False,58.92,False,40.64,False
Bengaluru,2019-03-30,137.0,False,57.09,False,38.21,False
Bengaluru,2019-03-31,135.0,False,55.88,False,32.37,False
Bengaluru,2019-04-01,126.0,False,53.46,False,35.35,False
Bengaluru,2019-04-02,136.0,False,55.62,False,40.91,False
Bengaluru,2019-04-03,135.0,False,53.61,False,40.06,False
Bengaluru,2019-04-04,127.0,False,58.15,False,32.87,False
Bengaluru,2019-04-05,130.0,False,46.54,False,37.85,False
Bengaluru,2019-04-06,130.0,False,46.55,False,32.46,False
Bengaluru,2019-04-07,127.0,False,51.73,False,32.1,False
Bengaluru,2019-04-08,125.0,False,52.79,False,34.46,False
Bengaluru,2019-04-09,149.0,False,43.88,False,33.09,False
Bengaluru,2019-04-10,123.0,False,52.18,False,36.58,False
Bengaluru,2019-04-11,112.0,False,49.25,False,34.41,False
Bengaluru,2019-04-12,130.0,False,49.46,False,36.1,False
Bengaluru,2019-04-13,109.0,False,47.24,False,30.69,False
Bengaluru,2019-04-14,106.0,False,41.74,False,27.4,False
Bengaluru,2019-04-15,111.0,False,52.38,False,33.83,False
Bengaluru,2019-04-16,115.0,False,40.54,False,33.94,False
Bengaluru,2019-04-17,124.0,False,52.84,False,31.76,False
Bengaluru,2019-04-18,127.0,False,46.1,False,32.17,False
Bengaluru,2019-04-19,107.0,False,42.33,False,29.02,False
Bengaluru,2019-04-20,122.0,False,29.75,False,31.84,False
Bengaluru,2019-04-21,106.0,False,25.18,False,32.67,False
Bengaluru,2019-04-22,107.0,False,40.9,False,31.25,False
Bengaluru,2019-04-23,112.0,False,37.08,False,32.12,False
Bengaluru,2019-04-24,108.0,False,42.76,False,33.95,False
Bengaluru,2019-04-25,126.0,False,57.96,False,36.31,False
Bengaluru,2019-04-26,144.0,False,63.83,False,33.66,False
Bengaluru,2019-04-27,150.0,False,66.34,False,29.77,False
Bengaluru,2019-04-28,141.0,False,61.63,False,30.6,False
Bengaluru,2019-04-29,140.0,False,62.42,False,30.05,False
Bengaluru,2019-04-30,124.0,False,53.78,False,23.6,False
Bengaluru,2019-05-01,111.0,False,42.75,False,21.81,False
Bengaluru,2019-05-02,103.0,False,46.45,False,21.41,False
Bengaluru,2019-05-03,112.0,False,47.56,False,22.23,False
Bengaluru,2019-05-04,120.0,False,56.62,False,25.08,False
Bengaluru,2019-05-05,132.0,False,54.62,False,26.36,False
Bengaluru,2019-05-06,131.0,False,52.76,False,27.54,False
Bengaluru,2019-05-07,113.0,False,42.61,False,23.95,False
Bengaluru,2019-05-08,87.0,False,33.28,False,25.0,False
Bengaluru,2019-05-09,106.0,False,51.42,False,30.32,False
Bengaluru,2019-05-10,120.0,False,39.33,False,29.13,False
Bengaluru,2019-05-11,105.0,False,40.38,False,27.17,False
Bengaluru,2019-05-12,101.0,False,34.41,False,26.85,False
Bengaluru,2019-05-13,106.0,False,32.08,False,25.1,False
Bengaluru,2019-05-14,88.0,False,31.91,False,24.31,False
Bengaluru,2019-05-15,96.0,False,33.89,False,24.45,False
Bengaluru,2019-05-16,102.0,False,38.93,False,34.47,False
Bengaluru,2019-05-17,110.0,False,40.64,False,32.51,False
Bengaluru,2019-05-18,121.0,False,55.14,False,35.15,False
Bengaluru,2019-05-19,116.0,False,51.35,False,27.75,False
Bengaluru,2019-05-20,109.0,False,46.82,False,29.22,False
Bengaluru,2019-05-21,109.0,False,45.3,False,26.31,False
Bengaluru,2019-05-22,107.0,False,40.4,False,28.98,False
Bengaluru,2019-05-23,102.0,False,43.26,False,34.61,False
Bengaluru,2019-05-24,92.0,False,35.93,False,27.67,False
Bengaluru,2019-05-25,82.0,False,26.07,False,25.34,False
Bengaluru,2019-05-26,91.0,False,22.5,False,26.04,False
Bengaluru,2019-05-27,92.0,False,25.77,False,32.49,False
Bengaluru,2019-05-28,92.0,False,38.91,False,25.31,False
Bengaluru,2019-05-29,112.0,False,28.66,False,24.99,False
Bengaluru,2019-05-30,98.0,False,35.18,False,22.93,False
Bengaluru,2019-05-31,101.0,False,30.29,False,24.81,False
Bengaluru,2019-06-01,89.0,False,28.95,False,27.09,False
Bengaluru,2019-06-02,100.0,False,44.24,False,18.31,False
Bengaluru,2019-06-03,98.0,False,20.3,False,23.54,False
Bengaluru,2019-06-04,69.0,False,27.33,False,24.48,False
Bengaluru,2019-06-05,78.0,False,28.4,False,23.56,False
Bengaluru,2019-06-06,78.0,False,25.72,False,27.41,False
Bengaluru,2019-06-07,102.0,False,25.02,False,31.44,False
Bengaluru,2019-06-08,76.0,False,23.54,False,23.49,False
Bengaluru,2019-06-09,66.0,False,16.31,False,17.7,False
Bengaluru,2019-06-10,54.0,False,7.85,False,16.77,False
Bengaluru,2019-06-11,50.0,False,11.32,False,16.85,False
Bengaluru,2019-06-12,51.0,False,12.8,False,17.93,False
Bengaluru,2019-06-13,50.0,False,16.38,False,17.76,False
Bengaluru,2019-06-14,59.0,False,22.11,False,18.09,False
Bengaluru,2019-06-15,69.0,False,23.64,False,20.9,False
Bengaluru,2019-06-16,63.0,False,22.01,False,18.54,False
Bengaluru,2019-06-17,61.0,False,25.77,False,21.68,False
Bengaluru,2019-06-18,70.0,False,28.82,False,20.1,False
Bengaluru,2019-06-19,74.0,False,25.41,False,20.9,False
Bengaluru,2019-06-20,67.0,False,24.36,False,18.74,False
Bengaluru,2019-06-21,64.0,False,25.35,False,20.66,False
Bengaluru,2019-06-22,67.0,False,16.58,False,20.04,False
Bengaluru,2019-06-23,66.0,False,14.8,False,20.19,False
Bengaluru,2019-06-24,65.0,False,18.54,False,21.39,False
Bengaluru,2019-06-25,65.0,False,30.39,False,23.04,False
Bengaluru,2019-06-26,74.0,False,34.69,False,21.39,False
Bengaluru,2019-06-27,72.0,False,26.44,False,21.17,False
Bengaluru,2019-06-28,72.0,False,26.98,False,21.09,False
Bengaluru,2019-06-29,79.0,False,25.37,False,24.27,False
Bengaluru,2019-06-30,68.0,False,20.16,False,17.51,False
Bengaluru,2019-07-01,65.0,False,26.89,False,18.8,False
Bengaluru,2019-07-02,70.0,False,20.79,False,19.94,False
Bengaluru,2019-07-03,64.0,False,18.25,False,18.61,False
Bengaluru,2019-07-04,65.0,False,18.92,False,21.98,False
Bengaluru,2019-07-05,63.0,False,20.9,False,19.92,False
Bengaluru,2019-07-06,62.0,False,16.65,False,21.47,False
Bengaluru,2019-07-07,69.0,False,19.38,False,18.38,False
Bengaluru,2019-07-08,58.0,False,17.24,False,16.23,False
Bengaluru,2019-07-09,64.0,False,19.53,False,16.78,False
Bengaluru,2019-07-10,68.0,False,31.67,False,19.9,False
Bengaluru,2019-07-11,86.0,False,23.49,False,24.25,False
Bengaluru,2019-07-12,71.0,False,20.95,False,22.71,False
Bengaluru,2019-07-13,62.0,False,20.39,False,21.27,False
Bengaluru,2019-07-14,63.0,False,19.18,False,20.0,False
Bengaluru,2019-07-15,65.0,False,17.84,False,21.24,False
Bengaluru,2019-07-16,65.0,False,24.91,False,21.88,False
Bengaluru,2019-07-17,69.0,False,26.83,False,24.84,False
Bengaluru,2019-07-18,73.0,False,30.97,False,27.45,False
Bengaluru,2019-07-19,66.0,False,18.98,False,22.61,False
Bengaluru,2019-07-20,48.0,False,15.96,False,21.56,False
Bengaluru,2019-07-21,64.0,False,19.24,False,23.64,False
Bengaluru,2019-07-22,57.0,False,15.91,False,24.64,False
Bengaluru,2019-07-23,56.0,False,19.14,False,23.99,False
Bengaluru,2019-07-24,60.0,False,20.89,False,23.42,False
Bengaluru,2019-07-25,64.0,False,20.67,False,23.58,False
Bengaluru,2019-07-26,62.0,False,20.33,False,23.49,False
Bengaluru,2019-07-27,55.0,False,23.21,False,20.93,False
Bengaluru,2019-07-28,62.0,False,23.3,False,21.15,False
Bengaluru,2019-07-29,64.0,False,18.61,False,19.89,False
Bengaluru,2019-07-30,58.0,False,23.14,False,21.54,False
Bengaluru,2019-07-31,58.0,False,26.99,False,21.64,False
Bengaluru,2019-08-01,61.0,False,19.87,False,19.76,False
Bengaluru,2019-08-02,59.0,False,18.45,False,22.04,False
Bengaluru,2019-08-03,56.0,False,18.13,False,19.08,False
Bengaluru,2019-08-04,60.0,False,16.26,False,17.21,False
Bengaluru,2019-08-05,53.0,False,15.08,False,18.83,False
Bengaluru,2019-08-06,48.0,False,14.76,False,20.9,False
Bengaluru,2019-08-07,57.0,False,14.94,False,20.29,False
Bengaluru,2019-08-08,53.0,False,14.31,False,19.56,False
Bengaluru,2019-08-09,55.0,False,15.53,False,21.17,False
Bengaluru,2019-08-10,49.0,False,13.63,False,22.07,False
Bengaluru,2019-08-11,50.0,False,12.95,False,19.08,False
Bengaluru,2019-08-12,52.0,False,18.62,False,21.34,False
Bengaluru,2019-08-13,68.0,False,22.1,False,24.49,False
Bengaluru,2019-08-14,70.0,False,26.64,False,22.95,False
Bengaluru,2019-08-15,59.0,False,15.63,False,20.93,False
Bengaluru,2019-08-16,51.0,False,18.63,False,20.7,False
Bengaluru,2019-08-17,61.0,False,20.79,False,24.71,False
Bengaluru,2019-08-18,67.0,False,23.25,False,26.34,False
Bengaluru,2019-08-19,65.0,False,20.73,False,27.88,False
Bengaluru,2019-08-20,74.0,False,18.28,False,24.0,False
Bengaluru,2019-08-21,73.0,False,17.04,False,20.38,False
Bengaluru,2019-08-22,68.0,False,17.3,False,18.74,False
Bengaluru,2019-08-23,65.0,False,15.08,False,18.23,False
Bengaluru,2019-08-24,57.0,False,15.29,False,19.16,False
Bengaluru,2019-08-25,68.0,False,14.98,False,15.48,False
Bengaluru,2019-08-26,63.0,False,14.14,False,17.29,False
Bengaluru,2019-08-27,61.0,False,11.42,False,19.78,False
Bengaluru,2019-08-28,52.0,False,15.3,False,21.27,False
Bengaluru,2019-08-29,49.0,False,17.22,False,18.4,False
Bengaluru,2019-08-30,53.0,False,15.01,False,17.69,False
Bengaluru,2019-08-31,63.0,False,20.82,False,19.48,False
Bengaluru,2019-09-01,61.0,False,17.64,False,15.11,False
Bengaluru,2019-09-02,48.0,False,10.98,False,12.39,False
Bengaluru,2019-09-03,51.0,False,11.18,False,15.56,False
Bengaluru,2019-09-04,51.0,False,13.01,False,16.9,False
Bengaluru,2019-09-05,56.0,False,13.84,False,16.5,False
Bengaluru,2019-09-06,64.0,False,15.34,False,16.14,False
Bengaluru,2019-09-07,63.0,False,20.16,False,15.83,False
Bengaluru,2019-09-08,62.0,False,12.63,False,12.36,False
Bengaluru,2019-09-09,63.0,False,15.92,False,13.9,False
Bengaluru,2019-09-10,67.0,False,20.67,False,12.3,False
Bengaluru,2019-09-11,62.0,False,19.51,False,14.46,False
Bengaluru,2019-09-12,68.0,False,20.53,False,24.3,False
Bengaluru,2019-09-13,67.0,False,21.84,False,23.38,False
Bengaluru,2019-09-14,70.0,False,22.29,False,21.87,False
Bengaluru,2019-09-15,69.0,False,21.74,False,19.46,False
Bengaluru,2019-09-16,67.0,False,48.41,False,19.11,False
Bengaluru,2019-09-17,120.0,False,68.71,False,22.09,False
Bengaluru,2019-09-18,92.0,False,22.83,False,22.04,False
Bengaluru,2019-09-19,82.0,False,23.96,False,20.04,False
Bengaluru,2019-09-20,67.0,False,19.12,False,23.82,False
Bengaluru,2019-09-21,74.0,False,22.92,False,24.96,False
Bengaluru,2019-09-22,81.0,False,19.15,False,27.97,False
Bengaluru,2019-09-23,91.0,False,24.78,False,38.91,False
Bengaluru,2019-09-24,100.0,False,17.68,False,33.19,False
Bengaluru,2019-09-25,81.0,False,13.45,False,24.87,False
Bengaluru,2019-09-26,64.0,False,16.59,False,20.76,False
Bengaluru,2019-09-27,83.0,False,32.55,False,28.02,False
Bengaluru,2019-09-28,99.0,False,26.32,False,26.64,False
Bengaluru,2019-09-29,93.0,False,38.4,False,22.87,False
Bengaluru,2019-09-30,73.0,False,23.22,False,19.29,False
Bengaluru,2019-10-01,88.0,False,34.28,False,25.88,False
Bengaluru,2019-10-02,92.0,False,17.34,False,32.46,False
Bengaluru,2019-10-03,95.0,False,26.79,False,35.24,False
Bengaluru,2019-10-04,104.0,False,41.28,False,41.03,False
Bengaluru,2019-10-05,107.0,False,32.73,False,46.1,False
Bengaluru,2019-10-06,85.0,False,27.15,False,33.96,False
Bengaluru,2019-10-07,88.0,False,35.57,False,37.6,False
Bengaluru,2019-10-08,92.0,False,24.46,False,28.28,False
Bengaluru,2019-10-09,89.0,False,31.67,False,39.99,False
Bengaluru,2019-10-10,146.0,False,73.77,False,36.15,False
Bengaluru,2019-10-11,95.0,False,45.16,False,37.89,False
Bengaluru,2019-10-12,90.0,False,38.44,False,30.58,False
Bengaluru,2019-10-13,72.0,False,20.84,False,23.0,False
Bengaluru,2019-10-14,73.0,False,22.61,False,26.95,False
Bengaluru,2019-10-15,79.0,False,24.94,False,28.5,False
Bengaluru,2019-10-16,71.0,False,21.73,False,28.28,False
Bengaluru,2019-10-17,75.0,False,19.3,False,27.52,False
Bengaluru,2019-10-18,69.0,False,25.83,False,24.42,False
Bengaluru,2019-10-19,71.0,False,19.25,False,23.99,False
Bengaluru,2019-10-20,56.0,False,17.2,False,23.31,False
Bengaluru,2019-10-21,69.0,False,20.71,False,30.13,False
Bengaluru,2019-10-22,69.0,False,16.46,False,24.22,False
Bengaluru,2019-10-23,66.0,False,11.71,False,16.97,False
Bengaluru,2019-10-24,62.0,False,12.57,False,15.8,False
Bengaluru,2019-10-25,65.0,False,13.43,False,18.11,False
Bengaluru,2019-10-26,59.0,False,18.21,False,18.89,False
Bengaluru,2019-10-27,74.0,False,42.44,False,21.32,False
Bengaluru,2019-10-28,88.0,False,42.44,False,24.6,False
Bengaluru,2019-10-29,80.0,False,34.24,False,22.99,False
Bengaluru,2019-10-30,78.0,False,18.77,False,26.91,False
Bengaluru,2019-10-31,68.0,False,18.62,False,24.47,False
Bengaluru,2019-11-01,84.0,False,27.42,False,25.98,False
Bengaluru,2019-11-02,77.0,False,27.1,False,25.19,False
Bengaluru,2019-11-03,89.0,False,40.0,False,26.32,False
Bengaluru,2019-11-04,95.0,False,54.83,False,36.74,False
Bengaluru,2019-11-05,139.0,False,73.88,False,41.5,False
Bengaluru,2019-11-06,169.0,False,94.17,False,38.83,False
Bengaluru,2019-11-07,174.0,False,92.21,False,44.07,False
Bengaluru,2019-11-08,159.0,False,69.3,False,38.45,False
Bengaluru,2019-11-09,116.0,False,47.14,False,35.19,False
Bengaluru,2019-11-10,96.0,False,52.86,False,30.63,False
Bengaluru,2019-11-11,124.0,False,61.83,False,33.11,False
Bengaluru,2019-11-12,96.0,False,27.77,False,26.07,False
Bengaluru,2019-11-13,83.0,False,30.39,False,28.6,False
Bengaluru,2019-11-14,80.0,False,23.32,False,26.92,False
Bengaluru,2019-11-15,77.0,False,26.33,False,28.61,False
Bengaluru,2019-11-16,82.0,False,20.62,False,26.87,False
Bengaluru,2019-11-17,76.0,False,30.7,False,28.0,False
Bengaluru,2019-11-18,72.0,False,27.07,False,29.65,False
Bengaluru,2019-11-19,74.0,False,20.23,False,26.77,False
Bengaluru,2019-11-20,77.0,False,21.12,False,27.06,False
Bengaluru,2019-11-21,86.0,False,42.28,False,34.02,False
Bengaluru,2019-11-22,96.0,False,44.17,False,32.14,False
Bengaluru,2019-11-23,90.0,False,36.68,False,32.05,False
Bengaluru,2019-11-24,79.0,False,41.18,False,21.45,False
Bengaluru,2019-11-25,83.0,False,37.44,False,27.71,False
Bengaluru,2019-11-26,88.0,False,35.44,False,30.62,False
Bengaluru,2019-11-27,89.0,False,33.02,False,35.64,False
Bengaluru,2019-11-28,86.0,False,23.08,False,29.76,False
Bengaluru,2019-11-29,75.0,False,22.97,False,25.68,False
Bengaluru,2019-11-30,75.0,False,23.25,False,22.84,False
Bengaluru,2019-12-01,65.0,False,13.46,False,20.19,False
Bengaluru,2019-12-02,70.0,False,13.96,False,21.53,False
Bengaluru,2019-12-03,76.0,False,27.28,False,27.81,False
Bengaluru,2019-12-04,86.0,False,38.2,False,26.87,False
Bengaluru,2019-12-05,87.0,False,55.45,False,32.39,False
Bengaluru,2019-12-06,103.0,False,57.3,False,32.59,False
Bengaluru,2019-12-07,89.0,False,39.42,False,32.74,False
Bengaluru,2019-12-08,68.0,False,23.79,False,26.15,False
Bengaluru,2019-12-09,70.0,False,21.29,False,29.26,False
Bengaluru,2019-12-10,74.0,False,20.31,False,27.3,False
Bengaluru,2019-12-11,73.0,False,28.62,False,29.94,False
Bengaluru,2019-12-12,77.0,False,28.93,False,28.49,False
Bengaluru,2019-12-13,74.0,False,30.65,False,26.71,False
Bengaluru,2019-12-14,74.0,False,23.6,False,25.5,False
Bengaluru,2019-12-15,68.0,False,25.33,False,23.85,False
Bengaluru,2019-12-16,69.0,False,24.25,False,25.62,False
Bengaluru,2019-12-17,69.0,False,27.65,False,28.51,False
Bengaluru,2019-12-18,82.0,False,42.91,False,31.51,False
Bengaluru,2019-12-19,85.0,False,38.66,False,30.63,False
Bengaluru,2019-12-20,91.0,False,44.46,False,32.5,False
Bengaluru,2019-12-21,95.0,False,48.62,False,29.51,False
Bengaluru,2019-12-22,88.0,False,46.52,False,25.65,False
Bengaluru,2019-12-23,92.0,False,49.33,False,31.35,False
Bengaluru,2019-12-24,89.0,False,35.84,False,29.34,False
Bengaluru,2019-12-25,76.0,False,35.48,False,26.59,False
Bengaluru,2019-12-26,95.0,False,44.27,False,29.46,False
Bengaluru,2019-12-27,98.0,False,43.32,False,31.24,False
Bengaluru,2019-12-28,82.0,False,35.24,False,26.94,False
Bengaluru,2019-12-29,80.0,False,38.53,False,26.2,False
Bengaluru,2019-12-30,93.0,False,47.81,False,28.46,False
Bengaluru,2019-12-31,97.0,False,42.54,False,29.1,False
Bengaluru,2020-01-01,82.0,False,30.71,False,27.31,False
Bengaluru,2020-01-02,81.0,False,25.78,False,28.05,False
Bengaluru,2020-01-03,85.0,False,29.66,False,26.26,False
Bengaluru,2020-01-04,95.0,False,52.62,False,31.56,False
Bengaluru,2020-01-05,118.0,False,52.64,False,29.1,False
Bengaluru,2020-01-06,81.0,False,24.74,False,27.57,False
Bengaluru,2020-01-07,75.0,False,22.52,False,29.93,False
Bengaluru,2020-01-08,93.0,False,30.92,False,30.86,False
Bengaluru,2020-01-09,101.0,False,40.57,False,33.79,False
Bengaluru,2020-01-10,94.0,False,39.29,False,36.97,False
Bengaluru,2020-01-11,78.0,False,31.1,False,29.13,False
Bengaluru,2020-01-12,79.0,False,39.5,False,30.57,False
Bengaluru,2020-01-13,106.0,False,53.93,False,38.77,False
Bengaluru,2020-01-14,121.0,False,64.35,False,43.03,False
Bengaluru,2020-01-15,111.0,False,45.19,False,35.06,False
Bengaluru,2020-01-16,114.0,False,39.36,False,38.18,False
Bengaluru,2020-01-17,106.0,False,34.68,False,39.38,False
Bengaluru,2020-01-18,86.0,False,26.9,False,26.29,False
Bengaluru,2020-01-19,66.0,False,26.66,False,23.43,False
Bengaluru,2020-01-20,81.0,False,34.51,False,33.42,False
Bengaluru,2020-01-21,90.0,False,37.86,False,33.67,False
Bengaluru,2020-01-22,87.0,False,28.25,False,30.62,False
Bengaluru,2020-01-23,82.0,False,41.13,False,30.76,False
Bengaluru,2020-01-24,108.0,False,42.19,False,39.01,False
Bengaluru,2020-01-25,100.0,False,44.82,False,46.43,False
Bengaluru,2020-01-26,97.0,False,44.48,False,45.71,False
Bengaluru,2020-01-27,98.0,False,45.49,False,41.23,False
Bengaluru,2020-01-28,102.0,False,52.63,False,33.37,False
Bengaluru,2020-01-29,115.0,False,46.45,False,38.65,False
Bengaluru,2020-01-30,112.0,False,43.42,False,47.61,False
Bengaluru,2020-01-31,111.0,False,46.36,False,37.62,False
Bengaluru,2020-02-01,102.0,False,52.07,False,31.67,False
Bengaluru,2020-02-02,94.0,False,35.27,False,24.1,False
Bengaluru,2020-02-03,79.0,False,33.79,False,34.38,False
Bengaluru,2020-02-04,82.0,False,29.27,False,32.2,False
Bengaluru,2020-02-05,86.0,False,30.66,False,30.15,False
Bengaluru,2020-02-06,96.0,False,43.83,False,35.14,False
Bengaluru,2020-02-07,96.0,False,49.51,False,31.27,False
Bengaluru,2020-02-08,105.0,False,45.3,False,30.49,False
Bengaluru,2020-02-09,101.0,False,52.39,False,25.96,False
Bengaluru,2020-02-10,103.0,False,35.53,False,26.2,False
Bengaluru,2020-02-11,87.0,False,33.94,False,28.99,False
Bengaluru,2020-02-12,80.0,False,32.82,False,28.34,False
Bengaluru,2020-02-13,84.0,False,37.67,False,37.32,False
Bengaluru,2020-02-14,111.0,False,50.47,False,46.46,False
Bengaluru,2020-02-15,128.0,False,54.91,False,54.43,False
Bengaluru,2020-02-16,120.0,False,45.02,False,36.76,False
Bengaluru,2020-02-17,99.0,False,41.66,False,43.77,False
Bengaluru,2020-02-18,103.0,False,43.29,False,42.79,False
Bengaluru,2020-02-19,101.0,False,55.31,False,36.85,False
Bengaluru,2020-02-20,94.0,False,47.86,False,33.04,False
Bengaluru,2020-02-21,90.0,False,30.24,False,24.85,False
Bengaluru,2020-02-22,78.0,False,33.96,False,23.75,False
Bengaluru,2020-02-23,81.0,False,36.3,False,21.8,False
Bengaluru,2020-02-24,82.0,False,35.6,False,25.61,False
Bengaluru,2020-02-25,107.0,False,41.83,False,31.08,False
Bengaluru,2020-02-26,104.0,False,47.39,False,27.21,False
Bengaluru,2020-02-27,112.0,False,39.39,False,31.61,False
Bengaluru,2020-02-28,98.0,False,42.58,False,26.77,False
Bengaluru,2020-02-29,95.0,False,48.75,False,27.79,False
Bengaluru,2020-03-01,101.0,False,56.2,False,21.91,False
Bengaluru,2020-03-02,103.0,False,53.75,False,29.55,False
Bengaluru,2020-03-03,137.0,False,70.78,False,32.33,False
Bengaluru,2020-03-04,131.0,False,55.66,False,33.05,False
Bengaluru,2020-03-05,117.0,False,57.89,False,28.68,False
Bengaluru,2020-03-06,100.0,False,41.84,False,23.14,False
Bengaluru,2020-03-07,93.0,False,44.33,False,26.8,False
Bengaluru,2020-03-08,91.0,False,38.66,False,21.71,False
Bengaluru,2020-03-09,99.0,False,38.88,False,23.26,False
Bengaluru,2020-03-10,93.0,False,41.48,False,22.84,False
Bengaluru,2020-03-11,95.0,False,39.57,False,25.62,False
Bengaluru,2020-03-12,97.0,False,34.62,False,28.58,False
Bengaluru,2020-03-13,90.0,False,34.77,False,27.42,False
Bengaluru,2020-03-14,86.0,False,29.97,False,27.04,False
Bengaluru,2020-03-15,88.0,False,33.96,False,22.19,False
Bengaluru,2020-03-16,79.0,False,26.15,False,21.45,False
Bengaluru,2020-03-17,77.0,False,24.15,False,19.78,False
Bengaluru,2020-03-18,78.0,False,29.66,False,24.72,False
Bengaluru,2020-03-19,91.0,False,38.15,False,26.49,False
Bengaluru,2020-03-20,100.0,False,43.31,False,23.38,False
Bengaluru,2020-03-21,103.0,False,40.62,False,31.05,False
Bengaluru,2020-03-22,99.0,False,30.16,False,13.39,False
Bengaluru,2020-03-23,85.0,False,40.28,False,20.12,False
Bengaluru,2020-03-24,106.0,False,50.85,False,15.65,False
Bengaluru,2020-03-25,70.0,False,25.25,False,9.73,False
Bengaluru,2020-03-26,61.0,False,27.77,False,8.99,False
Bengaluru,2020-03-27,67.0,False,27.47,False,9.44,False
Bengaluru,2020-03-28,70.0,False,24.89,False,10.58,False
Bengaluru,2020-03-29,66.0,False,28.45,False,12.22,False
Bengaluru,2020-03-30,72.0,False,32.46,False,11.09,False
Bengaluru,2020-03-31,68.0,False,22.01,False,10.09,False
Bengaluru,2020-04-01,64.0,False,22.54,False,10.37,False
Bengaluru,2020-04-02,70.0,False,27.12,False,9.58,False
Bengaluru,2020-04-03,82.0,False,34.12,False,9.69,False
Bengaluru,2020-04-04,74.0,False,31.93,False,9.23,False
Bengaluru,2020-04-05,77.0,False,30.26,False,9.81,False
Bengaluru,2020-04-06,65.0,False,22.68,False,11.52,False
Bengaluru,2020-04-07,62.0,False,15.14,False,13.48,False
Bengaluru,2020-04-08,67.0,False,18.39,False,13.73,False
Bengaluru,2020-04-09,65.0,False,23.32,False,12.38,False
Bengaluru,2020-04-10,76.0,False,30.06,False,11.5,False
Bengaluru,2020-04-11,70.0,False,26.99,False,10.63,False
Bengaluru,2020-04-12,64.0,False,22.38,False,11.74,False
Bengaluru,2020-04-13,72.0,False,25.61,False,15.57,False
Bengaluru,2020-04-14,72.0,False,30.24,False,15.73,False
Bengaluru,2020-04-15,74.0,False,33.62,False,13.81,False
Bengaluru,2020-04-16,66.0,False,25.27,False,12.73,False
Bengaluru,2020-04-17,74.0,False,40.0,False,12.28,False
Bengaluru,2020-04-18,94.0,False,34.03,False,11.74,False
Bengaluru,2020-04-19,67.0,False,24.22,False,10.48,False
Bengaluru,2020-04-20,53.0,False,19.42,False,10.76,False
Bengaluru,2020-04-21,65.0,False,17.04,False,13.02,False
Bengaluru,2020-04-22,71.0,False,19.95,False,10.17,False
Bengaluru,2020-04-23,63.0,False,26.1,False,11.41,False
Bengaluru,2020-04-24,69.0,False,26.25,False,13.05,False
Bengaluru,2020-04-25,66.0,False,25.98,False,13.04,False
Bengaluru,2020-04-26,61.0,False,21.32,False,11.76,False
Bengaluru,2020-04-27,59.0,False,19.25,False,11.69,False
Bengaluru,2020-04-28,71.0,False,20.74,False,11.24,False
Bengaluru,2020-04-29,62.0,False,13.68,False,12.02,False
Bengaluru,2020-04-30,61.0,False,20.3,False,15.27,False
Bengaluru,2020-05-01,74.0,False,24.81,False,12.6,False
Bengaluru,2020-05-02,72.0,False,18.36,False,14.26,False
Bengaluru,2020-05-03,71.0,False,22.35,False,17.28,False
Bengaluru,2020-05-04,79.0,False,26.1,False,18.88,False
Bengaluru,2020-05-05,91.0,False,29.23,False,18.26,False
Bengaluru,2020-05-06,85.0,False,23.02,False,17.4,False
Bengaluru,2020-05-07,82.0,False,26.87,False,18.2,False
Bengaluru,2020-05-08,73.0,False,17.61,False,16.86,False
Bengaluru,2020-05-09,76.0,False,21.05,False,14.05,False
Bengaluru,2020-05-10,78.0,False,24.29,False,13.18,False
Bengaluru,2020-05-11,77.0,False,20.58,False,14.23,False
Bengaluru,2020-05-12,82.0,False,15.43,False,14.13,False
Bengaluru,2020-05-13,66.0,False,14.56,False,13.82,False
Bengaluru,2020-05-14,66.0,False,24.81,False,15.82,False
Bengaluru,2020-05-15,73.0,False,17.34,False,16.79,False
Bengaluru,2020-05-16,74.0,False,23.44,False,18.22,False
Bengaluru,2020-05-17,70.0,False,21.25,False,13.24,False
Bengaluru,2020-05-18,68.0,False,16.82,False,12.91,False
Bengaluru,2020-05-19,72.0,False,23.81,False,13.11,False
Bengaluru,2020-05-20,79.0,False,17.9,False,13.77,False
Bengaluru,2020-05-21,70.0,False,19.53,False,14.59,False
Bengaluru,2020-05-22,68.0,False,18.13,False,15.13,False
Bengaluru,2020-05-23,72.0,False,19.52,False,15.05,False
Bengaluru,2020-05-24,66.0,False,18.62,False,13.03,False
Bengaluru,2020-05-25,70.0,False,21.06,False,16.82,False
Bengaluru,2020-05-26,66.0,False,22.25,False,16.47,False
Bengaluru,2020-05-27,75.0,False,19.81,False,18.54,False
Bengaluru,2020-05-28,74.0,False,28.46,False,14.85,False
Bengaluru,2020-05-29,66.0,False,23.16,False,15.72,False
Bengaluru,2020-05-30,72.0,False,15.87,False,18.27,False
Bengaluru,2020-05-31,61.0,False,23.32,False,11.58,False
Bengaluru,2020-06-01,49.0,False,9.16,False,9.72,False
Bengaluru,2020-06-02,40.0,False,8.95,False,9.76,False
Bengaluru,2020-06-03,42.0,False,9.69,False,9.78,False
Bengaluru,2020-06-04,43.0,False,10.91,False,11.51,False
Bengaluru,2020-06-05,55.0,False,22.88,False,19.65,False
Bengaluru,2020-06-06,55.0,False,18.18,False,17.1,False
Bengaluru,2020-06-07,55.0,False,17.6,False,13.32,False
Bengaluru,2020-06-08,55.0,False,20.16,False,15.31,False
Bengaluru,2020-06-09,58.0,False,21.7,False,15.48,False
Bengaluru,2020-06-10,70.0,False,25.44,False,15.98,False
Bengaluru,2020-06-11,59.0,False,16.53,False,14.7,False
Bengaluru,2020-06-12,49.0,False,16.84,False,13.83,False
Bengaluru,2020-06-13,50.0,False,16.79,False,14.67,False
Bengaluru,2020-06-14,49.0,False,16.66,False,12.31,False
Bengaluru,2020-06-15,47.0,False,19.57,False,13.01,False
Bengaluru,2020-06-16,55.0,False,17.07,False,13.32,False
Bengaluru,2020-06-17,57.0,False,18.29,False,14.1,False
Bengaluru,2020-06-18,65.0,False,28.32,False,13.98,False
Bengaluru,2020-06-19,65.0,False,21.55,False,13.87,False
Bengaluru,2020-06-20,56.0,False,18.32,False,13.62,False
Bengaluru,2020-06-21,52.0,False,18.18,False,12.45,False
Bengaluru,2020-06-22,49.0,False,15.65,False,14.45,False
Bengaluru,2020-06-23,56.0,False,20.38,False,14.6,False
Bengaluru,2020-06-24,63.0,False,19.72,False,14.61,False
Bengaluru,2020-06-25,63.0,False,16.93,False,17.67,False
Bengaluru,2020-06-26,58.0,False,15.4,False,14.29,False
Bengaluru,2020-06-27,51.0,False,16.6,False,13.68,False
Bengaluru,2020-06-28,61.0,False,20.44,False,10.33,False
Bengaluru,2020-06-29,65.0,False,28.68,False,12.12,False
Bengaluru,2020-06-30,63.0,False,14.47,False,12.69,False
Bengaluru,2020-07-01,43.0,False,17.5,False,13.25,False
Chennai,2015-01-01,,,,,15.39,False
Chennai,2015-01-02,,,,,13.42,False
Chennai,2015-01-03,,,,,19.56,False
Chennai,2015-01-04,,,,,16.2,False
Chennai,2015-01-05,,,,,16.3,False
Chennai,2015-01-06,,,,,35.6,False
Chennai,2015-01-07,,,,,46.38,False
Chennai,2015-01-08,,,,,37.79,False
Chennai,2015-01-09,,,,,42.65,False
Chennai,2015-01-10,,,,,19.17,False
Chennai,2015-01-11,,,,,49.87,False
Chennai,2015-01-12,,,,,30.31,False
Chennai,2015-01-13,,,,,64.35,False
Chennai,2015-01-14,,,,,38.23,False
Chennai,2015-01-15,,,,,23.87,False
Chennai,2015-01-16,,,,,18.39,False
Chennai,2015-01-17,,,,,17.4,False
Chennai,2015-01-18,,,,,30.7,False
Chennai,2015-01-19,,,,,41.8,False
Chennai,2015-01-20,,,,,27.9,False
Chennai,2015-01-21,,,,,59.26,False
Chennai,2015-01-22,,,,,46.77,False
Chennai,2015-01-23,,,,,37.55,False
Chennai,2015-01-24,,,,,9.89,False
Chennai,2015-01-25,,,,,10.14,False
Chennai,2015-01-26,,,,,10.44,False
Chennai,2015-01-27,,,,,12.63,False
Chennai,2015-01-28,,,,,16.83,False
Chennai,2015-01-29,,,,,41.79,False
Chennai,2015-01-30,,,,,23.84,False
Chennai,2015-01-31,,,,,46.59,False
Chennai,2015-02-01,,,,,26.05,False
Chennai,2015-02-02,,,,,15.82,False
Chennai,2015-02-03,,,,,14.89,False
Chennai,2015-02-04,,,,,14.0,False
Chennai,2015-02-05,,,,,19.17,False
Chennai,2015-02-06,,,,,16.7,False
Chennai,2015-02-07,,,,,13.46,False
Chennai,2015-02-08,,,,,12.98,False
Chennai,2015-02-09,,,,,13.43,False
Chennai,2015-02-10,,,,,13.2,False
Chennai,2015-02-11,,,,,14.8,False
Chennai,2015-02-12,,,,,14.27,False
Chennai,2015-02-13,,,,,14.16,False
Chennai,2015-02-14,,,,,12.97,False
Chennai,2015-02-15,,,,,13.02,False
Chennai,2015-02-16,,,,,12.63,False
Chennai,2015-02-17,,,,,14.43,False
Chennai,2015-02-18,,,,,15.78,False
Chennai,2015-02-19,,,,,15.2,False
Chennai,2015-02-20,,,,,13.43,False
Chennai,2015-02-21,,,,,11.56,False
Chennai,2015-02-22,,,,,11.4,False
Chennai,2015-02-23,,,,,15.81,False
Chennai,2015-02-24,,,,,14.44,False
Chennai,2015-02-25,,,,,11.57,False
Chennai,2015-02-26,,,,,13.22,False
Chennai,2015-02-27,,,,,11.24,False
Chennai,2015-02-28,,,,,11.7,False
Chennai,2015-03-01,,,,,11.38,False
Chennai,2015-03-02,,,,,10.95,False
Chennai,2015-03-03,,,,,12.29,False
Chennai,2015-03-04,,,,,11.37,False
Chennai,2015-03-05,,,,,14.04,False
Chennai,2015-03-06,,,,,16.34,False
Chennai,2015-03-07,,,,,18.61,False
Chennai,2015-03-08,,,,,18.9,False
Chennai,2015-03-09,,,,,18.29,False
Chennai,2015-03-10,,,,,22.44,False
Chennai,2015-03-11,,,,,21.64,False
Chennai,2015-03-12,,,,,16.02,False
Chennai,2015-03-13,,,,,16.2,False
Chennai,2015-03-14,,,,,16.41,False
Chennai,2015-03-15,,,,,35.78,False
Chennai,2015-03-16,,,,,24.87,False
Chennai,2015-03-17,,,,,48.6,False
Chennai,2015-03-18,,,,,54.96,False
Chennai,2015-03-19,,,,,22.4,False
Chennai,2015-03-20,,,,,22.22,False
Chennai,2015-03-21,,,,,36.81,False
Chennai,2015-03-22,,,,,22.96,False
Chennai,2015-03-23,,,173.51,False,30.32,False
Chennai,2015-03-24,333.0,False,149.04,False,112.29,False
Chennai,2015-03-25,325.5,True,205.65,False,98.75,False
Chennai,2015-03-26,318.0,False,140.21,False,31.79,False
Chennai,2015-03-27,408.0,False,266.29,False,50.12,False
Chennai,2015-03-28,448.0,False,88.65,False,38.75,False
Chennai,2015-03-29,402.67,True,81.34,False,48.15,False
Chennai,2015-03-30,357.33,True,144.46,False,25.53,False
Chennai,2015-03-31,312.0,False,51.69,False,46.48,False
Chennai,2015-04-01,289.0,False,103.75,False,36.98,False
Chennai,2015-04-02,206.0,False,106.27,False,38.34,False
Chennai,2015-04-03,248.0,False,42.82,False,35.32,False
Chennai,2015-04-04,275.0,True,187.51,False,26.89,False
Chennai,2015-04-05,302.0,False,85.86,False,26.79,False
Chennai,2015-04-06,193.0,False,83.19,False,16.84,False
Chennai,2015-04-07,151.0,False,48.35,False,18.16,False
Chennai,2015-04-08,137.0,False,73.66,False,17.07,False
Chennai,2015-04-09,208.0,False,66.72,False,16.79,False
Chennai,2015-04-10,172.0,False,80.79,False,16.3,False
Chennai,2015-04-11,149.0,False,75.59,False,16.81,False
Chennai,2015-04-12,157.0,False,75.82,False,17.27,False
Chennai,2015-04-13,242.0,False,80.23,False,20.43,False
Chennai,2015-04-14,205.0,False,87.48,False,18.6,False
Chennai,2015-04-15,245.0,False,72.65,False,18.34,False
Chennai,2015-04-16,244.0,False,90.72,False,19.6,False
Chennai,2015-04-17,152.0,False,73.28,False,22.18,False
Chennai,2015-04-18,152.0,False,73.33,False,22.69,False
Chennai,2015-04-19,148.0,False,71.17,False,29.45,False
Chennai,2015-04-20,149.0,False,78.58,False,69.16,False
Chennai,2015-04-21,158.0,False,74.55,False,37.66,False
Chennai,2015-04-22,145.0,False,73.8,False,25.18,False
Chennai,2015-04-23,142.0,False,69.28,False,41.89,False
Chennai,2015-04-24,180.0,False,70.45,False,39.33,False
Chennai,2015-04-25,130.0,False,60.15,False,35.63,False
Chennai,2015-04-26,102.0,False,57.57,False,36.72,False
Chennai,2015-04-27,113.0,False,67.8,False,26.61,False
Chennai,2015-04-28,136.0,False,70.85,False,45.19,False
Chennai,2015-04-29,130.0,False,63.16,False,49.3,False
Chennai,2015-04-30,115.0,False,55.47,False,58.18,False
Chennai,2015-05-01,108.0,False,51.62,False,19.39,False
Chennai,2015-05-02,139.0,False,85.26,False,37.2,False
Chennai,2015-05-03,140.0,False,44.26,False,34.41,False
Chennai,2015-05-04,100.0,False,28.97,False,16.92,False
Chennai,2015-05-05,107.0,False,35.16,False,22.34,False
Chennai,2015-05-06,124.0,False,44.1,False,16.92,False
Chennai,2015-05-07,130.0,False,57.31,False,20.94,False
Chennai,2015-05-08,201.0,False,54.28,False,24.85,False
Chennai,2015-05-09,126.0,False,60.64,False,25.94,False
Chennai,2015-05-10,153.0,False,53.69,False,29.04,False
Chennai,2015-05-11,176.0,False,49.2,False,33.32,False
Chennai,2015-05-12,146.0,False,82.63,False,43.83,False
Chennai,2015-05-13,208.0,False,100.77,False,22.81,False
Chennai,2015-05-14,285.0,False,120.24,False,23.93,False
Chennai,2015-05-15,178.0,False,70.64,False,20.05,False
Chennai,2015-05-16,209.0,False,91.69,False,19.7,False
Chennai,2015-05-17,201.0,False,79.98,False,19.21,False
Chennai,2015-05-18,196.0,False,87.7,False,19.56,False
Chennai,2015-05-19,156.0,False,83.47,False,49.11,False
Chennai,2015-05-20,135.0,False,97.96,False,16.44,False
Chennai,2015-05-21,197.0,False,97.74,False,16.72,False
Chennai,2015-05-22,200.0,False,85.55,False,16.47,False
Chennai,2015-05-23,166.0,False,90.87,False,17.24,False
Chennai,2015-05-24,148.0,False,78.25,False,17.43,False
Chennai,2015-05-25,177.0,False,125.51,False,17.14,False
Chennai,2015-05-26,235.0,False,113.78,False,15.58,False
Chennai,2015-05-27,277.0,False,119.68,False,16.33,False
Chennai,2015-05-28,221.0,False,105.59,False,20.24,False
Chennai,2015-05-29,204.0,False,100.5,False,21.32,False
Chennai,2015-05-30,206.0,False,102.97,False,25.74,False
Chennai,2015-05-31,211.0,False,127.46,False,29.99,False
Chennai,2015-06-01,216.0,False,129.49,False,14.97,False
Chennai,2015-06-02,220.0,False,100.13,False,14.35,False
Chennai,2015-06-03,203.0,False,108.88,False,16.12,False
Chennai,2015-06-04,207.0,False,111.48,False,15.66,False
Chennai,2015-06-05,200.0,False,73.81,False,16.64,False
Chennai,2015-06-06,125.0,False,60.15,False,15.47,False
Chennai,2015-06-07,150.0,False,61.59,False,15.4,False
Chennai,2015-06-08,119.0,False,64.94,False,15.86,False
Chennai,2015-06-09,121.0,False,61.26,False,15.26,False
Chennai,2015-06-10,144.0,False,58.49,False,15.22,False
Chennai,2015-06-11,117.0,False,58.84,False,15.13,False
Chennai,2015-06-12,121.0,False,60.75,False,15.08,False
Chennai,2015-06-13,118.0,False,58.12,False,15.31,False
Chennai,2015-06-14,117.0,False,58.33,False,15.4,False
Chennai,2015-06-15,165.0,False,59.87,False,14.98,False
Chennai,2015-06-16,118.0,False,49.91,False,13.37,False
Chennai,2015-06-17,120.0,False,53.53,False,12.39,False
Chennai,2015-06-18,114.0,False,45.43,False,11.22,False
Chennai,2015-06-19,155.0,False,54.86,False,14.6,False
Chennai,2015-06-20,158.0,False,56.25,False,15.23,False
Chennai,2015-06-21,118.0,False,57.87,False,15.88,False
Chennai,2015-06-22,152.0,False,72.61,False,17.51,False
Chennai,2015-06-23,181.0,False,68.28,False,16.15,False
Chennai,2015-06-24,167.0,False,58.07,False,16.31,False
Chennai,2015-06-25,158.0,False,67.93,False,19.42,False
Chennai,2015-06-26,147.0,False,69.03,False,17.22,False
Chennai,2015-06-27,149.0,False,76.57,False,15.11,False
Chennai,2015-06-28,157.0,False,77.2,False,17.59,False
Chennai,2015-06-29,157.0,False,76.18,False,17.75,False
Chennai,2015-06-30,172.0,False,77.16,False,17.68,False
Chennai,2015-07-01,201.0,False,83.72,False,20.08,False
Chennai,2015-07-02,169.0,False,68.41,False,20.66,False
Chennai,2015-07-03,186.0,False,73.86,False,21.36,False
Chennai,2015-07-04,290.0,False,70.58,False,17.94,False
Chennai,2015-07-05,193.0,False,70.61,False,20.14,False
Chennai,2015-07-06,164.0,False,71.19,False,20.02,False
Chennai,2015-07-07,187.0,False,69.56,False,20.37,False
Chennai,2015-07-08,160.0,False,68.72,False,19.66,False
Chennai,2015-07-09,207.0,False,67.95,False,13.66,False
Chennai,2015-07-10,169.0,False,59.59,False,14.72,False
Chennai,2015-07-11,208.0,False,62.54,False,19.45,False
Chennai,2015-07-12,230.0,False,61.7,False,20.32,False
Chennai,2015-07-13,146.0,False,65.54,False,19.39,False
Chennai,2015-07-14,188.0,False,53.35,False,20.42,False
Chennai,2015-07-15,191.0,False,59.2,False,17.26,False
Chennai,2015-07-16,189.0,False,57.02,False,18.65,False
Chennai,2015-07-17,154.0,False,53.75,False,18.59,False
Chennai,2015-07-18,190.0,False,48.36,False,19.18,False
Chennai,2015-07-19,104.0,False,40.7,False,19.23,False
Chennai,2015-07-20,132.0,False,36.72,False,18.96,False
Chennai,2015-07-21,100.0,False,42.94,False,18.58,False
Chennai,2015-07-22,126.0,False,47.23,False,18.89,False
Chennai,2015-07-23,141.0,False,81.77,False,26.1,False
Chennai,2015-07-24,210.0,False,83.64,False,18.19,False
Chennai,2015-07-25,102.0,False,53.69,False,20.33,False
Chennai,2015-07-26,92.0,False,47.88,False,19.16,False
Chennai,2015-07-27,123.0,False,57.59,False,18.92,False
Chennai,2015-07-28,143.0,False,51.55,False,18.75,False
Chennai,2015-07-29,144.0,False,50.58,False,19.44,False
Chennai,2015-07-30,141.0,False,49.89,False,19.47,False
Chennai,2015-07-31,106.0,False,56.67,False,19.64,False
Chennai,2015-08-01,195.0,False,85.39,False,29.71,False
Chennai,2015-08-02,194.0,False,70.17,False,15.44,False
Chennai,2015-08-03,98.0,False,49.45,False,14.52,False
Chennai,2015-08-04,120.0,False,64.89,False,15.17,False
Chennai,2015-08-05,112.0,False,59.69,False,16.22,False
Chennai,2015-08-06,189.0,False,49.27,False,14.74,False
Chennai,2015-08-07,100.0,False,56.12,False,14.52,False
Chennai,2015-08-08,145.0,False,63.11,False,15.11,False
Chennai,2015-08-09,123.0,False,55.12,False,15.08,False
Chennai,2015-08-10,96.0,False,54.41,False,14.92,False
Chennai,2015-08-11,96.0,False,61.65,False,15.12,False
Chennai,2015-08-12,106.0,False,53.49,False,14.57,False
Chennai,2015-08-13,102.0,False,58.42,False,14.41,False
Chennai,2015-08-14,121.0,False,57.52,False,15.55,False
Chennai,2015-08-15,96.0,False,51.29,False,14.77,False
Chennai,2015-08-16,111.0,False,58.79,False,16.06,False
Chennai,2015-08-17,129.0,False,63.39,False,15.16,False
Chennai,2015-08-18,106.0,False,66.98,False,16.15,False
Chennai,2015-08-19,123.0,False,69.54,False,15.61,False
Chennai,2015-08-20,176.0,False,64.9,False,19.19,False
Chennai,2015-08-21,91.0,False,43.12,False,13.87,False
Chennai,2015-08-22,165.0,False,39.93,False,14.15,False
Chennai,2015-08-23,108.0,False,33.26,False,14.71,False
Chennai,2015-08-24,119.0,False,40.27,False,14.15,False
Chennai,2015-08-25,98.0,False,46.96,False,13.55,False
Chennai,2015-08-26,100.0,False,39.91,False,13.23,False
Chennai,2015-08-27,127.0,False,39.65,False,12.82,False
Chennai,2015-08-28,100.0,False,45.16,False,13.19,False
Chennai,2015-08-29,146.0,False,43.58,False,14.18,False
Chennai,2015-08-30,112.0,False,37.62,False,16.1,False
Chennai,2015-08-31,97.0,False,41.0,False,15.66,False
Chennai,2015-09-01,88.0,False,32.37,False,16.34,False
Chennai,2015-09-02,163.0,False,24.27,False,16.66,False
Chennai,2015-09-03,99.0,False,26.54,False,17.24,False
Chennai,2015-09-04,106.0,False,26.96,False,17.1,False
Chennai,2015-09-05,83.0,False,25.83,False,16.9,False
Chennai,2015-09-06,82.0,False,26.47,False,17.03,False
Chennai,2015-09-07,107.0,False,27.97,False,17.3,False
Chennai,2015-09-08,86.0,False,27.86,False,17.24,False
Chennai,2015-09-09,88.0,False,26.89,False,16.89,False
Chennai,2015-09-10,148.0,False,28.78,False,17.02,False
Chennai,2015-09-11,79.0,False,31.49,False,15.04,False
Chennai,2015-09-12,82.0,False,32.09,False,14.96,False
Chennai,2015-09-13,79.0,False,29.23,False,15.72,False
Chennai,2015-09-14,128.0,False,30.94,False,15.18,False
Chennai,2015-09-15,77.0,False,29.62,False,14.0,False
Chennai,2015-09-16,74.0,False,29.73,False,12.96,False
Chennai,2015-09-17,70.0,False,30.34,False,10.69,False
Chennai,2015-09-18,116.0,False,31.63,False,10.45,False
Chennai,2015-09-19,77.0,False,35.42,False,10.47,False
Chennai,2015-09-20,197.0,False,27.32,False,10.48,False
Chennai,2015-09-21,214.0,False,27.69,False,10.76,False
Chennai,2015-09-22,121.0,False,39.77,False,11.93,False
Chennai,2015-09-23,84.0,False,31.65,False,10.81,False
Chennai,2015-09-24,131.0,False,39.97,False,10.01,False
Chennai,2015-09-25,153.0,False,41.94,False,10.75,False
Chennai,2015-09-26,171.0,False,65.79,False,9.7,False
Chennai,2015-09-27,165.0,False,86.4,False,10.03,False
Chennai,2015-09-28,176.0,False,61.69,False,10.08,False
Chennai,2015-09-29,224.0,False,44.26,False,10.47,False
Chennai,2015-09-30,154.0,False,42.71,False,10.73,False
Chennai,2015-10-01,188.0,False,46.97,False,11.77,False
Chennai,2015-10-02,135.0,False,42.17,False,10.78,False
Chennai,2015-10-03,84.0,False,47.0,False,12.94,False
Chennai,2015-10-04,107.0,False,49.45,False,15.21,False
Chennai,2015-10-05,89.0,False,46.7,False,13.7,False
Chennai,2015-10-06,136.0,False,33.87,False,10.87,False
Chennai,2015-10-07,94.0,False,33.0,False,11.79,False
Chennai,2015-10-08,82.0,False,36.3,False,12.98,False
Chennai,2015-10-09,86.0,False,36.51,False,12.68,False
Chennai,2015-10-10,107.0,False,37.71,False,12.52,False
Chennai,2015-10-11,165.0,False,35.73,False,12.94,False
Chennai,2015-10-12,150.0,False,36.27,False,13.16,False
Chennai,2015-10-13,203.0,False,122.16,False,21.5,False
Chennai,2015-10-14,263.0,False,90.73,False,22.21,False
Chennai,2015-10-15,196.0,False,63.96,False,22.35,False
Chennai,2015-10-16,156.0,False,48.79,False,15.46,False
Chennai,2015-10-17,147.0,False,34.96,False,14.19,False
Chennai,2015-10-18,109.0,False,37.55,False,13.58,False
Chennai,2015-10-19,121.0,False,31.54,False,12.4,False
Chennai,2015-10-20,83.0,False,37.74,False,12.9,False
Chennai,2015-10-21,241.0,False,41.27,False,14.19,False
Chennai,2015-10-22,133.0,False,47.68,False,13.2,False
Chennai,2015-10-23,238.0,False,81.26,False,20.88,False
Chennai,2015-10-24,175.0,False,44.79,False,12.53,False
Chennai,2015-10-25,136.0,False,50.98,False,12.27,False
Chennai,2015-10-26,130.0,False,46.79,False,12.05,False
Chennai,2015-10-27,128.0,False,54.0,False,13.79,False
Chennai,2015-10-28,136.0,False,52.65,False,11.71,False
Chennai,2015-10-29,125.0,False,55.75,False,12.9,False
Chennai,2015-10-30,113.0,False,52.29,False,10.92,False
Chennai,2015-10-31,195.0,False,41.39,False,9.93,False
Chennai,2015-11-01,174.0,False,44.08,False,10.76,False
Chennai,2015-11-02,142.0,False,41.44,False,11.73,False
Chennai,2015-11-03,122.0,False,41.96,False,13.78,False
Chennai,2015-11-04,135.0,False,41.8,False,13.77,False
Chennai,2015-11-05,128.0,False,43.18,False,15.87,False
Chennai,2015-11-06,204.0,False,44.74,False,23.81,False
Chennai,2015-11-07,132.0,False,53.31,False,18.91,False
Chennai,2015-11-08,154.0,False,38.73,False,16.0,False
Chennai,2015-11-09,119.0,False,23.46,False,13.02,False
Chennai,2015-11-10,117.0,False,76.42,False,13.89,False
Chennai,2015-11-11,183.0,False,53.36,False,15.85,False
Chennai,2015-11-12,100.0,False,44.5,False,15.41,False
Chennai,2015-11-13,106.0,False,51.11,False,14.79,False
Chennai,2015-11-14,132.0,False,55.76,False,14.72,False
Chennai,2015-11-15,122.0,False,49.55,False,13.89,False
Chennai,2015-11-16,105.0,False,31.49,False,12.65,False
Chennai,2015-11-17,133.0,False,30.89,False,12.88,False
Chennai,2015-11-18,98.0,False,36.51,False,13.25,False
Chennai,2015-11-19,98.0,False,30.69,False,11.68,False
Chennai,2015-11-20,89.0,False,28.66,False,9.19,False
Chennai,2015-11-21,87.0,False,33.37,False,8.59,False
Chennai,2015-11-22,126.0,False,29.11,False,7.91,False
Chennai,2015-11-23,90.0,False,27.08,False,7.74,False
Chennai,2015-11-24,93.0,False,25.63,False,8.34,False
Chennai,2015-11-25,96.0,False,35.35,False,8.2,False
Chennai,2015-11-26,107.0,False,36.82,False,8.01,False
Chennai,2015-11-27,103.0,False,36.96,False,8.11,False
Chennai,2015-11-28,112.0,False,44.41,False,8.91,False
Chennai,2015-11-29,113.0,False,29.55,False,7.53,False
Chennai,2015-11-30,99.0,False,31.97,False,7.9,False
Chennai,2015-12-01,103.0,False,28.82,False,7.8,False
Chennai,2015-12-02,161.0,False,32.64,False,7.94,False
Chennai,2015-12-03,85.0,False,52.16,False,5.88,False
Chennai,2015-12-04,80.0,False,42.44,True,6.34,True
Chennai,2015-12-05,86.75,True,32.71,True,6.81,True
Chennai,2015-12-06,93.5,True,22.99,True,7.28,True
Chennai,2015-12-07,100.25,True,13.27,False,7.74,False
Chennai,2015-12-08,107.0,False,48.08,False,6.79,False
Chennai,2015-12-09,121.0,False,40.81,False,6.05,False
Chennai,2015-12-10,100.0,False,40.96,False,6.76,False
Chennai,2015-12-11,108.0,False,46.17,False,5.56,False
Chennai,2015-12-12,97.0,False,78.83,False,7.55,False
Chennai,2015-12-13,130.0,False,138.07,False,8.62,False
Chennai,2015-12-14,113.0,False,54.85,False,8.39,False
Chennai,2015-12-15,106.0,False,42.45,False,7.61,False
Chennai,2015-12-16,102.0,False,46.16,False,7.64,False
Chennai,2015-12-17,129.0,False,48.64,False,7.96,False
Chennai,2015-12-18,130.0,False,44.78,False,8.38,False
Chennai,2015-12-19,114.0,False,39.11,False,8.47,False
Chennai,2015-12-20,117.0,False,42.67,False,19.41,False
Chennai,2015-12-21,103.0,False,65.01,False,18.15,False
Chennai,2015-12-22,150.0,False,56.1,False,16.39,False
Chennai,2015-12-23,104.0,False,50.32,False,17.56,False
Chennai,2015-12-24,106.0,False,63.0,False,20.86,False
Chennai,2015-12-25,108.0,False,59.47,False,22.32,False
Chennai,2015-12-26,111.0,False,71.81,False,12.18,False
Chennai,2015-12-27,165.0,False,81.74,False,9.86,False
Chennai,2015-12-28,211.0,False,62.63,False,12.09,False
Chennai,2015-12-29,241.0,False,65.1,False,16.1,False
Chennai,2015-12-30,114.0,False,57.23,False,15.14,False
Chennai,2015-12-31,100.0,False,52.27,False,16.46,False
Chennai,2016-01-01,125.0,False,65.97,False,32.92,False
Chennai,2016-01-02,123.0,False,41.3,False,8.72,False
Chennai,2016-01-03,106.0,False,36.81,False,6.44,False
Chennai,2016-01-04,63.0,False,44.87,False,12.75,False
Chennai,2016-01-05,132.0,False,63.67,False,21.07,False
Chennai,2016-01-06,136.0,False,67.49,False,19.92,False
Chennai,2016-01-07,184.0,False,52.94,False,10.48,False
Chennai,2016-01-08,120.0,False,69.88,False,25.36,False
Chennai,2016-01-09,162.0,False,66.89,False,21.05,False
Chennai,2016-01-10,119.0,False,62.27,False,20.35,False
Chennai,2016-01-11,113.0,False,51.56,False,20.34,False
Chennai,2016-01-12,119.0,False,58.27,False,22.24,False
Chennai,2016-01-13,129.0,False,63.13,False,25.19,False
Chennai,2016-01-14,220.0,False,80.23,False,21.76,False
Chennai,2016-01-15,139.0,False,39.74,False,13.02,False
Chennai,2016-01-16,130.0,False,49.21,False,12.83,False
Chennai,2016-01-17,121.0,False,55.73,False,10.86,False
Chennai,2016-01-18,114.0,False,58.28,False,12.01,False
Chennai,2016-01-19,115.0,False,56.47,False,12.34,False
Chennai,2016-01-20,200.0,False,60.04,False,11.52,False
Chennai,2016-01-21,167.0,False,55.45,False,11.1,False
Chennai,2016-01-22,172.0,False,65.26,False,11.46,False
Chennai,2016-01-23,117.0,False,53.07,False,11.09,False
Chennai,2016-01-24,198.0,False,51.32,False,8.8,False
Chennai,2016-01-25,153.0,False,46.84,False,12.73,False
Chennai,2016-01-26,142.0,False,46.29,False,18.21,False
Chennai,2016-01-27,144.0,False,42.49,False,18.3,False
Chennai,2016-01-28,145.0,False,47.11,False,13.56,False
Chennai,2016-01-29,149.0,False,50.13,False,13.23,False
Chennai,2016-01-30,186.0,False,53.58,False,15.06,False
Chennai,2016-01-31,216.0,False,76.91,False,12.11,False
Chennai,2016-02-01,220.0,False,107.65,False,14.47,False
Chennai,2016-02-02,209.0,False,69.9,False,15.9,False
Chennai,2016-02-03,251.0,False,112.72,False,15.66,False
Chennai,2016-02-04,191.0,False,81.79,False,12.72,False
Chennai,2016-02-05,203.0,False,127.03,False,13.25,False
Chennai,2016-02-06,183.0,False,70.57,False,13.74,False
Chennai,2016-02-07,162.0,False,79.55,False,12.07,False
Chennai,2016-02-08,154.0,False,76.36,False,9.92,False
Chennai,2016-02-09,181.0,False,92.83,False,12.68,False
Chennai,2016-02-10,223.0,False,98.75,False,12.5,False
Chennai,2016-02-11,193.0,False,82.03,False,14.24,False
Chennai,2016-02-12,157.0,False,85.64,False,16.69,False
Chennai,2016-02-13,173.0,False,76.72,False,12.56,False
Chennai,2016-02-14,133.0,False,57.58,False,11.15,False
Chennai,2016-02-15,109.0,False,65.38,False,11.74,False
Chennai,2016-02-16,160.0,False,80.38,False,12.43,False
Chennai,2016-02-17,145.0,False,68.45,False,8.8,False
Chennai,2016-02-18,134.0,False,73.22,False,13.11,False
Chennai,2016-02-19,170.0,False,79.01,False,15.12,False
Chennai,2016-02-20,179.0,False,83.44,False,13.42,False
Chennai,2016-02-21,156.0,False,62.16,False,10.03,False
Chennai,2016-02-22,130.0,False,41.54,False,10.28,False
Chennai,2016-02-23,106.0,False,67.25,False,15.63,False
Chennai,2016-02-24,96.0,False,44.41,False,13.03,False
Chennai,2016-02-25,99.0,False,47.25,False,10.99,False
Chennai,2016-02-26,80.0,False,35.75,False,8.13,False
Chennai,2016-02-27,88.0,False,51.79,False,11.31,False
Chennai,2016-02-28,108.0,False,32.96,False,10.8,False
Chennai,2016-02-29,114.0,False,52.25,False,9.13,False
Chennai,2016-03-01,153.0,False,90.02,False,12.13,False
Chennai,2016-03-02,196.0,False,69.55,False,10.84,False
Chennai,2016-03-03,132.0,False,47.78,False,9.44,False
Chennai,2016-03-04,117.0,False,67.25,False,12.58,False
Chennai,2016-03-05,143.0,False,62.62,False,12.49,False
Chennai,2016-03-06,142.0,False,62.87,False,10.21,False
Chennai,2016-03-07,135.0,False,56.24,False,9.88,False
Chennai,2016-03-08,120.0,False,60.92,False,12.17,False
Chennai,2016-03-09,158.0,False,81.03,False,11.06,False
Chennai,2016-03-10,186.0,False,80.44,False,10.22,False
Chennai,2016-03-11,155.0,False,66.08,False,8.99,False
Chennai,2016-03-12,136.0,False,65.08,False,11.65,False
Chennai,2016-03-13,131.0,False,57.73,False,8.73,False
Chennai,2016-03-14,135.0,False,74.65,False,7.78,False
Chennai,2016-03-15,193.0,False,76.68,False,8.14,False
Chennai,2016-03-16,188.0,False,81.93,False,8.79,False
Chennai,2016-03-17,187.0,False,86.31,False,10.7,False
Chennai,2016-03-18,214.0,False,87.07,False,9.98,False
Chennai,2016-03-19,216.0,False,100.61,False,11.24,False
Chennai,2016-03-20,221.0,False,98.47,False,8.57,False
Chennai,2016-03-21,251.0,False,123.36,False,11.41,False
Chennai,2016-03-22,179.0,False,69.38,False,18.52,False
Chennai,2016-03-23,143.0,False,68.25,False,10.38,False
Chennai,2016-03-24,132.0,False,64.05,False,11.13,False
Chennai,2016-03-25,123.0,False,59.46,False,10.97,False
Chennai,2016-03-26,125.0,False,64.1,False,5.2,False
Chennai,2016-03-27,134.0,False,63.03,False,7.26,False
Chennai,2016-03-28,121.0,False,46.09,False,8.79,False
Chennai,2016-03-29,114.0,False,51.43,False,8.2,False
Chennai,2016-03-30,114.0,False,53.32,False,7.83,False
Chennai,2016-03-31,113.0,False,55.51,False,7.36,False
Chennai,2016-04-01,128.0,False,64.92,False,7.16,False
Chennai,2016-04-02,216.0,False,65.84,False,5.4,False
Chennai,2016-04-03,132.0,False,63.65,False,5.76,False
Chennai,2016-04-04,137.0,False,67.33,False,7.21,False
Chennai,2016-04-05,140.0,False,68.04,False,9.32,False
Chennai,2016-04-06,151.0,False,70.13,False,10.91,False
Chennai,2016-04-07,144.0,False,64.37,False,14.68,False
Chennai,2016-04-08,128.0,False,56.54,False,6.9,False
Chennai,2016-04-09,117.0,False,54.83,False,7.41,False
Chennai,2016-04-10,132.0,False,61.1,False,7.96,False
Chennai,2016-04-11,141.0,False,61.34,False,11.1,False
Chennai,2016-04-12,125.0,False,56.23,False,17.24,False
Chennai,2016-04-13,130.0,False,59.15,False,18.86,False
Chennai,2016-04-14,129.0,False,55.65,False,12.33,False
Chennai,2016-04-15,122.0,False,54.15,False,12.57,False
Chennai,2016-04-16,122.0,False,56.37,False,12.29,False
Chennai,2016-04-17,123.0,False,54.71,False,12.81,False
Chennai,2016-04-18,113.0,False,55.5,False,13.47,False
Chennai,2016-04-19,127.0,False,56.62,False,15.05,False
Chennai,2016-04-20,134.0,False,60.73,False,16.53,False
Chennai,2016-04-21,123.0,False,51.55,False,13.44,False
Chennai,2016-04-22,129.0,False,51.96,False,13.52,False
Chennai,2016-04-23,133.0,False,60.21,False,11.49,False
Chennai,2016-04-24,134.0,False,65.26,False,11.83,False
Chennai,2016-04-25,130.0,False,61.78,False,13.51,False
Chennai,2016-04-26,122.0,False,57.7,False,11.26,False
Chennai,2016-04-27,120.0,False,56.99,False,15.37,False
Chennai,2016-04-28,120.0,False,51.73,False,18.17,False
Chennai,2016-04-29,124.0,False,48.7,False,17.65,False
Chennai,2016-04-30,169.0,False,65.21,False,17.26,False
Chennai,2016-05-01,212.0,False,89.6,False,16.96,False
Chennai,2016-05-02,147.0,False,58.58,False,16.06,False
Chennai,2016-05-03,123.0,False,54.16,False,15.93,False
Chennai,2016-05-04,127.0,False,55.79,False,15.74,False
Chennai,2016-05-05,125.0,False,57.2,False,13.99,False
Chennai,2016-05-06,129.0,False,64.95,False,13.29,False
Chennai,2016-05-07,139.0,False,56.02,False,14.38,False
Chennai,2016-05-08,123.0,False,53.3,False,13.8,False
Chennai,2016-05-09,122.0,False,52.04,False,13.85,False
Chennai,2016-05-10,135.0,False,61.37,False,15.13,False
Chennai,2016-05-11,136.0,False,59.24,False,14.66,False
Chennai,2016-05-12,144.0,False,58.43,False,18.69,False
Chennai,2016-05-13,161.0,False,68.42,False,16.17,False
Chennai,2016-05-14,166.0,False,62.47,False,13.86,False
Chennai,2016-05-15,183.0,False,55.77,False,12.38,False
Chennai,2016-05-16,136.0,False,58.8,False,13.77,False
Chennai,2016-05-17,171.0,False,81.06,False,20.11,False
Chennai,2016-05-18,164.0,False,65.17,False,25.13,False
Chennai,2016-05-19,113.0,False,48.59,False,21.24,False
Chennai,2016-05-20,91.0,False,45.05,False,25.57,False
Chennai,2016-05-21,94.0,False,51.6,False,16.03,False
Chennai,2016-05-22,95.0,False,51.67,False,16.22,False
Chennai,2016-05-23,93.0,False,51.11,False,20.41,False
Chennai,2016-05-24,91.0,False,50.24,False,19.87,False
Chennai,2016-05-25,102.0,False,45.89,False,18.13,False
Chennai,2016-05-26,112.0,False,48.61,False,18.15,False
Chennai,2016-05-27,117.0,False,51.67,False,18.0,False
Chennai,2016-05-28,115.0,False,50.64,False,17.49,False
Chennai,2016-05-29,124.0,False,44.88,False,15.77,False
Chennai,2016-05-30,97.0,False,43.41,False,10.44,False
Chennai,2016-05-31,120.0,False,57.32,False,12.13,False
Chennai,2016-06-01,122.0,False,43.52,False,11.38,False
Chennai,2016-06-02,122.0,False,41.29,False,10.64,False
Chennai,2016-06-03,88.0,False,41.45,True,11.24,True
Chennai,2016-06-04,88.33,True,41.6,True,11.84,True
Chennai,2016-06-05,88.67,True,41.76,True,12.43,True
Chennai,2016-06-06,89.0,True,41.91,True,13.03,True
Chennai,2016-06-07,89.33,True,42.07,True,13.63,True
Chennai,2016-06-08,89.67,True,42.22,True,14.22,True
Chennai,2016-06-09,90.0,True,42.38,True,14.82,True
Chennai,2016-06-10,90.33,True,42.54,True,15.42,True
Chennai,2016-06-11,90.67,True,42.69,True,16.02,True
Chennai,2016-06-12,91.0,True,42.85,True,16.61,True
Chennai,2016-06-13,91.33,True,43.0,True,17.21,True
Chennai,2016-06-14,91.67,True,43.16,False,17.81,False
Chennai,2016-06-15,92.0,False,32.64,False,15.81,False
Chennai,2016-06-16,94.0,False,44.73,False,13.57,False
Chennai,2016-06-17,102.0,False,41.29,False,13.78,False
Chennai,2016-06-18,100.0,False,45.76,False,11.62,False
Chennai,2016-06-19,100.0,False,43.38,False,9.81,False
Chennai,2016-06-20,89.0,False,38.93,False,8.44,False
Chennai,2016-06-21,89.0,False,42.3,False,15.62,False
Chennai,2016-06-22,83.0,False,32.8,False,11.31,False
Chennai,2016-06-23,70.0,False,40.78,False,12.82,False
Chennai,2016-06-24,71.0,False,50.94,False,10.78,False
Chennai,2016-06-25,117.0,False,61.98,True,14.45,True
Chennai,2016-06-26,106.67,True,73.03,False,18.13,False
Chennai,2016-06-27,96.33,True,46.17,False,17.56,False
Chennai,2016-06-28,86.0,False,60.36,False,13.17,False
Chennai,2016-06-29,100.0,False,42.8,False,22.99,False
Chennai,2016-06-30,88.0,False,109.5,False,17.81,False
Chennai,2016-07-01,161.0,False,45.6,False,15.08,False
Chennai,2016-07-02,81.0,False,47.91,False,10.99,False
Chennai,2016-07-03,81.0,False,30.43,False,11.59,False
Chennai,2016-07-04,86.0,False,96.65,False,15.97,False
Chennai,2016-07-05,271.0,False,196.81,False,16.33,False
Chennai,2016-07-06,162.0,False,29.09,False,13.53,False
Chennai,2016-07-07,91.0,False,29.34,False,13.49,False
Chennai,2016-07-08,104.0,False,57.26,False,18.17,False
Chennai,2016-07-09,103.0,False,28.3,False,15.79,False
Chennai,2016-07-10,74.0,False,35.38,False,13.72,False
Chennai,2016-07-11,129.0,False,22.97,False,14.02,False
Chennai,2016-07-12,58.0,False,23.24,False,15.75,False
Chennai,2016-07-13,69.0,False,24.87,False,14.94,False
Chennai,2016-07-14,66.0,False,18.67,False,16.61,False
Chennai,2016-07-15,70.0,False,26.6,False,14.83,False
Chennai,2016-07-16,69.0,False,34.33,False,15.03,False
Chennai,2016-07-17,70.0,False,35.16,False,12.35,False
Chennai,2016-07-18,71.0,False,31.69,False,12.95,False
Chennai,2016-07-19,125.0,False,32.43,False,16.81,False
Chennai,2016-07-20,87.0,False,33.09,False,16.36,False
Chennai,2016-07-21,59.0,False,27.02,False,19.78,False
Chennai,2016-07-22,60.5,True,21.38,False,15.05,False
Chennai,2016-07-23,62.0,False,29.69,False,12.64,False
Chennai,2016-07-24,54.0,False,59.34,False,7.48,False
Chennai,2016-07-25,103.0,False,30.71,False,6.49,False
Chennai,2016-07-26,73.0,False,23.58,False,7.82,False
Chennai,2016-07-27,78.0,False,24.43,False,7.59,False
Chennai,2016-07-28,87.0,False,42.82,False,11.82,False
Chennai,2016-07-29,81.0,False,28.51,False,13.16,False
Chennai,2016-07-30,82.0,False,34.01,False,14.56,False
Chennai,2016-07-31,84.0,False,32.41,False,14.19,False
Chennai,2016-08-01,75.0,False,32.88,False,17.12,False
Chennai,2016-08-02,78.0,False,34.8,False,19.48,False
Chennai,2016-08-03,151.0,False,40.39,False,14.77,False
Chennai,2016-08-04,100.0,False,32.44,False,14.82,False
Chennai,2016-08-05,131.0,False,30.54,False,15.71,False
Chennai,2016-08-06,68.0,False,32.54,False,16.27,False
Chennai,2016-08-07,70.0,False,37.71,False,11.22,False
Chennai,2016-08-08,89.0,False,40.69,False,11.54,False
Chennai,2016-08-09,174.0,False,40.85,False,14.07,False
Chennai,2016-08-10,178.0,False,35.23,False,13.99,False
Chennai,2016-08-11,155.0,False,33.51,False,14.2,False
Chennai,2016-08-12,55.0,False,29.11,False,13.67,False
Chennai,2016-08-13,169.0,False,30.94,False,11.38,False
Chennai,2016-08-14,124.0,False,29.48,False,10.37,False
Chennai,2016-08-15,256.0,False,25.42,False,10.18,False
Chennai,2016-08-16,126.0,False,35.09,False,14.66,False
Chennai,2016-08-17,125.0,False,34.2,False,15.89,False
Chennai,2016-08-18,111.0,False,55.88,False,10.79,False
Chennai,2016-08-19,129.0,False,39.96,False,10.7,False
Chennai,2016-08-20,83.0,False,36.33,False,7.08,False
Chennai,2016-08-21,199.0,False,26.4,False,6.75,False
Chennai,2016-08-22,74.0,False,40.36,False,8.62,False
Chennai,2016-08-23,139.0,False,40.21,False,10.09,False
Chennai,2016-08-24,167.0,False,37.07,False,10.49,False
Chennai,2016-08-25,142.0,False,26.7,False,11.22,False
Chennai,2016-08-26,90.0,False,38.63,False,13.13,False
Chennai,2016-08-27,188.0,False,32.14,False,12.66,False
Chennai,2016-08-28,126.0,False,33.02,False,10.42,False
Chennai,2016-08-29,172.0,False,38.11,False,10.74,False
Chennai,2016-08-30,244.0,False,37.79,False,12.86,False
Chennai,2016-08-31,189.0,False,28.6,False,15.15,False
Chennai,2016-09-01,160.0,False,30.82,False,11.49,False
Chennai,2016-09-02,215.0,False,42.16,False,13.37,False
Chennai,2016-09-03,126.0,False,36.8,False,12.5,False
Chennai,2016-09-04,227.0,False,31.97,False,19.62,False
Chennai,2016-09-05,172.0,False,23.6,False,13.82,False
Chennai,2016-09-06,266.0,False,38.5,False,14.8,False
Chennai,2016-09-07,257.0,False,36.26,False,18.66,False
Chennai,2016-09-08,141.0,False,42.37,False,15.42,False
Chennai,2016-09-09,228.0,False,38.87,False,15.96,False
Chennai,2016-09-10,171.0,False,43.96,False,17.99,False
Chennai,2016-09-11,73.0,False,36.26,False,20.14,False
Chennai,2016-09-12,120.0,False,41.33,False,21.63,False
Chennai,2016-09-13,77.0,False,44.76,False,23.06,False
Chennai,2016-09-14,92.0,False,33.01,False,27.52,False
Chennai,2016-09-15,228.0,False,26.79,False,22.55,False
Chennai,2016-09-16,224.0,False,24.54,False,19.16,False
Chennai,2016-09-17,260.0,False,34.16,False,20.6,False
Chennai,2016-09-18,240.0,False,26.59,False,17.15,False
Chennai,2016-09-19,372.0,False,23.76,False,16.71,False
Chennai,2016-09-20,437.0,False,22.2,False,34.72,False
Chennai,2016-09-21,449.0,False,16.18,False,36.8,False
Chennai,2016-09-22,434.0,False,12.79,False,26.79,False
Chennai,2016-09-23,118.0,False,18.98,False,24.09,False
Chennai,2016-09-24,30.0,False,18.35,False,18.64,False
Chennai,2016-09-25,54.0,False,24.87,False,18.02,False
Chennai,2016-09-26,94.0,False,33.32,False,17.58,False
Chennai,2016-09-27,66.0,False,31.93,False,19.07,False
Chennai,2016-09-28,70.0,False,45.71,False,17.82,False
Chennai,2016-09-29,77.0,False,40.61,False,18.28,False
Chennai,2016-09-30,70.0,False,38.14,False,17.9,False
Chennai,2016-10-01,94.0,False,35.96,False,17.62,False
Chennai,2016-10-02,136.0,False,34.5,True,17.62,True
Chennai,2016-10-03,104.5,True,33.05,False,17.63,False
Chennai,2016-10-04,73.0,False,34.06,False,20.15,False
Chennai,2016-10-05,78.0,False,29.14,False,28.6,False
Chennai,2016-10-06,85.0,False,60.14,False,28.53,False
Chennai,2016-10-07,118.0,False,51.01,False,28.5,False
Chennai,2016-10-08,73.0,False,36.09,False,28.48,False
Chennai,2016-10-09,66.0,False,38.46,False,28.53,False
Chennai,2016-10-10,79.0,False,44.91,False,28.53,False
Chennai,2016-10-11,66.0,False,32.16,False,28.53,False
Chennai,2016-10-12,75.0,False,45.11,False,28.54,False
Chennai,2016-10-13,131.0,False,81.45,False,28.53,False
Chennai,2016-10-14,180.0,False,60.89,False,28.46,False
Chennai,2016-10-15,124.0,False,62.96,False,28.47,False
Chennai,2016-10-16,125.0,False,60.19,False,28.48,False
Chennai,2016-10-17,197.0,False,66.69,False,28.46,False
Chennai,2016-10-18,167.0,False,78.52,False,28.42,False
Chennai,2016-10-19,187.0,False,63.07,False,28.5,False
Chennai,2016-10-20,130.0,False,80.58,False,28.56,False
Chennai,2016-10-21,170.0,False,73.75,False,28.44,False
Chennai,2016-10-22,183.0,False,80.18,False,28.49,False
Chennai,2016-10-23,208.0,False,87.04,False,28.5,False
Chennai,2016-10-24,200.0,False,81.0,False,28.49,False
Chennai,2016-10-25,187.0,False,85.73,False,28.51,False
Chennai,2016-10-26,202.0,False,92.64,False,26.51,False
Chennai,2016-10-27,215.0,False,98.0,False,13.5,False
Chennai,2016-10-28,370.0,False,132.38,False,17.75,False
Chennai,2016-10-29,298.0,False,114.08,False,12.53,False
Chennai,2016-10-30,168.0,False,67.86,False,12.52,False
Chennai,2016-10-31,130.0,False,49.57,False,15.05,False
Chennai,2016-11-01,87.0,False,52.28,False,16.64,False
Chennai,2016-11-02,80.0,False,47.86,False,16.53,False
Chennai,2016-11-03,75.0,False,35.54,False,24.26,False
Chennai,2016-11-04,87.0,False,57.22,False,15.53,False
Chennai,2016-11-05,110.0,False,66.29,False,14.44,False
Chennai,2016-11-06,177.0,False,80.11,False,15.08,False
Chennai,2016-11-07,133.0,False,71.86,False,14.88,False
Chennai,2016-11-08,166.0,False,80.49,False,15.49,False
Chennai,2016-11-09,160.0,False,83.26,False,17.31,False
Chennai,2016-11-10,165.0,False,71.16,False,15.26,False
Chennai,2016-11-11,148.0,False,76.21,False,13.7,False
Chennai,2016-11-12,164.0,False,82.67,False,15.23,False
Chennai,2016-11-13,117.0,False,42.54,False,13.79,False
Chennai,2016-11-14,57.0,False,29.08,False,22.4,False
Chennai,2016-11-15,49.0,False,34.55,False,23.17,False
Chennai,2016-11-16,81.0,False,55.67,False,26.7,False
Chennai,2016-11-17,113.0,False,66.57,False,26.41,False
Chennai,2016-11-18,109.0,False,62.58,False,29.62,False
Chennai,2016-11-19,135.0,False,71.55,False,30.81,False
Chennai,2016-11-20,113.0,False,58.21,False,30.99,False
Chennai,2016-11-21,110.0,False,63.87,False,29.83,False
Chennai,2016-11-22,132.0,False,83.29,False,30.5,False
Chennai,2016-11-23,200.0,False,88.08,False,31.32,False
Chennai,2016-11-24,199.0,False,91.49,False,34.32,False
Chennai,2016-11-25,224.0,False,93.71,False,32.16,False
Chennai,2016-11-26,195.0,False,82.55,False,33.89,False
Chennai,2016-11-27,216.0,False,101.77,False,33.63,False
Chennai,2016-11-28,216.0,False,92.41,False,33.46,False
Chennai,2016-11-29,210.0,False,91.15,False,31.0,False
Chennai,2016-11-30,200.0,False,94.8,False,30.87,False
Chennai,2016-12-01,188.0,False,74.73,False,27.91,False
Chennai,2016-12-02,97.0,False,43.52,False,25.73,False
Chennai,2016-12-03,69.0,False,27.93,False,29.57,False
Chennai,2016-12-04,81.0,False,45.98,False,27.02,False
Chennai,2016-12-05,68.0,False,45.48,False,26.49,False
Chennai,2016-12-06,101.0,False,54.12,False,22.87,False
Chennai,2016-12-07,78.0,False,48.91,False,27.47,False
Chennai,2016-12-08,94.0,False,59.74,False,32.39,False
Chennai,2016-12-09,134.0,False,80.55,False,36.42,False
Chennai,2016-12-10,182.0,False,84.69,False,33.14,False
Chennai,2016-12-11,175.0,False,77.14,False,22.48,False
Chennai,2016-12-12,107.0,False,51.17,False,5.5,False
Chennai,2016-12-13,86.0,False,51.86,True,6.52,True
Chennai,2016-12-14,90.89,True,52.56,True,7.54,True
Chennai,2016-12-15,95.78,True,53.25,True,8.56,True
Chennai,2016-12-16,100.67,True,53.94,True,9.58,True
Chennai,2016-12-17,105.56,True,54.64,True,10.6,True
Chennai,2016-12-18,110.44,True,55.33,True,11.62,True
Chennai,2016-12-19,115.33,True,56.02,True,12.64,True
Chennai,2016-12-20,120.22,True,56.72,True,13.66,True
Chennai,2016-12-21,125.11,True,57.41,True,14.68,True
Chennai,2016-12-22,130.0,True,58.1,True,15.69,True
Chennai,2016-12-23,134.89,True,58.8,True,16.71,True
Chennai,2016-12-24,139.78,True,59.49,True,17.73,True
Chennai,2016-12-25,144.67,True,60.18,True,18.75,True
Chennai,2016-12-26,149.56,True,60.88,True,19.77,True
Chennai,2016-12-27,154.44,True,61.57,True,20.79,True
Chennai,2016-12-28,159.33,True,62.26,True,21.81,True
Chennai,2016-12-29,164.22,True,62.96,True,22.83,True
Chennai,2016-12-30,169.11,True,63.65,False,23.85,False
Chennai,2016-12-31,174.0,False,84.04,False,23.72,False
Chennai,2017-01-01,118.0,False,44.56,False,15.04,False
Chennai,2017-01-02,64.0,False,40.9,False,15.23,False
Chennai,2017-01-03,74.0,False,42.31,False,15.52,False
Chennai,2017-01-04,68.0,False,41.5,False,15.71,False
Chennai,2017-01-05,104.0,False,72.86,False,17.11,False
Chennai,2017-01-06,171.0,False,82.48,False,16.63,False
Chennai,2017-01-07,135.0,False,58.09,False,13.26,False
Chennai,2017-01-08,110.0,False,50.17,False,13.73,False
Chennai,2017-01-09,105.0,False,44.1,False,16.07,False
Chennai,2017-01-10,332.0,False,293.43,False,14.74,False
Chennai,2017-01-11,244.0,False,55.2,False,13.75,False
Chennai,2017-01-12,246.0,False,169.75,False,14.92,False
Chennai,2017-01-13,360.0,False,144.02,False,15.81,False
Chennai,2017-01-14,146.0,False,69.97,False,13.38,False
Chennai,2017-01-15,103.0,False,55.97,False,9.54,False
Chennai,2017-01-16,103.0,False,62.53,False,12.92,False
Chennai,2017-01-17,137.0,False,80.76,False,16.2,False
Chennai,2017-01-18,142.0,False,55.43,False,14.99,False
Chennai,2017-01-19,76.0,False,50.27,False,14.4,False
Chennai,2017-01-20,107.0,False,64.06,False,13.88,False
Chennai,2017-01-21,86.0,False,36.85,False,14.24,False
Chennai,2017-01-22,78.0,False,57.05,False,14.83,False
Chennai,2017-01-23,117.0,False,73.27,False,15.47,False
Chennai,2017-01-24,125.0,False,56.51,False,15.95,False
Chennai,2017-01-25,111.0,False,66.54,False,13.26,False
Chennai,2017-01-26,104.0,False,43.6,False,11.25,False
Chennai,2017-01-27,68.0,False,36.16,False,10.03,False
Chennai,2017-01-28,44.0,False,21.64,False,8.15,False
Chennai,2017-01-29,51.0,False,36.77,False,11.8,False
Chennai,2017-01-30,58.0,False,38.73,False,11.02,False
Chennai,2017-01-31,70.0,False,100.68,False,9.77,False
Chennai,2017-02-01,130.0,False,45.13,False,15.97,False
Chennai,2017-02-02,89.0,False,52.59,False,16.78,False
Chennai,2017-02-03,81.0,False,50.38,False,17.14,False
Chennai,2017-02-04,105.0,False,67.15,False,16.29,False
Chennai,2017-02-05,149.0,False,77.17,False,14.91,False
Chennai,2017-02-06,148.0,False,72.94,False,17.57,False
Chennai,2017-02-07,166.0,False,83.86,False,19.87,False
Chennai,2017-02-08,183.0,False,80.59,False,20.01,False
Chennai,2017-02-09,183.0,False,91.75,False,18.12,False
Chennai,2017-02-10,217.0,False,89.0,False,18.46,False
Chennai,2017-02-11,186.0,False,84.05,False,16.24,False
Chennai,2017-02-12,126.0,False,56.6,False,11.82,False
Chennai,2017-02-13,89.0,False,54.94,False,13.42,False
Chennai,2017-02-14,80.0,False,45.2,False,11.63,False
Chennai,2017-02-15,95.0,False,63.51,False,14.78,False
Chennai,2017-02-16,125.0,False,63.42,False,14.29,False
Chennai,2017-02-17,141.0,False,77.03,False,14.45,False
Chennai,2017-02-18,151.0,False,71.15,False,18.02,False
Chennai,2017-02-19,142.0,False,71.72,False,15.74,False
Chennai,2017-02-20,116.0,False,50.86,False,13.46,False
Chennai,2017-02-21,88.0,False,51.46,False,12.75,False
Chennai,2017-02-22,92.0,False,56.59,False,12.53,False
Chennai,2017-02-23,76.0,False,42.42,False,12.56,False
Chennai,2017-02-24,80.0,False,45.27,False,14.29,False
Chennai,2017-02-25,69.0,False,37.91,False,12.73,False
Chennai,2017-02-26,65.0,False,44.1,False,9.6,False
Chennai,2017-02-27,90.0,False,59.53,False,6.09,False
Chennai,2017-02-28,108.0,False,65.96,False,9.97,False
Chennai,2017-03-01,157.0,False,82.44,False,17.92,False
Chennai,2017-03-02,152.0,False,72.86,False,19.0,False
Chennai,2017-03-03,123.0,False,63.96,False,18.78,False
Chennai,2017-03-04,93.0,False,40.43,False,15.6,False
Chennai,2017-03-05,52.0,False,34.07,False,14.71,False
Chennai,2017-03-06,59.0,False,36.92,False,15.3,False
Chennai,2017-03-07,65.0,False,36.88,False,14.1,False
Chennai,2017-03-08,78.0,False,62.57,False,10.28,False
Chennai,2017-03-09,93.0,False,31.34,False,7.39,False
Chennai,2017-03-10,148.0,False,227.17,False,8.0,False
Chennai,2017-03-11,348.0,False,62.95,False,9.71,False
Chennai,2017-03-12,63.0,False,33.53,False,8.75,False
Chennai,2017-03-13,52.0,False,23.54,False,9.82,False
Chennai,2017-03-14,43.0,False,29.17,False,8.27,False
Chennai,2017-03-15,80.0,False,53.27,False,8.95,False
Chennai,2017-03-16,350.0,False,286.08,False,10.59,False
Chennai,2017-03-17,197.0,False,37.43,False,10.9,False
Chennai,2017-03-18,87.0,False,26.43,False,10.84,False
Chennai,2017-03-19,110.0,False,88.83,False,10.79,False
Chennai,2017-03-20,109.0,False,29.53,False,9.94,False
Chennai,2017-03-21,59.0,False,25.53,False,9.57,False
Chennai,2017-03-22,57.0,False,35.25,False,7.12,False
Chennai,2017-03-23,65.0,False,36.76,False,9.22,False
Chennai,2017-03-24,80.0,False,52.62,False,11.96,False
Chennai,2017-03-25,137.0,False,80.48,False,11.8,False
Chennai,2017-03-26,158.0,False,74.46,False,11.05,False
Chennai,2017-03-27,131.0,False,60.44,False,10.84,False
Chennai,2017-03-28,86.0,False,39.11,False,9.93,False
Chennai,2017-03-29,61.0,False,35.04,False,9.35,False
Chennai,2017-03-30,80.0,False,37.42,False,9.94,False
Chennai,2017-03-31,57.0,False,35.34,False,9.03,False
Chennai,2017-04-01,60.0,False,34.69,False,9.52,False
Chennai,2017-04-02,65.0,False,37.57,False,9.53,False
Chennai,2017-04-03,71.0,False,44.33,False,9.79,False
Chennai,2017-04-04,75.0,False,40.56,False,9.79,False
Chennai,2017-04-05,67.0,False,48.62,False,9.41,False
Chennai,2017-04-06,80.0,False,36.85,False,9.91,False
Chennai,2017-04-07,65.0,False,41.16,False,10.42,False
Chennai,2017-04-08,80.0,False,61.68,False,11.13,False
Chennai,2017-04-09,89.0,False,34.28,False,11.8,False
Chennai,2017-04-10,67.0,False,53.6,False,11.75,False
Chennai,2017-04-11,117.0,False,67.15,False,10.53,False
Chennai,2017-04-12,107.0,False,37.05,False,7.8,False
Chennai,2017-04-13,83.0,False,49.49,False,9.04,False
Chennai,2017-04-14,76.0,False,45.09,False,9.21,False
Chennai,2017-04-15,87.0,False,61.73,False,9.72,False
Chennai,2017-04-16,106.0,False,55.89,False,10.67,False
Chennai,2017-04-17,111.0,False,72.65,False,10.7,False
Chennai,2017-04-18,192.0,False,75.8,False,10.71,False
Chennai,2017-04-19,125.0,False,91.14,False,11.27,False
Chennai,2017-04-20,184.0,False,68.14,False,9.96,False
Chennai,2017-04-21,152.0,False,89.0,False,10.87,False
Chennai,2017-04-22,184.0,False,81.33,False,11.45,False
Chennai,2017-04-23,210.0,False,82.7,False,11.59,False
Chennai,2017-04-24,125.0,False,62.54,False,14.4,False
Chennai,2017-04-25,96.0,False,51.38,False,11.44,False
Chennai,2017-04-26,93.0,False,60.21,False,11.17,False
Chennai,2017-04-27,97.0,False,59.63,False,10.99,False
Chennai,2017-04-28,104.0,False,56.7,False,10.05,False
Chennai,2017-04-29,99.0,False,61.92,False,13.12,False
Chennai,2017-04-30,101.0,False,43.89,False,9.75,False
Chennai,2017-05-01,76.0,False,40.4,False,10.07,False
Chennai,2017-05-02,64.0,False,34.05,False,9.31,False
Chennai,2017-05-03,58.0,False,37.71,False,9.96,False
Chennai,2017-05-04,62.0,False,43.64,False,10.24,False
Chennai,2017-05-05,76.0,False,40.54,False,10.08,False
Chennai,2017-05-06,67.0,False,44.14,False,10.11,False
Chennai,2017-05-07,74.0,False,38.85,False,10.74,False
Chennai,2017-05-08,72.0,False,44.08,False,11.47,False
Chennai,2017-05-09,79.0,False,34.59,False,12.01,False
Chennai,2017-05-10,105.0,False,47.85,False,14.43,False
Chennai,2017-05-11,79.0,False,27.0,False,13.55,False
Chennai,2017-05-12,67.0,False,46.29,False,11.12,False
Chennai,2017-05-13,70.0,False,36.62,False,11.88,False
Chennai,2017-05-14,94.0,False,60.49,False,19.11,False
Chennai,2017-05-15,165.0,False,73.27,False,12.14,False
Chennai,2017-05-16,194.0,False,64.22,False,12.9,False
Chennai,2017-05-17,139.0,False,86.49,False,12.77,False
Chennai,2017-05-18,262.0,False,131.2,False,15.75,False
Chennai,2017-05-19,276.0,False,86.94,False,17.09,False
Chennai,2017-05-20,165.0,False,63.82,False,16.73,False
Chennai,2017-05-21,159.0,False,71.68,False,13.78,False
Chennai,2017-05-22,113.0,False,50.12,False,14.43,False
Chennai,2017-05-23,137.0,False,86.59,False,16.81,False
Chennai,2017-05-24,191.0,False,100.14,False,19.88,False
Chennai,2017-05-25,231.0,False,65.53,False,21.28,False
Chennai,2017-05-26,167.0,False,71.65,False,19.55,False
Chennai,2017-05-27,144.0,False,60.4,False,15.21,False
Chennai,2017-05-28,123.0,False,46.27,False,16.67,False
Chennai,2017-05-29,90.0,False,57.25,False,16.49,False
Chennai,2017-05-30,90.0,False,43.31,False,15.45,False
Chennai,2017-05-31,80.0,False,43.14,False,14.58,False
Chennai,2017-06-01,91.0,False,44.66,False,14.54,False
Chennai,2017-06-02,91.0,False,56.39,False,15.56,False
Chennai,2017-06-03,102.0,False,40.58,False,14.01,False
Chennai,2017-06-04,120.0,False,41.33,False,6.23,False
Chennai,2017-06-05,92.0,False,38.61,False,10.78,False
Chennai,2017-06-06,72.0,False,41.32,False,10.67,False
Chennai,2017-06-07,95.0,False,37.63,False,10.75,False
Chennai,2017-06-08,80.0,False,41.44,False,10.59,False
Chennai,2017-06-09,70.0,False,41.41,False,10.46,False
Chennai,2017-06-10,77.0,False,46.32,False,10.47,False
Chennai,2017-06-11,66.0,False,30.88,False,10.68,False
Chennai,2017-06-12,73.0,False,35.9,False,12.2,False
Chennai,2017-06-13,60.0,False,38.33,False,10.32,False
Chennai,2017-06-14,81.0,False,41.07,False,10.36,False
Chennai,2017-06-15,69.0,False,48.23,False,10.37,False
Chennai,2017-06-16,82.0,False,49.47,False,10.3,False
Chennai,2017-06-17,84.0,False,43.64,False,10.41,False
Chennai,2017-06-18,74.0,False,38.35,False,10.3,False
Chennai,2017-06-19,71.0,False,50.48,False,9.93,False
Chennai,2017-06-20,76.0,False,45.95,False,9.08,False
Chennai,2017-06-21,91.0,False,51.81,False,7.71,False
Chennai,2017-06-22,77.0,False,43.94,False,19.32,False
Chennai,2017-06-23,79.0,False,46.72,False,21.73,False
Chennai,2017-06-24,93.0,False,51.02,False,15.59,False
Chennai,2017-06-25,75.0,False,41.41,False,17.67,False
Chennai,2017-06-26,73.0,False,45.53,False,16.51,False
Chennai,2017-06-27,76.0,False,47.32,False,16.28,False
Chennai,2017-06-28,71.0,False,39.61,False,10.78,False
Chennai,2017-06-29,81.0,False,48.43,False,7.46,False
Chennai,2017-06-30,98.5,True,94.72,False,8.27,False
Chennai,2017-07-01,116.0,False,56.49,False,14.49,False
Chennai,2017-07-02,109.0,False,62.74,False,15.18,False
Chennai,2017-07-03,92.0,False,47.17,False,14.32,False
Chennai,2017-07-04,74.0,False,37.6,False,16.97,False
Chennai,2017-07-05,63.0,False,46.61,False,32.3,False
Chennai,2017-07-06,77.0,False,42.38,False,20.71,False
Chennai,2017-07-07,119.0,False,53.45,False,18.63,False
Chennai,2017-07-08,94.0,False,59.81,False,7.7,False
Chennai,2017-07-09,104.0,False,52.28,False,11.85,False
Chennai,2017-07-10,76.0,False,42.48,False,15.05,False
Chennai,2017-07-11,92.0,False,62.34,False,16.03,False
Chennai,2017-07-12,85.0,False,28.72,False,15.59,False
Chennai,2017-07-13,96.0,False,62.64,False,14.88,False
Chennai,2017-07-14,84.0,False,48.22,False,14.58,False
Chennai,2017-07-15,86.0,False,63.29,False,14.88,False
Chennai,2017-07-16,99.0,False,46.96,False,14.46,False
Chennai,2017-07-17,80.0,False,45.1,False,13.78,False
Chennai,2017-07-18,78.0,False,37.98,False,12.86,False
Chennai,2017-07-19,73.0,False,48.24,False,12.27,False
Chennai,2017-07-20,70.0,False,41.12,False,12.26,False
Chennai,2017-07-21,117.0,False,86.01,False,12.58,False
Chennai,2017-07-22,131.0,False,50.07,False,12.48,False
Chennai,2017-07-23,77.0,False,37.84,False,12.22,False
Chennai,2017-07-24,169.0,False,112.23,False,12.32,False
Chennai,2017-07-25,203.0,False,94.7,False,12.39,False
Chennai,2017-07-26,221.0,False,92.04,False,12.23,False
Chennai,2017-07-27,164.0,False,51.29,False,12.4,False
Chennai,2017-07-28,85.0,False,49.33,False,11.1,False
Chennai,2017-07-29,74.0,False,40.62,False,11.13,False
Chennai,2017-07-30,81.0,False,45.56,False,10.97,False
Chennai,2017-07-31,73.0,False,28.16,False,11.12,False
Chennai,2017-08-01,82.0,False,74.6,False,10.95,False
Chennai,2017-08-02,144.0,False,68.25,False,10.96,False
Chennai,2017-08-03,120.0,False,29.95,False,10.95,False
Chennai,2017-08-04,84.0,False,42.18,False,10.99,False
Chennai,2017-08-05,149.0,False,30.69,False,10.98,False
Chennai,2017-08-06,202.0,False,38.43,False,11.16,False
Chennai,2017-08-07,96.0,False,39.48,False,11.43,False
Chennai,2017-08-08,96.0,False,33.9,False,11.38,False
Chennai,2017-08-09,71.0,False,31.33,False,11.41,False
Chennai,2017-08-10,48.0,False,27.71,False,11.5,False
Chennai,2017-08-11,61.0,False,46.18,False,11.49,False
Chennai,2017-08-12,82.0,False,42.11,False,11.83,False
Chennai,2017-08-13,55.0,False,23.87,False,12.5,False
Chennai,2017-08-14,80.0,False,52.24,False,11.81,False
Chennai,2017-08-15,86.0,False,34.61,False,10.35,False
Chennai,2017-08-16,101.0,False,39.27,False,10.36,False
Chennai,2017-08-17,99.0,False,42.01,False,10.3,False
Chennai,2017-08-18,76.0,False,40.12,True,10.28,True
Chennai,2017-08-19,79.5,True,38.24,True,10.26,True
Chennai,2017-08-20,83.0,True,36.35,True,10.25,True
Chennai,2017-08-21,86.5,True,34.46,False,10.23,False
Chennai,2017-08-22,90.0,False,29.83,False,13.63,False
Chennai,2017-08-23,86.0,False,36.03,False,15.48,False
Chennai,2017-08-24,91.0,False,32.77,False,10.62,False
Chennai,2017-08-25,91.0,False,56.97,False,11.07,False
Chennai,2017-08-26,81.0,False,41.58,False,12.14,False
Chennai,2017-08-27,81.0,False,34.32,False,11.56,False
Chennai,2017-08-28,109.0,False,79.2,False,8.35,False
Chennai,2017-08-29,127.0,False,37.1,False,9.64,False
Chennai,2017-08-30,92.0,False,61.29,False,10.22,False
Chennai,2017-08-31,93.0,False,40.37,False,10.36,False
Chennai,2017-09-01,84.0,False,37.18,False,11.24,False
Chennai,2017-09-02,86.0,False,48.82,False,9.9,False
Chennai,2017-09-03,93.0,False,34.52,False,11.05,False
Chennai,2017-09-04,82.0,False,39.0,False,11.17,False
Chennai,2017-09-05,136.0,False,69.85,False,8.37,False
Chennai,2017-09-06,104.0,False,31.96,False,9.0,False
Chennai,2017-09-07,78.0,False,27.78,False,9.08,False
Chennai,2017-09-08,82.0,False,28.24,False,8.75,False
Chennai,2017-09-09,84.0,False,19.53,False,8.49,False
Chennai,2017-09-10,73.0,False,18.22,False,8.52,False
Chennai,2017-09-11,64.0,False,28.14,False,8.67,False
Chennai,2017-09-12,68.0,False,40.87,False,12.11,False
Chennai,2017-09-13,79.0,False,33.66,False,9.45,False
Chennai,2017-09-14,73.0,False,29.41,False,9.36,False
Chennai,2017-09-15,77.0,False,36.17,False,10.03,False
Chennai,2017-09-16,77.0,False,36.71,False,9.87,False
Chennai,2017-09-17,77.0,False,25.13,False,10.09,False
Chennai,2017-09-18,67.0,False,25.17,False,10.02,False
Chennai,2017-09-19,68.0,False,32.9,False,10.36,False
Chennai,2017-09-20,67.0,False,39.01,False,6.04,False
Chennai,2017-09-21,71.0,False,31.68,False,10.35,False
Chennai,2017-09-22,87.0,False,49.34,False,9.66,False
Chennai,2017-09-23,98.0,False,65.67,False,8.67,False
Chennai,2017-09-24,137.0,False,85.36,False,12.25,False
Chennai,2017-09-25,156.0,False,49.27,False,32.29,False
Chennai,2017-09-26,116.0,False,69.26,False,24.7,False
Chennai,2017-09-27,104.0,False,51.96,False,27.26,False
Chennai,2017-09-28,106.0,False,50.0,False,23.67,False
Chennai,2017-09-29,81.0,False,44.9,False,15.34,False
Chennai,2017-09-30,78.0,False,29.8,False,15.25,False
Chennai,2017-10-01,66.0,False,25.58,False,14.93,False
Chennai,2017-10-02,62.0,False,16.59,False,12.88,False
Chennai,2017-10-03,58.0,False,25.6,False,13.93,False
Chennai,2017-10-04,62.0,False,20.75,False,15.77,False
Chennai,2017-10-05,78.0,False,25.51,False,14.73,False
Chennai,2017-10-06,68.0,False,38.5,False,15.1,False
Chennai,2017-10-07,75.0,False,40.16,False,14.14,False
Chennai,2017-10-08,75.0,False,35.37,False,14.77,False
Chennai,2017-10-09,77.0,False,35.94,False,15.45,False
Chennai,2017-10-10,89.0,False,52.2,False,15.98,False
Chennai,2017-10-11,94.0,False,41.34,False,20.16,False
Chennai,2017-10-12,86.0,False,35.8,False,20.18,False
Chennai,2017-10-13,146.0,False,44.53,False,22.36,False
Chennai,2017-10-14,90.0,False,56.36,False,21.73,False
Chennai,2017-10-15,83.0,False,37.27,False,17.74,False
Chennai,2017-10-16,77.0,False,35.62,False,18.88,False
Chennai,2017-10-17,76.0,False,68.01,False,19.66,False
Chennai,2017-10-18,277.0,False,193.3,False,24.61,False
Chennai,2017-10-19,431.0,False,226.74,False,26.9,False
Chennai,2017-10-20,213.0,False,57.62,False,19.36,False
Chennai,2017-10-21,72.0,False,30.2,False,22.86,False
Chennai,2017-10-22,70.0,False,31.17,False,21.36,False
Chennai,2017-10-23,114.0,False,58.59,False,25.92,False
Chennai,2017-10-24,115.0,False,53.74,False,21.91,False
Chennai,2017-10-25,100.0,False,36.65,False,18.11,False
Chennai,2017-10-26,68.0,False,25.9,False,19.04,False
Chennai,2017-10-27,70.0,False,31.32,False,20.74,False
Chennai,2017-10-28,83.0,False,53.37,False,19.51,False
Chennai,2017-10-29,113.0,False,62.08,False,21.3,False
Chennai,2017-10-30,88.0,False,19.87,False,18.46,False
Chennai,2017-10-31,75.0,False,41.87,False,21.69,False
Chennai,2017-11-01,99.0,False,24.56,False,20.35,False
Chennai,2017-11-02,70.0,False,27.99,False,18.51,False
Chennai,2017-11-03,62.0,False,30.02,False,21.2,False
Chennai,2017-11-04,66.0,False,27.1,False,23.88,False
Chennai,2017-11-05,58.0,False,24.37,False,16.96,False
Chennai,2017-11-06,68.0,False,29.63,False,20.49,False
Chennai,2017-11-07,68.0,False,33.67,False,21.37,False
Chennai,2017-11-08,74.0,False,37.64,False,18.77,False
Chennai,2017-11-09,70.0,False,40.88,False,19.51,False
Chennai,2017-11-10,103.0,False,68.58,False,24.71,False
Chennai,2017-11-11,146.0,False,70.8,False,21.71,False
Chennai,2017-11-12,163.0,False,81.94,False,18.9,False
Chennai,2017-11-13,110.0,False,48.07,False,27.69,False
Chennai,2017-11-14,91.0,False,30.57,False,25.74,False
Chennai,2017-11-15,68.0,False,41.87,False,37.3,False
Chennai,2017-11-16,96.0,False,45.77,False,38.77,False
Chennai,2017-11-17,108.0,False,58.96,False,25.49,False
Chennai,2017-11-18,82.0,False,24.73,False,23.56,False
Chennai,2017-11-19,62.0,False,22.81,False,19.17,False
Chennai,2017-11-20,69.0,False,22.57,False,19.09,False
Chennai,2017-11-21,61.0,False,18.44,False,22.22,False
Chennai,2017-11-22,64.0,False,41.9,False,23.9,False
Chennai,2017-11-23,126.0,False,79.51,False,29.82,False
Chennai,2017-11-24,158.0,False,75.6,False,27.44,False
Chennai,2017-11-25,184.0,False,90.46,False,29.43,False
Chennai,2017-11-26,136.0,False,57.36,False,20.3,False
Chennai,2017-11-27,87.0,False,37.83,False,22.88,False
Chennai,2017-11-28,71.0,False,42.05,False,24.99,False
Chennai,2017-11-29,75.0,False,38.73,False,22.77,False
Chennai,2017-11-30,69.0,False,29.62,False,18.18,False
Chennai,2017-12-01,57.0,False,31.57,False,19.48,False
Chennai,2017-12-02,71.0,False,50.43,False,22.98,False
Chennai,2017-12-03,90.0,False,46.63,False,20.28,False
Chennai,2017-12-04,86.0,False,43.1,False,20.66,False
Chennai,2017-12-05,76.0,False,34.52,False,23.6,False
Chennai,2017-12-06,70.0,False,38.1,False,24.27,False
Chennai,2017-12-07,143.0,False,94.87,False,27.5,False
Chennai,2017-12-08,175.0,False,73.06,False,30.39,False
Chennai,2017-12-09,156.0,False,77.29,False,31.89,False
Chennai,2017-12-10,163.0,False,79.19,False,25.72,False
Chennai,2017-12-11,153.0,False,70.02,False,20.47,False
Chennai,2017-12-12,126.0,False,59.77,False,23.37,False
Chennai,2017-12-13,93.0,False,45.88,False,16.18,False
Chennai,2017-12-14,81.0,False,46.3,False,18.6,False
Chennai,2017-12-15,95.0,False,59.7,False,21.82,False
Chennai,2017-12-16,107.0,False,53.21,False,26.4,False
Chennai,2017-12-17,102.0,False,50.08,False,18.91,False
Chennai,2017-12-18,97.0,False,47.66,False,21.38,False
Chennai,2017-12-19,91.0,False,41.07,False,25.36,False
Chennai,2017-12-20,78.0,False,45.39,False,27.36,False
Chennai,2017-12-21,93.0,False,52.1,False,21.58,False
Chennai,2017-12-22,109.0,False,62.7,False,23.85,False
Chennai,2017-12-23,89.0,False,38.95,False,24.36,False
Chennai,2017-12-24,83.0,False,51.21,False,23.99,False
Chennai,2017-12-25,88.0,False,53.02,False,21.51,False
Chennai,2017-12-26,113.0,False,79.72,False,25.27,False
Chennai,2017-12-27,186.0,False,82.28,False,23.92,False
Chennai,2017-12-28,148.0,False,64.49,False,28.09,False
Chennai,2017-12-29,95.0,False,52.37,False,28.73,False
Chennai,2017-12-30,108.0,False,53.72,False,20.64,False
Chennai,2017-12-31,77.0,False,48.28,False,12.16,False
Chennai,2018-01-01,89.0,False,51.16,False,13.63,False
Chennai,2018-01-02,94.0,False,58.46,False,14.95,False
Chennai,2018-01-03,105.0,False,56.26,False,17.75,False
Chennai,2018-01-04,184.0,False,113.21,False,18.64,False
Chennai,2018-01-05,176.0,False,76.77,False,17.43,False
Chennai,2018-01-06,158.0,False,76.4,False,17.86,False
Chennai,2018-01-07,136.0,False,62.12,False,15.6,False
Chennai,2018-01-08,124.0,False,75.69,False,16.08,False
Chennai,2018-01-09,121.0,False,55.3,False,14.02,False
Chennai,2018-01-10,96.0,False,66.55,False,14.84,False
Chennai,2018-01-11,179.0,False,79.23,False,18.07,False
Chennai,2018-01-12,156.0,False,82.65,False,17.84,False
Chennai,2018-01-13,258.0,False,164.37,False,20.65,False
Chennai,2018-01-14,207.0,False,76.62,False,14.82,False
Chennai,2018-01-15,147.0,False,68.45,False,11.26,False
Chennai,2018-01-16,134.0,False,74.62,False,11.0,False
Chennai,2018-01-17,161.0,False,71.04,False,16.94,False
Chennai,2018-01-18,129.0,False,67.8,False,20.78,False
Chennai,2018-01-19,164.0,False,70.06,False,20.38,False
Chennai,2018-01-20,140.0,False,68.89,False,22.48,False
Chennai,2018-01-21,180.0,False,85.98,False,20.48,False
Chennai,2018-01-22,167.0,False,70.63,False,20.41,False
Chennai,2018-01-23,149.0,False,80.58,False,19.77,False
Chennai,2018-01-24,164.0,False,80.11,False,21.32,False
Chennai,2018-01-25,187.0,False,84.31,False,21.0,False
Chennai,2018-01-26,172.0,False,74.03,False,18.96,False
Chennai,2018-01-27,161.0,False,79.6,False,19.89,False
Chennai,2018-01-28,165.0,False,71.53,False,18.29,False
Chennai,2018-01-29,155.0,False,73.21,False,18.74,False
Chennai,2018-01-30,148.0,False,68.01,False,22.09,False
Chennai,2018-01-31,159.0,False,72.05,False,23.76,False
Chennai,2018-02-01,135.0,False,66.15,False,22.16,False
Chennai,2018-02-02,167.0,False,78.68,False,19.5,False
Chennai,2018-02-03,164.0,False,74.22,False,21.27,False
Chennai,2018-02-04,123.0,False,37.64,False,17.68,False
Chennai,2018-02-05,79.0,False,38.01,False,20.26,False
Chennai,2018-02-06,94.0,False,44.18,False,23.45,False
Chennai,2018-02-07,78.0,False,33.44,False,19.56,False
Chennai,2018-02-08,78.0,False,34.52,False,20.56,False
Chennai,2018-02-09,107.0,False,49.07,False,18.92,False
Chennai,2018-02-10,113.0,False,50.86,False,20.61,False
Chennai,2018-02-11,131.0,False,52.68,False,17.7,False
Chennai,2018-02-12,88.0,False,46.07,False,16.23,False
Chennai,2018-02-13,130.0,False,76.41,False,19.55,False
Chennai,2018-02-14,138.0,False,55.38,False,22.9,False
Chennai,2018-02-15,99.0,False,63.06,False,21.91,False
Chennai,2018-02-16,119.0,False,57.82,False,16.26,False
Chennai,2018-02-17,113.0,False,55.81,False,13.41,False
Chennai,2018-02-18,133.0,False,70.43,False,15.41,False
Chennai,2018-02-19,150.0,False,67.83,False,14.05,False
Chennai,2018-02-20,118.0,False,63.29,False,15.79,False
Chennai,2018-02-21,146.0,False,74.3,False,14.74,False
Chennai,2018-02-22,118.0,False,59.12,False,14.41,False
Chennai,2018-02-23,95.0,False,50.3,False,13.99,False
Chennai,2018-02-24,88.0,False,48.95,False,12.06,False
Chennai,2018-02-25,73.0,False,31.53,False,11.05,False
Chennai,2018-02-26,76.0,False,48.05,False,12.98,False
Chennai,2018-02-27,117.0,False,73.78,False,15.12,False
Chennai,2018-02-28,182.0,False,95.58,False,15.61,False
Chennai,2018-03-01,234.0,False,100.8,False,11.85,False
Chennai,2018-03-02,138.0,False,52.34,False,11.84,False
Chennai,2018-03-03,115.0,False,49.83,False,12.93,False
Chennai,2018-03-04,113.0,False,60.18,False,13.37,False
Chennai,2018-03-05,93.0,False,43.63,False,10.82,False
Chennai,2018-03-06,83.0,False,48.43,False,12.83,False
Chennai,2018-03-07,113.0,False,68.14,False,16.63,False
Chennai,2018-03-08,174.0,False,82.38,False,22.6,False
Chennai,2018-03-09,126.0,False,61.5,False,16.09,False
Chennai,2018-03-10,128.0,False,70.08,False,16.87,False
Chennai,2018-03-11,128.0,False,59.66,False,15.41,False
Chennai,2018-03-12,118.0,False,93.32,False,14.81,False
Chennai,2018-03-13,153.0,False,30.74,False,12.19,False
Chennai,2018-03-14,74.0,False,26.74,False,15.1,False
Chennai,2018-03-15,69.0,False,30.99,False,17.35,False
Chennai,2018-03-16,78.0,False,26.1,False,17.5,False
Chennai,2018-03-17,81.0,False,37.93,False,21.89,False
Chennai,2018-03-18,89.0,False,53.22,False,18.04,False
Chennai,2018-03-19,88.0,False,50.29,False,18.55,False
Chennai,2018-03-20,108.0,False,65.17,False,17.18,False
Chennai,2018-03-21,115.0,False,56.5,False,19.74,False
Chennai,2018-03-22,93.0,False,45.69,False,18.66,False
Chennai,2018-03-23,94.0,False,56.79,False,17.43,False
Chennai,2018-03-24,127.0,False,66.3,False,13.95,False
Chennai,2018-03-25,117.0,False,51.92,False,11.45,False
Chennai,2018-03-26,109.0,False,50.55,False,17.56,False
Chennai,2018-03-27,109.0,False,51.77,False,19.36,False
Chennai,2018-03-28,90.0,False,26.35,False,20.71,False
Chennai,2018-03-29,70.0,False,22.93,False,21.13,False
Chennai,2018-03-30,69.0,False,34.85,False,17.4,False
Chennai,2018-03-31,75.0,False,39.89,False,17.85,False
Chennai,2018-04-01,86.0,False,45.25,False,18.58,False
Chennai,2018-04-02,67.0,False,29.45,False,21.64,False
Chennai,2018-04-03,68.0,False,27.82,False,18.82,False
Chennai,2018-04-04,71.0,False,36.15,False,22.47,False
Chennai,2018-04-05,81.0,False,38.02,False,19.4,False
Chennai,2018-04-06,103.0,False,38.53,False,23.13,False
Chennai,2018-04-07,84.0,False,35.94,False,18.76,False
Chennai,2018-04-08,62.0,False,24.52,False,16.5,False
Chennai,2018-04-09,70.0,False,26.0,False,18.95,False
Chennai,2018-04-10,66.0,False,36.7,False,15.68,False
Chennai,2018-04-11,66.0,False,29.62,False,18.65,False
Chennai,2018-04-12,61.0,False,26.52,False,17.92,False
Chennai,2018-04-13,63.0,False,43.91,False,23.73,False
Chennai,2018-04-14,61.0,False,22.23,False,20.28,False
Chennai,2018-04-15,59.0,False,16.69,False,18.36,False
Chennai,2018-04-16,61.0,False,21.91,False,20.35,False
Chennai,2018-04-17,62.0,False,22.75,False,21.92,False
Chennai,2018-04-18,56.0,False,41.36,False,21.77,False
Chennai,2018-04-19,71.0,False,27.35,False,23.87,False
Chennai,2018-04-20,65.0,False,36.7,False,23.67,False
Chennai,2018-04-21,66.0,False,31.87,False,24.81,False
Chennai,2018-04-22,55.0,False,31.22,False,20.92,False
Chennai,2018-04-23,65.0,False,38.58,False,21.53,False
Chennai,2018-04-24,76.0,False,51.52,False,23.98,False
Chennai,2018-04-25,78.0,False,41.31,False,22.21,False
Chennai,2018-04-26,89.0,False,44.01,False,26.2,False
Chennai,2018-04-27,74.0,False,42.33,False,31.66,False
Chennai,2018-04-28,62.0,False,29.34,False,33.17,False
Chennai,2018-04-29,59.0,False,32.08,False,31.66,False
Chennai,2018-04-30,68.0,False,42.57,False,40.82,False
Chennai,2018-05-01,92.0,False,50.73,False,98.77,False
Chennai,2018-05-02,112.0,False,62.94,False,70.0,False
Chennai,2018-05-03,111.0,False,52.76,False,32.62,False
Chennai,2018-05-04,127.0,False,76.95,False,73.31,False
Chennai,2018-05-05,128.0,False,37.39,False,79.04,False
Chennai,2018-05-06,77.0,False,39.42,False,39.13,False
Chennai,2018-05-07,75.0,False,48.75,False,36.82,False
Chennai,2018-05-08,77.0,False,22.47,False,39.54,False
Chennai,2018-05-09,94.0,False,15.55,False,47.0,False
Chennai,2018-05-10,80.0,False,22.62,False,30.4,False
Chennai,2018-05-11,70.0,False,23.19,False,27.47,False
Chennai,2018-05-12,74.0,False,20.7,False,25.94,False
Chennai,2018-05-13,77.0,False,28.08,False,23.98,False
Chennai,2018-05-14,71.0,False,25.14,False,24.3,False
Chennai,2018-05-15,79.0,False,27.68,False,25.39,False
Chennai,2018-05-16,81.0,False,27.85,False,25.05,False
Chennai,2018-05-17,82.0,False,23.7,False,24.77,False
Chennai,2018-05-18,70.0,False,48.5,False,25.61,False
Chennai,2018-05-19,81.0,False,35.46,False,23.85,False
Chennai,2018-05-20,66.0,False,35.53,False,22.6,False
Chennai,2018-05-21,64.0,False,42.6,False,23.98,False
Chennai,2018-05-22,82.0,False,52.89,False,32.72,False
Chennai,2018-05-23,84.0,False,42.53,False,24.14,False
Chennai,2018-05-24,73.0,False,40.25,False,24.44,False
Chennai,2018-05-25,64.0,False,28.46,False,21.67,False
Chennai,2018-05-26,65.0,False,38.2,False,20.58,False
Chennai,2018-05-27,79.0,False,51.13,False,20.89,False
Chennai,2018-05-28,77.0,False,47.54,False,19.46,False
Chennai,2018-05-29,88.0,False,46.07,False,20.06,False
Chennai,2018-05-30,82.0,False,44.17,False,20.48,False
Chennai,2018-05-31,85.0,False,56.1,False,20.55,False
Chennai,2018-06-01,98.0,False,57.69,False,23.83,False
Chennai,2018-06-02,124.0,False,64.65,False,23.29,False
Chennai,2018-06-03,98.0,False,50.69,False,22.96,False
Chennai,2018-06-04,83.0,False,52.68,False,22.99,False
Chennai,2018-06-05,86.0,False,42.26,False,22.66,False
Chennai,2018-06-06,79.0,False,50.38,False,25.11,False
Chennai,2018-06-07,66.0,False,34.9,False,22.5,False
Chennai,2018-06-08,71.0,False,36.28,False,21.78,False
Chennai,2018-06-09,67.0,False,41.3,False,20.74,False
Chennai,2018-06-10,73.0,False,33.79,False,19.98,False
Chennai,2018-06-11,73.0,False,41.09,False,23.47,False
Chennai,2018-06-12,88.0,False,43.9,False,23.69,False
Chennai,2018-06-13,88.0,False,45.77,False,32.22,False
Chennai,2018-06-14,91.0,False,50.27,False,24.55,False
Chennai,2018-06-15,97.0,False,66.88,False,21.03,False
Chennai,2018-06-16,114.0,False,49.62,False,21.35,False
Chennai,2018-06-17,86.0,False,59.7,False,23.76,False
Chennai,2018-06-18,99.0,False,48.19,False,23.43,False
Chennai,2018-06-19,90.0,False,52.41,False,20.36,False
Chennai,2018-06-20,104.0,False,57.34,False,26.73,False
Chennai,2018-06-21,107.0,False,60.06,False,20.06,False
Chennai,2018-06-22,107.0,False,57.98,False,20.51,False
Chennai,2018-06-23,102.0,False,61.21,False,21.55,False
Chennai,2018-06-24,109.0,False,55.1,False,19.88,False
Chennai,2018-06-25,101.0,False,61.59,False,21.68,False
Chennai,2018-06-26,112.0,False,61.34,False,21.88,False
Chennai,2018-06-27,133.0,False,76.53,False,20.83,False
Chennai,2018-06-28,127.0,False,54.64,False,20.9,False
Chennai,2018-06-29,98.0,False,57.46,False,21.91,False
Chennai,2018-06-30,135.0,False,81.3,False,20.79,False
Chennai,2018-07-01,150.0,False,68.11,False,19.07,False
Chennai,2018-07-02,150.0,False,87.21,False,19.61,False
Chennai,2018-07-03,159.0,False,54.36,False,18.16,False
Chennai,2018-07-04,93.0,False,53.97,False,19.43,False
Chennai,2018-07-05,97.0,False,55.84,False,21.43,False
Chennai,2018-07-06,128.0,False,78.46,False,23.44,False
Chennai,2018-07-07,135.0,False,54.32,False,24.81,False
Chennai,2018-07-08,80.0,False,53.66,False,20.86,False
Chennai,2018-07-09,106.0,False,62.38,False,19.03,False
Chennai,2018-07-10,103.0,False,56.32,False,19.54,False
Chennai,2018-07-11,97.0,False,49.15,False,19.78,False
Chennai,2018-07-12,77.0,False,44.79,False,19.71,False
Chennai,2018-07-13,84.0,False,45.82,False,23.06,False
Chennai,2018-07-14,76.0,False,47.78,False,20.11,False
Chennai,2018-07-15,92.0,False,50.76,False,19.19,False
Chennai,2018-07-16,79.0,False,43.0,False,18.5,False
Chennai,2018-07-17,66.0,False,37.08,False,21.86,False
Chennai,2018-07-18,69.0,False,41.77,False,21.3,False
Chennai,2018-07-19,79.0,False,47.86,False,20.18,False
Chennai,2018-07-20,71.0,False,40.3,False,20.54,False
Chennai,2018-07-21,70.0,False,46.01,False,20.42,False
Chennai,2018-07-22,87.0,False,55.78,False,19.34,False
Chennai,2018-07-23,101.0,False,50.08,False,19.84,False
Chennai,2018-07-24,87.0,False,49.87,False,20.72,False
Chennai,2018-07-25,68.0,False,35.67,False,20.48,False
Chennai,2018-07-26,63.0,False,37.4,False,21.36,False
Chennai,2018-07-27,63.0,False,41.69,False,24.76,False
Chennai,2018-07-28,95.0,False,54.4,False,25.2,False
Chennai,2018-07-29,97.0,False,54.77,False,22.76,False
Chennai,2018-07-30,78.0,False,45.89,False,23.22,False
Chennai,2018-07-31,93.0,False,51.13,False,25.1,False
Chennai,2018-08-01,80.0,False,50.78,False,25.12,False
Chennai,2018-08-02,91.0,False,39.82,False,26.54,False
Chennai,2018-08-03,71.0,False,44.27,False,22.93,False
Chennai,2018-08-04,79.0,False,52.36,False,22.68,False
Chennai,2018-08-05,107.0,False,60.28,False,21.71,False
Chennai,2018-08-06,123.0,False,60.81,False,22.73,False
Chennai,2018-08-07,96.0,False,40.73,False,21.88,False
Chennai,2018-08-08,57.0,False,26.05,False,21.79,False
Chennai,2018-08-09,54.0,False,29.65,False,21.28,False
Chennai,2018-08-10,63.0,False,45.66,False,24.69,False
Chennai,2018-08-11,87.0,False,30.97,False,23.67,False
Chennai,2018-08-12,60.0,False,26.95,False,20.63,False
Chennai,2018-08-13,60.0,False,38.03,False,20.26,False
Chennai,2018-08-14,71.0,False,35.44,False,17.3,False
Chennai,2018-08-15,61.0,False,20.43,False,16.34,False
Chennai,2018-08-16,53.0,False,26.01,False,15.11,False
Chennai,2018-08-17,76.0,False,60.61,False,17.11,False
Chennai,2018-08-18,126.0,False,55.4,False,18.69,False
Chennai,2018-08-19,111.0,False,49.34,False,17.73,False
Chennai,2018-08-20,152.0,False,69.17,False,18.76,False
Chennai,2018-08-21,148.0,False,85.12,False,16.74,False
Chennai,2018-08-22,161.0,False,52.23,False,16.0,False
Chennai,2018-08-23,74.0,False,34.77,False,17.76,False
Chennai,2018-08-24,71.0,False,40.39,False,16.66,False
Chennai,2018-08-25,106.0,False,55.14,False,16.2,False
Chennai,2018-08-26,81.0,False,32.83,False,16.09,False
Chennai,2018-08-27,70.0,False,34.87,False,18.75,False
Chennai,2018-08-28,62.0,False,29.44,False,17.38,False
Chennai,2018-08-29,58.0,False,32.56,False,19.87,False
Chennai,2018-08-30,89.0,False,50.7,False,16.49,False
Chennai,2018-08-31,83.0,False,29.65,False,15.98,False
Chennai,2018-09-01,65.0,False,38.58,False,19.22,False
Chennai,2018-09-02,84.0,False,47.56,False,20.74,False
Chennai,2018-09-03,83.0,False,42.77,False,15.68,False
Chennai,2018-09-04,87.0,False,54.8,False,16.89,False
Chennai,2018-09-05,111.0,False,47.98,False,16.8,False
Chennai,2018-09-06,93.0,False,61.47,False,16.96,False
Chennai,2018-09-07,108.0,False,48.17,False,16.34,False
Chennai,2018-09-08,118.0,False,67.78,False,16.92,False
Chennai,2018-09-09,115.0,False,30.81,False,15.16,False
Chennai,2018-09-10,68.0,False,41.96,False,18.5,False
Chennai,2018-09-11,79.0,False,40.59,False,16.37,False
Chennai,2018-09-12,70.0,False,44.5,False,16.44,False
Chennai,2018-09-13,86.0,False,45.96,False,15.41,False
Chennai,2018-09-14,161.0,False,82.38,False,14.86,False
Chennai,2018-09-15,112.0,False,42.08,False,16.23,False
Chennai,2018-09-16,97.0,False,43.25,False,16.5,False
Chennai,2018-09-17,96.0,False,30.77,False,19.66,False
Chennai,2018-09-18,92.0,False,44.32,False,20.0,False
Chennai,2018-09-19,80.0,False,24.98,False,19.13,False
Chennai,2018-09-20,92.0,False,55.76,False,21.45,False
Chennai,2018-09-21,109.0,False,49.28,False,18.84,False
Chennai,2018-09-22,108.0,False,50.3,False,19.48,False
Chennai,2018-09-23,89.0,False,50.51,False,14.26,False
Chennai,2018-09-24,111.0,False,31.02,False,15.16,False
Chennai,2018-09-25,107.0,False,43.43,False,16.56,False
Chennai,2018-09-26,93.0,False,61.73,False,14.65,False
Chennai,2018-09-27,111.0,False,28.2,False,13.68,False
Chennai,2018-09-28,54.0,False,22.68,False,13.15,False
Chennai,2018-09-29,58.0,False,71.65,False,13.36,False
Chennai,2018-09-30,157.0,False,64.87,False,13.77,False
Chennai,2018-10-01,82.0,False,32.53,False,12.48,False
Chennai,2018-10-02,66.0,False,22.28,False,13.11,False
Chennai,2018-10-03,63.0,False,17.89,False,12.81,False
Chennai,2018-10-04,66.0,False,20.58,False,15.72,False
Chennai,2018-10-05,75.0,False,23.68,False,18.38,False
Chennai,2018-10-06,81.0,False,16.7,False,15.29,False
Chennai,2018-10-07,65.0,False,34.54,False,13.8,False
Chennai,2018-10-08,69.0,False,36.11,False,17.82,False
Chennai,2018-10-09,96.0,False,61.0,False,17.82,False
Chennai,2018-10-10,164.0,False,70.42,False,21.12,False
Chennai,2018-10-11,147.0,False,53.49,False,19.25,False
Chennai,2018-10-12,90.0,False,48.26,False,18.38,False
Chennai,2018-10-13,82.0,False,39.7,False,13.52,False
Chennai,2018-10-14,65.0,False,40.74,False,15.82,False
Chennai,2018-10-15,70.0,False,40.91,False,12.85,False
Chennai,2018-10-16,68.0,False,29.82,False,12.68,False
Chennai,2018-10-17,77.0,False,33.85,False,15.63,False
Chennai,2018-10-18,67.0,False,31.6,False,17.18,False
Chennai,2018-10-19,91.0,False,39.65,False,19.41,False
Chennai,2018-10-20,110.0,False,66.17,False,22.31,False
Chennai,2018-10-21,124.0,False,65.55,False,16.62,False
Chennai,2018-10-22,218.0,False,168.81,False,19.55,False
Chennai,2018-10-23,170.0,False,73.57,False,20.24,False
Chennai,2018-10-24,160.0,False,76.77,False,19.44,False
Chennai,2018-10-25,140.0,False,72.83,False,21.39,False
Chennai,2018-10-26,144.0,False,72.24,False,19.89,False
Chennai,2018-10-27,126.0,False,61.5,False,23.1,False
Chennai,2018-10-28,115.0,False,59.79,False,20.55,False
Chennai,2018-10-29,158.0,False,75.15,False,19.05,False
Chennai,2018-10-30,98.0,False,34.51,False,17.96,False
Chennai,2018-10-31,78.0,False,28.16,False,17.33,False
Chennai,2018-11-01,83.0,False,27.63,False,17.66,False
Chennai,2018-11-02,89.0,False,28.58,False,15.78,False
Chennai,2018-11-03,65.0,False,35.6,False,14.37,False
Chennai,2018-11-04,167.0,False,86.21,False,13.34,False
Chennai,2018-11-05,85.0,False,35.2,False,15.35,False
Chennai,2018-11-06,72.0,False,55.01,False,17.64,False
Chennai,2018-11-07,128.0,False,59.06,False,18.17,False
Chennai,2018-11-08,96.0,False,49.98,False,21.91,False
Chennai,2018-11-09,133.0,False,74.73,False,16.56,False
Chennai,2018-11-10,137.0,False,70.81,False,20.53,False
Chennai,2018-11-11,155.0,False,82.59,False,17.52,False
Chennai,2018-11-12,185.0,False,92.17,False,19.12,False
Chennai,2018-11-13,231.0,False,111.04,False,22.32,False
Chennai,2018-11-14,210.0,False,84.77,False,21.1,False
Chennai,2018-11-15,135.0,False,47.01,False,16.54,False
Chennai,2018-11-16,68.0,False,17.03,False,14.07,False
Chennai,2018-11-17,71.0,False,28.73,False,16.46,False
Chennai,2018-11-18,78.0,False,31.8,False,15.57,False
Chennai,2018-11-19,70.0,False,22.03,False,13.35,False
Chennai,2018-11-20,72.0,False,42.81,False,15.15,False
Chennai,2018-11-21,65.0,False,20.36,False,13.69,False
Chennai,2018-11-22,60.0,False,19.76,False,17.85,False
Chennai,2018-11-23,70.0,False,47.76,False,18.11,False
Chennai,2018-11-24,162.0,False,92.89,False,21.25,False
Chennai,2018-11-25,234.0,False,112.05,False,18.89,False
Chennai,2018-11-26,211.0,False,81.75,False,24.37,False
Chennai,2018-11-27,141.0,False,65.56,False,22.07,False
Chennai,2018-11-28,123.0,False,61.8,False,20.05,False
Chennai,2018-11-29,90.0,False,46.73,False,18.07,False
Chennai,2018-11-30,79.0,False,47.84,False,18.47,False
Chennai,2018-12-01,96.0,False,54.15,False,19.72,False
Chennai,2018-12-02,74.0,False,23.09,False,16.96,False
Chennai,2018-12-03,67.0,False,30.61,False,17.89,False
Chennai,2018-12-04,80.0,False,23.0,False,17.59,False
Chennai,2018-12-05,86.0,False,31.74,False,17.71,False
Chennai,2018-12-06,87.0,False,47.92,False,17.19,False
Chennai,2018-12-07,129.0,False,85.53,False,16.76,False
Chennai,2018-12-08,221.0,False,98.92,False,16.05,False
Chennai,2018-12-09,224.0,False,98.35,False,14.89,False
Chennai,2018-12-10,222.0,False,95.16,False,16.81,False
Chennai,2018-12-11,196.0,False,84.65,False,19.54,False
Chennai,2018-12-12,195.0,False,86.54,False,23.86,False
Chennai,2018-12-13,154.0,False,51.85,False,20.16,False
Chennai,2018-12-14,86.0,False,52.68,False,19.97,False
Chennai,2018-12-15,149.0,False,87.0,False,16.49,False
Chennai,2018-12-16,155.0,False,55.49,False,14.61,False
Chennai,2018-12-17,89.0,False,52.86,False,17.97,False
Chennai,2018-12-18,148.0,False,73.87,False,19.64,False
Chennai,2018-12-19,90.0,False,28.98,False,15.74,False
Chennai,2018-12-20,78.0,False,48.11,False,16.31,False
Chennai,2018-12-21,81.0,False,38.97,False,15.8,False
Chennai,2018-12-22,82.0,False,48.35,False,15.84,False
Chennai,2018-12-23,109.0,False,63.44,False,16.53,False
Chennai,2018-12-24,137.0,False,67.45,False,16.54,False
Chennai,2018-12-25,150.0,False,80.95,False,17.86,False
Chennai,2018-12-26,217.0,False,96.38,False,16.16,False
Chennai,2018-12-27,182.0,False,111.83,False,17.01,False
Chennai,2018-12-28,160.0,False,68.25,False,16.16,False
Chennai,2018-12-29,205.0,False,110.85,False,16.27,False
Chennai,2018-12-30,211.0,False,100.68,False,9.74,False
Chennai,2018-12-31,150.0,False,57.67,False,11.22,False
Chennai,2019-01-01,212.0,False,122.43,False,13.22,False
Chennai,2019-01-02,158.0,False,54.14,False,13.9,False
Chennai,2019-01-03,167.0,False,97.13,False,14.86,False
Chennai,2019-01-04,192.0,False,74.64,False,14.64,False
Chennai,2019-01-05,116.0,False,74.23,False,13.88,False
Chennai,2019-01-06,186.0,False,92.7,False,14.49,False
Chennai,2019-01-07,168.0,False,70.73,False,14.19,False
Chennai,2019-01-08,108.0,False,59.25,False,16.18,False
Chennai,2019-01-09,185.0,False,98.11,False,13.92,False
Chennai,2019-01-10,181.0,False,89.42,False,14.95,False
Chennai,2019-01-11,199.0,False,129.92,False,13.7,False
Chennai,2019-01-12,183.0,False,65.08,False,12.88,False
Chennai,2019-01-13,105.0,False,38.64,False,12.93,False
Chennai,2019-01-14,110.0,False,58.12,False,12.57,False
Chennai,2019-01-15,115.0,False,45.89,False,11.56,False
Chennai,2019-01-16,97.0,False,49.6,False,11.33,False
Chennai,2019-01-17,111.0,False,68.44,False,11.15,False
Chennai,2019-01-18,140.0,False,66.96,False,11.39,False
Chennai,2019-01-19,131.0,False,58.99,False,11.74,False
Chennai,2019-01-20,102.0,False,40.6,False,12.43,False
Chennai,2019-01-21,98.0,False,65.59,False,12.28,False
Chennai,2019-01-22,176.0,False,70.94,False,12.25,False
Chennai,2019-01-23,92.0,False,27.64,False,12.07,False
Chennai,2019-01-24,99.0,False,45.17,False,12.0,False
Chennai,2019-01-25,73.0,False,28.02,False,12.21,False
Chennai,2019-01-26,68.0,False,19.33,False,10.38,False
Chennai,2019-01-27,70.0,False,16.58,False,10.66,False
Chennai,2019-01-28,71.0,False,18.58,False,10.43,False
Chennai,2019-01-29,84.0,False,41.52,False,12.27,False
Chennai,2019-01-30,120.0,False,55.3,False,12.14,False
Chennai,2019-01-31,144.0,False,81.09,False,11.73,False
Chennai,2019-02-01,147.0,False,42.07,False,11.85,False
Chennai,2019-02-02,99.0,False,42.72,False,12.05,False
Chennai,2019-02-03,84.0,False,31.09,False,11.26,False
Chennai,2019-02-04,86.0,False,46.95,False,11.89,False
Chennai,2019-02-05,115.0,False,44.37,False,12.34,False
Chennai,2019-02-06,149.0,False,60.55,False,13.45,False
Chennai,2019-02-07,138.0,False,52.94,False,12.16,False
Chennai,2019-02-08,87.0,False,28.42,False,11.83,False
Chennai,2019-02-09,77.0,False,21.04,False,10.92,False
Chennai,2019-02-10,67.0,False,12.77,False,10.88,False
Chennai,2019-02-11,77.0,False,37.37,False,10.27,False
Chennai,2019-02-12,126.0,False,56.04,False,10.73,False
Chennai,2019-02-13,200.0,False,106.04,False,12.07,False
Chennai,2019-02-14,283.0,False,178.54,False,11.68,False
Chennai,2019-02-15,187.0,False,42.85,False,11.22,False
Chennai,2019-02-16,87.0,False,45.41,False,11.06,False
Chennai,2019-02-17,93.0,False,44.51,False,10.9,False
Chennai,2019-02-18,80.0,False,26.55,False,10.6,False
Chennai,2019-02-19,78.0,False,17.11,False,10.58,False
Chennai,2019-02-20,66.0,False,16.6,False,11.75,False
Chennai,2019-02-21,75.0,False,32.92,False,11.21,False
Chennai,2019-02-22,104.0,False,37.45,False,11.82,False
Chennai,2019-02-23,101.0,False,25.55,False,13.88,False
Chennai,2019-02-24,89.0,False,37.37,False,12.35,False
Chennai,2019-02-25,105.0,False,74.05,False,11.7,False
Chennai,2019-02-26,279.0,False,199.98,False,12.07,False
Chennai,2019-02-27,127.0,False,33.9,False,10.65,False
Chennai,2019-02-28,100.0,False,87.38,False,14.43,False
Chennai,2019-03-01,102.0,False,114.56,False,11.01,False
Chennai,2019-03-02,252.0,False,176.07,False,15.07,False
Chennai,2019-03-03,128.0,False,38.85,False,18.86,False
Chennai,2019-03-04,76.0,False,43.48,False,13.32,False
Chennai,2019-03-05,87.0,False,53.2,False,27.1,False
Chennai,2019-03-06,111.0,False,58.19,False,12.09,False
Chennai,2019-03-07,105.0,False,39.87,False,20.52,False
Chennai,2019-03-08,85.0,False,38.91,False,14.39,False
Chennai,2019-03-09,90.0,False,36.46,False,21.64,False
Chennai,2019-03-10,83.0,False,27.7,False,44.19,False
Chennai,2019-03-11,66.0,False,28.47,False,18.38,False
Chennai,2019-03-12,89.0,False,52.63,False,25.52,False
Chennai,2019-03-13,143.0,False,76.63,False,23.74,False
Chennai,2019-03-14,155.0,False,58.09,False,21.05,False
Chennai,2019-03-15,100.0,False,52.87,False,20.97,False
Chennai,2019-03-16,86.0,False,48.11,False,24.86,False
Chennai,2019-03-17,106.0,False,57.58,False,19.0,False
Chennai,2019-03-18,86.0,False,37.31,False,32.45,False
Chennai,2019-03-19,87.0,False,42.32,False,21.72,False
Chennai,2019-03-20,103.0,False,63.83,False,17.29,False
Chennai,2019-03-21,138.0,False,50.63,False,10.35,False
Chennai,2019-03-22,102.0,False,41.01,False,12.16,False
Chennai,2019-03-23,95.0,False,37.13,False,19.38,False
Chennai,2019-03-24,83.0,False,34.61,False,22.46,False
Chennai,2019-03-25,83.0,False,35.94,False,17.53,False
Chennai,2019-03-26,87.0,False,39.29,False,24.94,False
Chennai,2019-03-27,81.0,False,33.41,False,13.74,False
Chennai,2019-03-28,81.0,False,38.14,False,16.52,False
Chennai,2019-03-29,73.0,False,38.04,False,15.39,False
Chennai,2019-03-30,81.0,False,37.22,False,16.77,False
Chennai,2019-03-31,100.0,False,62.24,False,14.06,False
Chennai,2019-04-01,130.0,False,68.09,False,12.5,False
Chennai,2019-04-02,126.0,False,49.42,False,12.07,False
Chennai,2019-04-03,117.0,False,48.12,False,14.01,False
Chennai,2019-04-04,89.0,False,32.88,False,14.81,False
Chennai,2019-04-05,100.0,False,36.23,False,13.53,False
Chennai,2019-04-06,101.0,False,34.35,False,15.09,False
Chennai,2019-04-07,99.0,False,32.33,False,14.5,False
Chennai,2019-04-08,98.0,False,54.52,False,14.32,False
Chennai,2019-04-09,112.0,False,37.03,False,17.66,False
Chennai,2019-04-10,111.0,False,59.54,False,18.69,False
Chennai,2019-04-11,110.0,False,56.02,False,16.66,False
Chennai,2019-04-12,100.0,False,37.18,False,16.69,False
Chennai,2019-04-13,79.0,False,36.18,False,15.55,False
Chennai,2019-04-14,76.0,False,31.9,False,15.54,False
Chennai,2019-04-15,76.0,False,24.24,False,13.18,False
Chennai,2019-04-16,70.0,False,19.48,False,11.66,False
Chennai,2019-04-17,73.0,False,17.27,False,9.96,False
Chennai,2019-04-18,62.0,False,12.95,False,10.23,False
Chennai,2019-04-19,66.0,False,25.41,False,9.13,False
Chennai,2019-04-20,81.0,False,24.99,False,8.88,False
Chennai,2019-04-21,85.0,False,29.32,False,10.31,False
Chennai,2019-04-22,74.0,False,24.75,False,10.58,False
Chennai,2019-04-23,74.0,False,29.82,False,10.27,False
Chennai,2019-04-24,73.0,False,29.52,False,11.35,False
Chennai,2019-04-25,76.0,False,31.55,False,11.27,False
Chennai,2019-04-26,75.0,False,35.22,False,11.22,False
Chennai,2019-04-27,69.0,False,25.49,False,11.24,False
Chennai,2019-04-28,71.0,False,26.74,False,10.97,False
Chennai,2019-04-29,75.0,False,26.4,False,10.88,False
Chennai,2019-04-30,78.0,False,35.36,False,11.02,False
Chennai,2019-05-01,80.0,False,29.99,False,11.74,False
Chennai,2019-05-02,78.0,False,30.49,False,13.48,False
Chennai,2019-05-03,78.0,False,30.39,False,14.41,False
Chennai,2019-05-04,80.0,False,37.24,False,13.77,False
Chennai,2019-05-05,79.0,False,38.9,False,12.95,False
Chennai,2019-05-06,82.0,False,38.07,False,13.52,False
Chennai,2019-05-07,83.0,False,38.63,False,16.66,False
Chennai,2019-05-08,75.0,False,42.78,False,15.19,False
Chennai,2019-05-09,79.0,False,35.59,False,16.77,False
Chennai,2019-05-10,77.0,False,38.39,False,18.05,False
Chennai,2019-05-11,126.0,False,65.3,False,52.6,False
Chennai,2019-05-12,150.0,False,51.8,False,34.91,False
Chennai,2019-05-13,135.0,False,66.57,False,30.03,False
Chennai,2019-05-14,145.0,False,66.85,False,29.99,False
Chennai,2019-05-15,132.0,False,55.19,False,24.05,False
Chennai,2019-05-16,107.0,False,44.66,False,13.84,False
Chennai,2019-05-17,102.0,False,41.39,False,13.98,False
Chennai,2019-05-18,88.0,False,39.71,False,13.64,False
Chennai,2019-05-19,83.0,False,36.38,False,13.84,False
Chennai,2019-05-20,76.0,False,22.72,False,13.92,False
Chennai,2019-05-21,71.0,False,23.34,False,14.83,False
Chennai,2019-05-22,80.0,False,27.06,False,14.39,False
Chennai,2019-05-23,79.0,False,45.92,False,13.27,False
Chennai,2019-05-24,113.0,False,47.34,False,11.77,False
Chennai,2019-05-25,124.0,False,47.85,False,12.34,False
Chennai,2019-05-26,131.0,False,48.62,False,12.94,False
Chennai,2019-05-27,113.0,False,45.57,False,13.06,False
Chennai,2019-05-28,132.0,False,74.16,False,13.81,False
Chennai,2019-05-29,137.0,False,54.73,False,13.96,False
Chennai,2019-05-30,141.0,False,65.19,False,14.2,False
Chennai,2019-05-31,156.0,False,53.41,False,15.62,False
Chennai,2019-06-01,148.0,False,45.73,False,10.86,False
Chennai,2019-06-02,143.0,False,57.97,False,10.76,False
Chennai,2019-06-03,161.0,False,58.15,False,11.26,False
Chennai,2019-06-04,143.0,False,60.53,False,11.26,False
Chennai,2019-06-05,153.0,False,52.59,False,11.21,False
Chennai,2019-06-06,132.0,False,54.06,False,13.32,False
Chennai,2019-06-07,94.0,False,42.32,False,17.56,False
Chennai,2019-06-08,126.0,False,55.84,False,17.07,False
Chennai,2019-06-09,119.0,False,47.85,False,14.7,False
Chennai,2019-06-10,100.0,False,54.9,False,26.93,False
Chennai,2019-06-11,116.0,False,51.79,False,27.66,False
Chennai,2019-06-12,119.0,False,51.48,False,23.0,False
Chennai,2019-06-13,110.0,False,37.78,False,24.04,False
Chennai,2019-06-14,91.0,False,41.03,False,34.45,False
Chennai,2019-06-15,89.0,False,53.31,False,23.57,False
Chennai,2019-06-16,87.0,False,42.09,False,21.94,False
Chennai,2019-06-17,80.0,False,56.12,False,24.69,False
Chennai,2019-06-18,108.0,False,56.8,False,25.31,False
Chennai,2019-06-19,91.0,False,41.22,False,19.57,False
Chennai,2019-06-20,88.0,False,36.82,False,21.33,False
Chennai,2019-06-21,92.0,False,36.7,False,22.3,False
Chennai,2019-06-22,96.0,False,39.32,False,17.93,False
Chennai,2019-06-23,109.0,False,33.86,False,18.25,False
Chennai,2019-06-24,101.0,False,29.8,False,19.87,False
Chennai,2019-06-25,129.0,False,103.16,False,25.81,False
Chennai,2019-06-26,179.0,False,45.52,False,18.68,False
Chennai,2019-06-27,69.0,False,35.11,False,29.01,False
Chennai,2019-06-28,78.0,False,45.16,False,15.36,False
Chennai,2019-06-29,106.0,False,59.22,False,21.16,False
Chennai,2019-06-30,123.0,False,47.81,False,22.21,False
Chennai,2019-07-01,125.0,False,33.28,False,20.68,False
Chennai,2019-07-02,73.0,False,52.55,False,19.08,False
Chennai,2019-07-03,174.0,False,92.83,False,19.12,False
Chennai,2019-07-04,84.0,False,49.99,False,17.96,False
Chennai,2019-07-05,134.0,False,97.96,False,18.91,False
Chennai,2019-07-06,85.0,False,37.94,False,23.03,False
Chennai,2019-07-07,77.0,False,48.12,False,16.99,False
Chennai,2019-07-08,88.0,False,51.95,False,17.93,False
Chennai,2019-07-09,92.0,False,45.61,False,16.8,False
Chennai,2019-07-10,92.0,False,30.64,False,18.33,False
Chennai,2019-07-11,76.0,False,36.62,False,23.57,False
Chennai,2019-07-12,81.0,False,50.02,False,18.51,False
Chennai,2019-07-13,94.0,False,34.54,False,15.18,False
Chennai,2019-07-14,80.0,False,47.45,False,13.12,False
Chennai,2019-07-15,99.0,False,40.19,False,16.5,False
Chennai,2019-07-16,80.0,False,30.16,False,21.57,False
Chennai,2019-07-17,77.0,False,43.75,False,22.9,False
Chennai,2019-07-18,85.0,False,48.57,False,22.73,False
Chennai,2019-07-19,74.0,False,30.57,False,18.13,False
Chennai,2019-07-20,84.0,False,35.63,False,18.26,False
Chennai,2019-07-21,87.0,False,28.74,False,16.17,False
Chennai,2019-07-22,70.0,False,27.56,False,19.09,False
Chennai,2019-07-23,73.0,False,31.04,False,18.11,False
Chennai,2019-07-24,73.0,False,29.77,False,18.57,False
Chennai,2019-07-25,94.0,False,45.13,False,17.75,False
Chennai,2019-07-26,85.0,False,23.22,False,18.94,False
Chennai,2019-07-27,66.0,False,25.94,False,20.83,False
Chennai,2019-07-28,83.0,False,32.29,False,16.86,False
Chennai,2019-07-29,77.0,False,28.07,False,15.56,False
Chennai,2019-07-30,74.0,False,36.63,False,23.47,False
Chennai,2019-07-31,114.0,False,33.19,False,20.61,False
Chennai,2019-08-01,105.0,False,34.12,False,16.49,False
Chennai,2019-08-02,129.0,False,51.08,False,22.26,False
Chennai,2019-08-03,130.0,False,51.84,False,30.79,False
Chennai,2019-08-04,126.0,False,42.23,False,33.02,False
Chennai,2019-08-05,105.0,False,52.82,False,25.52,False
Chennai,2019-08-06,110.0,False,26.19,False,23.39,False
Chennai,2019-08-07,65.0,False,21.07,False,16.89,False
Chennai,2019-08-08,84.0,False,24.99,False,17.69,False
Chennai,2019-08-09,70.0,False,22.61,False,17.47,False
Chennai,2019-08-10,74.0,False,22.66,False,16.78,False
Chennai,2019-08-11,76.0,False,16.68,False,13.39,False
Chennai,2019-08-12,112.0,False,18.65,False,13.7,False
Chennai,2019-08-13,80.0,False,21.83,False,14.07,False
Chennai,2019-08-14,106.0,False,25.51,False,14.06,False
Chennai,2019-08-15,105.0,False,19.01,False,16.94,False
Chennai,2019-08-16,110.0,False,26.43,False,17.24,False
Chennai,2019-08-17,82.0,False,13.03,False,15.33,False
Chennai,2019-08-18,69.0,False,13.2,False,12.65,False
Chennai,2019-08-19,58.0,False,22.64,False,18.01,False
Chennai,2019-08-20,68.0,False,27.06,False,19.07,False
Chennai,2019-08-21,77.0,False,29.21,False,18.82,False
Chennai,2019-08-22,82.0,False,31.43,False,16.93,False
Chennai,2019-08-23,52.0,False,25.89,False,14.8,False
Chennai,2019-08-24,48.0,False,17.58,False,13.98,False
Chennai,2019-08-25,47.0,False,22.35,False,13.79,False
Chennai,2019-08-26,57.0,False,17.46,False,17.31,False
Chennai,2019-08-27,48.0,False,18.64,False,19.81,False
Chennai,2019-08-28,104.0,False,20.57,False,15.76,False
Chennai,2019-08-29,51.0,False,25.15,False,15.8,False
Chennai,2019-08-30,101.0,False,22.87,False,14.85,False
Chennai,2019-08-31,121.0,False,27.11,False,14.73,False
Chennai,2019-09-01,122.0,False,26.91,False,14.12,False
Chennai,2019-09-02,108.0,False,30.64,False,15.41,False
Chennai,2019-09-03,100.0,False,29.69,False,17.05,False
Chennai,2019-09-04,146.0,False,35.06,False,18.79,False
Chennai,2019-09-05,70.0,False,22.29,False,18.59,False
Chennai,2019-09-06,75.0,False,25.84,False,22.76,False
Chennai,2019-09-07,105.0,False,26.37,False,13.94,False
Chennai,2019-09-08,76.0,False,22.62,False,11.39,False
Chennai,2019-09-09,76.0,False,37.51,False,13.31,False
Chennai,2019-09-10,111.0,False,37.85,False,12.45,False
Chennai,2019-09-11,150.0,False,39.26,False,12.23,False
Chennai,2019-09-12,103.0,False,23.59,False,11.72,False
Chennai,2019-09-13,78.0,False,27.36,False,11.32,False
Chennai,2019-09-14,81.0,False,23.45,False,11.69,False
Chennai,2019-09-15,89.0,False,20.82,False,10.29,False
Chennai,2019-09-16,100.0,False,28.74,False,10.53,False
Chennai,2019-09-17,96.0,False,22.59,False,11.14,False
Chennai,2019-09-18,105.0,False,26.98,False,12.0,False
Chennai,2019-09-19,95.0,False,23.18,False,12.44,False
Chennai,2019-09-20,120.0,False,38.04,False,11.43,False
Chennai,2019-09-21,106.0,False,33.44,False,13.74,False
Chennai,2019-09-22,126.0,False,43.67,False,16.38,False
Chennai,2019-09-23,135.0,False,61.94,False,12.87,False
Chennai,2019-09-24,114.0,False,35.03,False,11.77,False
Chennai,2019-09-25,93.0,False,16.9,False,10.73,False
Chennai,2019-09-26,99.0,False,14.27,False,10.79,False
Chennai,2019-09-27,103.0,False,17.76,False,10.05,False
Chennai,2019-09-28,105.0,False,20.99,False,10.69,False
Chennai,2019-09-29,116.0,False,25.87,False,9.1,False
Chennai,2019-09-30,106.0,False,23.02,False,11.32,False
Chennai,2019-10-01,109.0,False,41.82,False,13.2,False
Chennai,2019-10-02,122.0,False,32.4,False,14.87,False
Chennai,2019-10-03,110.0,False,31.1,False,13.87,False
Chennai,2019-10-04,72.0,False,23.49,False,12.89,False
Chennai,2019-10-05,78.0,False,47.4,False,15.4,False
Chennai,2019-10-06,145.0,False,19.32,False,13.42,False
Chennai,2019-10-07,108.0,False,58.64,False,24.13,False
Chennai,2019-10-08,141.0,False,36.56,False,19.29,False
Chennai,2019-10-09,114.0,False,24.5,False,21.5,False
Chennai,2019-10-10,92.0,False,21.13,False,20.03,False
Chennai,2019-10-11,87.0,False,21.2,False,12.98,False
Chennai,2019-10-12,92.0,False,16.34,False,13.05,False
Chennai,2019-10-13,89.0,False,14.93,False,12.82,False
Chennai,2019-10-14,86.0,False,21.14,False,10.65,False
Chennai,2019-10-15,75.0,False,20.33,False,14.28,False
Chennai,2019-10-16,64.0,False,17.58,False,13.95,False
Chennai,2019-10-17,61.0,False,30.95,False,14.72,False
Chennai,2019-10-18,80.0,False,32.0,False,13.39,False
Chennai,2019-10-19,75.0,False,31.76,False,16.52,False
Chennai,2019-10-20,73.0,False,35.03,False,15.91,False
Chennai,2019-10-21,71.0,False,26.55,False,14.07,False
Chennai,2019-10-22,69.0,False,28.47,False,15.97,False
Chennai,2019-10-23,81.0,False,40.0,False,13.91,False
Chennai,2019-10-24,67.0,False,35.34,False,22.06,False
Chennai,2019-10-25,86.0,False,46.48,False,29.32,False
Chennai,2019-10-26,121.0,False,95.49,False,17.79,False
Chennai,2019-10-27,306.0,False,153.73,False,18.36,False
Chennai,2019-10-28,208.0,False,54.13,False,26.17,False
Chennai,2019-10-29,83.0,False,31.22,False,33.68,False
Chennai,2019-10-30,84.0,False,34.65,False,28.92,False
Chennai,2019-10-31,141.0,False,87.99,False,27.43,False
Chennai,2019-11-01,133.0,False,40.78,False,22.47,False
Chennai,2019-11-02,76.0,False,34.45,False,15.48,False
Chennai,2019-11-03,91.0,False,70.95,False,16.78,False
Chennai,2019-11-04,222.0,False,115.35,False,19.41,False
Chennai,2019-11-05,261.0,False,98.83,False,19.12,False
Chennai,2019-11-06,229.0,False,105.94,False,18.98,False
Chennai,2019-11-07,273.0,False,121.43,False,18.15,False
Chennai,2019-11-08,294.0,False,142.9,False,17.94,False
Chennai,2019-11-09,253.0,False,96.8,False,13.83,False
Chennai,2019-11-10,230.0,False,93.13,False,13.01,False
Chennai,2019-11-11,192.0,False,61.45,False,14.86,False
Chennai,2019-11-12,77.0,False,31.32,False,15.61,False
Chennai,2019-11-13,76.0,False,37.23,False,13.89,False
Chennai,2019-11-14,92.0,False,19.18,False,11.17,False
Chennai,2019-11-15,84.0,False,21.99,False,15.3,False
Chennai,2019-11-16,57.0,False,44.91,False,14.58,False
Chennai,2019-11-17,122.0,False,56.9,False,14.19,False
Chennai,2019-11-18,90.0,False,26.91,False,11.86,False
Chennai,2019-11-19,63.0,False,28.52,False,11.17,False
Chennai,2019-11-20,47.0,False,20.95,False,10.0,False
Chennai,2019-11-21,56.0,False,33.55,False,10.78,False
Chennai,2019-11-22,60.0,False,31.16,False,10.19,False
Chennai,2019-11-23,64.0,False,46.05,False,15.6,False
Chennai,2019-11-24,110.0,False,59.64,False,12.43,False
Chennai,2019-11-25,86.0,False,44.81,False,12.6,False
Chennai,2019-11-26,77.0,False,53.33,False,21.97,False
Chennai,2019-11-27,80.0,False,37.8,False,12.54,False
Chennai,2019-11-28,63.0,False,30.56,False,20.28,False
Chennai,2019-11-29,53.0,False,21.08,False,10.09,False
Chennai,2019-11-30,48.0,False,18.45,False,12.09,False
Chennai,2019-12-01,60.0,False,17.79,False,12.66,False
Chennai,2019-12-02,49.0,False,21.17,False,11.51,False
Chennai,2019-12-03,56.0,False,36.17,False,12.03,False
Chennai,2019-12-04,71.0,False,37.56,False,11.2,False
Chennai,2019-12-05,93.0,False,62.41,False,11.1,False
Chennai,2019-12-06,107.0,False,53.68,False,13.29,False
Chennai,2019-12-07,76.0,False,34.82,False,15.86,False
Chennai,2019-12-08,69.0,False,35.41,False,21.19,False
Chennai,2019-12-09,61.0,False,27.57,False,26.96,False
Chennai,2019-12-10,56.0,False,37.72,False,19.62,False
Chennai,2019-12-11,72.0,False,36.55,False,23.21,False
Chennai,2019-12-12,62.0,False,27.78,False,16.54,False
Chennai,2019-12-13,52.0,False,34.16,False,18.49,False
Chennai,2019-12-14,68.0,False,40.78,False,21.13,False
Chennai,2019-12-15,70.0,False,35.6,False,19.49,False
Chennai,2019-12-16,59.0,False,31.23,False,18.27,False
Chennai,2019-12-17,62.0,False,44.04,False,17.87,False
Chennai,2019-12-18,92.0,False,48.07,False,17.69,False
Chennai,2019-12-19,83.0,False,52.28,False,16.88,False
Chennai,2019-12-20,106.0,False,65.45,False,16.87,False
Chennai,2019-12-21,126.0,False,72.57,False,18.47,False
Chennai,2019-12-22,134.0,False,57.74,False,16.14,False
Chennai,2019-12-23,92.0,False,52.75,False,19.05,False
Chennai,2019-12-24,99.0,False,53.51,False,19.46,False
Chennai,2019-12-25,99.0,False,54.37,False,19.74,False
Chennai,2019-12-26,110.0,False,58.43,False,20.28,False
Chennai,2019-12-27,77.0,False,31.88,False,17.66,False
Chennai,2019-12-28,65.0,False,36.94,False,20.27,False
Chennai,2019-12-29,92.0,False,52.48,False,14.61,False
Chennai,2019-12-30,83.0,False,38.74,False,14.2,False
Chennai,2019-12-31,84.0,False,45.49,False,15.44,False
Chennai,2020-01-01,70.0,False,28.25,False,12.66,False
Chennai,2020-01-02,57.0,False,27.59,False,11.47,False
Chennai,2020-01-03,74.0,False,32.16,False,10.95,False
Chennai,2020-01-04,64.0,False,30.49,False,11.49,False
Chennai,2020-01-05,62.0,False,23.37,False,8.69,False
Chennai,2020-01-06,61.0,False,19.45,False,10.41,False
Chennai,2020-01-07,55.0,False,33.54,False,12.16,False
Chennai,2020-01-08,73.0,False,42.22,False,17.3,False
Chennai,2020-01-09,79.0,False,42.16,False,17.47,False
Chennai,2020-01-10,74.0,False,40.76,False,17.3,False
Chennai,2020-01-11,72.0,False,39.81,False,18.69,False
Chennai,2020-01-12,83.0,False,58.38,False,14.35,False
Chennai,2020-01-13,140.0,False,74.12,False,16.68,False
Chennai,2020-01-14,230.0,False,122.88,False,20.24,False
Chennai,2020-01-15,168.0,False,48.06,False,13.76,False
Chennai,2020-01-16,74.0,False,34.09,False,12.32,False
Chennai,2020-01-17,62.0,False,35.33,False,11.1,False
Chennai,2020-01-18,65.0,False,28.67,False,10.68,False
Chennai,2020-01-19,67.0,False,31.17,False,17.08,False
Chennai,2020-01-20,69.0,False,37.66,False,23.7,False
Chennai,2020-01-21,85.0,False,44.91,False,22.62,False
Chennai,2020-01-22,93.0,False,47.95,False,20.03,False
Chennai,2020-01-23,104.0,False,59.95,False,16.9,False
Chennai,2020-01-24,123.0,False,62.34,False,24.68,False
Chennai,2020-01-25,110.0,False,50.48,False,20.2,False
Chennai,2020-01-26,87.0,False,41.74,False,16.43,False
Chennai,2020-01-27,78.0,False,47.26,False,18.37,False
Chennai,2020-01-28,85.0,False,53.66,False,17.4,False
Chennai,2020-01-29,84.0,False,52.29,False,14.74,False
Chennai,2020-01-30,87.0,False,43.82,False,14.87,False
Chennai,2020-01-31,78.0,False,36.56,False,14.02,False
Chennai,2020-02-01,63.0,False,32.4,False,13.12,False
Chennai,2020-02-02,55.0,False,30.58,False,12.12,False
Chennai,2020-02-03,63.0,False,37.52,False,13.74,False
Chennai,2020-02-04,74.0,False,39.6,False,10.92,False
Chennai,2020-02-05,94.0,False,39.93,False,13.26,False
Chennai,2020-02-06,89.0,False,40.05,False,19.32,False
Chennai,2020-02-07,75.0,False,36.32,False,14.12,False
Chennai,2020-02-08,64.0,False,28.45,False,10.61,False
Chennai,2020-02-09,61.0,False,28.1,False,8.77,False
Chennai,2020-02-10,58.0,False,35.41,False,10.09,False
Chennai,2020-02-11,69.0,False,29.12,False,19.96,False
Chennai,2020-02-12,81.0,False,32.17,False,22.0,False
Chennai,2020-02-13,93.0,False,49.48,False,18.01,False
Chennai,2020-02-14,118.0,False,56.85,False,17.3,False
Chennai,2020-02-15,121.0,False,54.82,False,17.74,False
Chennai,2020-02-16,82.0,False,35.13,False,12.71,False
Chennai,2020-02-17,72.0,False,34.25,False,13.64,False
Chennai,2020-02-18,85.0,False,41.49,False,18.11,False
Chennai,2020-02-19,84.0,False,42.95,False,14.71,False
Chennai,2020-02-20,77.0,False,35.52,False,14.09,False
Chennai,2020-02-21,75.0,False,38.88,False,19.91,False
Chennai,2020-02-22,76.0,False,29.2,False,8.63,False
Chennai,2020-02-23,65.0,False,28.75,False,8.88,False
Chennai,2020-02-24,77.0,False,31.07,False,10.95,False
Chennai,2020-02-25,81.0,False,33.9,False,12.69,False
Chennai,2020-02-26,84.0,False,39.25,False,8.88,False
Chennai,2020-02-27,83.0,False,42.97,False,8.7,False
Chennai,2020-02-28,75.0,False,33.08,False,11.08,False
Chennai,2020-02-29,72.0,False,36.15,False,14.62,False
Chennai,2020-03-01,80.0,False,35.99,False,9.2,False
Chennai,2020-03-02,76.0,False,43.6,False,13.01,False
Chennai,2020-03-03,96.0,False,42.16,False,16.26,False
Chennai,2020-03-04,84.0,False,33.29,False,15.71,False
Chennai,2020-03-05,77.0,False,26.69,False,14.04,False
Chennai,2020-03-06,61.0,False,24.95,False,9.72,False
Chennai,2020-03-07,69.0,False,30.94,False,10.66,False
Chennai,2020-03-08,57.0,False,21.85,False,6.21,False
Chennai,2020-03-09,65.0,False,25.93,False,8.54,False
Chennai,2020-03-10,61.0,False,27.37,False,10.56,False
Chennai,2020-03-11,76.0,False,16.69,False,7.98,False
Chennai,2020-03-12,65.0,False,24.94,False,8.75,False
Chennai,2020-03-13,72.0,False,35.65,False,16.97,False
Chennai,2020-03-14,74.0,False,39.29,False,15.67,False
Chennai,2020-03-15,79.0,False,38.48,False,10.34,False
Chennai,2020-03-16,66.0,False,33.26,False,10.44,False
Chennai,2020-03-17,76.0,False,41.56,False,9.17,False
Chennai,2020-03-18,92.0,False,39.41,False,8.1,False
Chennai,2020-03-19,88.0,False,44.73,False,10.09,False
Chennai,2020-03-20,95.0,False,32.68,False,8.56,False
Chennai,2020-03-21,80.0,False,29.1,False,8.49,False
Chennai,2020-03-22,71.0,False,39.42,False,5.39,False
Chennai,2020-03-23,73.0,False,31.91,False,7.85,False
Chennai,2020-03-24,57.0,False,24.22,False,6.91,False
Chennai,2020-03-25,58.0,False,22.43,False,4.38,False
Chennai,2020-03-26,54.0,False,31.57,False,7.22,False
Chennai,2020-03-27,59.0,False,27.6,False,4.85,False
Chennai,2020-03-28,55.0,False,34.81,False,4.91,False
Chennai,2020-03-29,53.0,False,26.79,False,7.21,False
Chennai,2020-03-30,50.0,False,29.31,False,9.78,False
Chennai,2020-03-31,60.0,False,31.56,False,8.57,False
Chennai,2020-04-01,75.0,False,32.94,False,10.39,False
Chennai,2020-04-02,74.0,False,31.17,False,8.54,False
Chennai,2020-04-03,72.0,False,24.81,False,7.25,False
Chennai,2020-04-04,67.0,False,20.77,False,7.11,False
Chennai,2020-04-05,66.0,False,21.59,False,7.27,False
Chennai,2020-04-06,57.0,False,14.27,False,9.43,False
Chennai,2020-04-07,55.0,False,11.9,False,9.57,False
Chennai,2020-04-08,55.0,False,14.77,False,7.9,False
Chennai,2020-04-09,55.0,False,14.71,False,12.74,False
Chennai,2020-04-10,80.0,False,41.02,False,12.87,False
Chennai,2020-04-11,60.0,False,15.66,False,11.18,False
Chennai,2020-04-12,59.0,False,14.86,False,10.38,False
Chennai,2020-04-13,64.0,False,17.95,False,12.1,False
Chennai,2020-04-14,65.0,False,17.87,False,9.58,False
Chennai,2020-04-15,62.0,False,14.64,False,8.34,False
Chennai,2020-04-16,65.0,False,20.3,False,8.1,False
Chennai,2020-04-17,65.0,False,8.43,False,5.33,False
Chennai,2020-04-18,56.0,False,8.94,False,7.29,False
Chennai,2020-04-19,59.0,False,8.1,False,5.34,False
Chennai,2020-04-20,59.0,False,9.71,False,4.08,False
Chennai,2020-04-21,61.0,False,10.67,False,4.48,False
Chennai,2020-04-22,60.0,False,12.65,False,8.04,False
Chennai,2020-04-23,56.0,False,8.06,False,11.64,False
Chennai,2020-04-24,58.0,False,8.08,False,10.61,False
Chennai,2020-04-25,67.0,False,10.46,False,11.07,False
Chennai,2020-04-26,66.0,False,10.76,False,12.01,False
Chennai,2020-04-27,60.0,False,10.46,False,6.92,False
Chennai,2020-04-28,68.0,False,6.55,False,5.65,False
Chennai,2020-04-29,69.0,False,11.11,False,6.85,False
Chennai,2020-04-30,70.0,False,10.39,False,11.18,False
Chennai,2020-05-01,71.0,False,14.13,False,5.39,False
Chennai,2020-05-02,70.0,False,13.08,False,4.25,False
Chennai,2020-05-03,71.0,False,11.67,False,3.73,False
Chennai,2020-05-04,66.0,False,7.03,False,4.1,False
Chennai,2020-05-05,81.0,False,19.68,False,4.13,False
Chennai,2020-05-06,78.0,False,10.11,False,5.59,False
Chennai,2020-05-07,73.0,False,11.23,False,5.48,False
Chennai,2020-05-08,76.0,False,11.72,False,5.17,False
Chennai,2020-05-09,65.0,False,9.99,False,4.57,False
Chennai,2020-05-10,69.0,False,9.64,False,5.09,False
Chennai,2020-05-11,66.0,False,8.36,False,5.29,False
Chennai,2020-05-12,68.0,False,8.82,False,5.42,False
Chennai,2020-05-13,69.0,False,15.57,False,5.26,False
Chennai,2020-05-14,77.0,False,8.72,False,7.32,False
Chennai,2020-05-15,70.0,False,20.25,False,10.11,False
Chennai,2020-05-16,82.0,False,28.71,False,5.45,False
Chennai,2020-05-17,68.0,False,10.99,False,8.16,False
Chennai,2020-05-18,76.0,False,18.49,False,8.74,False
Chennai,2020-05-19,82.0,False,28.06,False,15.18,False
Chennai,2020-05-20,90.0,False,30.39,False,14.36,False
Chennai,2020-05-21,92.0,False,27.01,False,12.19,False
Chennai,2020-05-22,102.0,False,23.02,False,11.32,False
Chennai,2020-05-23,77.0,False,21.24,False,10.08,False
Chennai,2020-05-24,81.0,False,22.78,False,9.37,False
Chennai,2020-05-25,79.0,False,25.2,False,9.59,False
Chennai,2020-05-26,79.0,False,27.82,False,8.96,False
Chennai,2020-05-27,77.0,False,20.0,False,9.65,False
Chennai,2020-05-28,79.0,False,31.03,False,10.58,False
Chennai,2020-05-29,112.0,False,38.3,False,13.54,False
Chennai,2020-05-30,105.0,False,33.99,False,9.69,False
Chennai,2020-05-31,88.0,False,18.85,False,7.97,False
Chennai,2020-06-01,101.0,False,36.15,False,10.07,False
Chennai,2020-06-02,95.0,False,18.83,False,9.24,False
Chennai,2020-06-03,76.0,False,20.61,False,9.41,False
Chennai,2020-06-04,99.0,False,18.5,False,8.64,False
Chennai,2020-06-05,81.0,False,18.53,False,9.51,False
Chennai,2020-06-06,92.0,False,40.73,False,10.97,False
Chennai,2020-06-07,128.0,False,20.52,False,12.19,False
Chennai,2020-06-08,85.0,False,23.04,False,12.62,False
Chennai,2020-06-09,87.0,False,22.43,False,16.08,False
Chennai,2020-06-10,80.0,False,30.42,False,13.97,False
Chennai,2020-06-11,106.0,False,26.37,False,11.45,False
Chennai,2020-06-12,169.0,False,104.45,False,13.24,False
Chennai,2020-06-13,112.0,False,20.76,False,11.16,False
Chennai,2020-06-14,80.0,False,20.17,False,14.53,False
Chennai,2020-06-15,79.0,False,19.34,False,11.06,False
Chennai,2020-06-16,86.0,False,24.1,False,12.26,False
Chennai,2020-06-17,96.0,False,32.37,False,15.03,False
Chennai,2020-06-18,112.0,False,23.89,False,17.22,False
Chennai,2020-06-19,109.0,False,29.8,False,15.56,False
Chennai,2020-06-20,152.0,False,89.92,False,14.48,False
Chennai,2020-06-21,140.0,False,26.53,False,13.11,False
Chennai,2020-06-22,106.0,False,23.55,False,8.94,False
Chennai,2020-06-23,109.0,False,18.95,False,11.11,False
Chennai,2020-06-24,102.0,False,28.83,False,9.57,False
Chennai,2020-06-25,108.0,False,23.13,False,10.74,False
Chennai,2020-06-26,95.0,False,23.75,False,7.94,False
Chennai,2020-06-27,95.0,False,26.42,False,12.96,False
Chennai,2020-06-28,98.0,False,25.93,False,10.0,False
Chennai,2020-06-29,104.0,False,21.3,False,9.69,False
Chennai,2020-06-30,110.0,False,24.14,False,12.38,False
Chennai,2020-07-01,92.0,False,15.95,False,10.72,False
Delhi,2015-01-01,472.0,False,313.22,False,36.39,False
Delhi,2015-01-02,454.0,False,186.18,False,32.87,False
Delhi,2015-01-03,143.0,False,87.18,False,30.31,False
Delhi,2015-01-04,319.0,False,151.84,False,36.91,False
Delhi,2015-01-05,325.0,False,146.6,False,34.92,False
Delhi,2015-01-06,318.0,False,149.58,False,37.84,False
Delhi,2015-01-07,353.0,False,217.87,False,40.15,False
Delhi,2015-01-08,383.0,False,229.9,False,43.16,False
Delhi,2015-01-09,375.0,False,201.66,False,38.56,False
Delhi,2015-01-10,376.0,False,221.02,False,46.39,False
Delhi,2015-01-11,379.0,False,205.41,False,47.29,False
Delhi,2015-01-12,375.0,False,212.41,False,44.71,False
Delhi,2015-01-13,366.0,False,197.61,False,45.88,False
Delhi,2015-01-14,353.0,False,164.39,False,41.17,False
Delhi,2015-01-15,340.0,False,166.19,False,56.7,False
Delhi,2015-01-16,356.0,False,174.98,False,49.41,False
Delhi,2015-01-17,360.0,False,196.46,False,53.04,False
Delhi,2015-01-18,370.0,False,201.51,False,53.77,False
Delhi,2015-01-19,362.0,False,183.35,False,39.88,False
Delhi,2015-01-20,340.0,False,165.63,False,34.23,False
Delhi,2015-01-21,338.0,False,159.54,False,22.56,False
Delhi,2015-01-22,332.0,False,143.68,False,21.82,False
Delhi,2015-01-23,254.0,False,128.73,False,17.35,False
Delhi,2015-01-24,324.0,False,164.98,False,15.77,False
Delhi,2015-01-25,333.0,False,148.59,False,20.83,False
Delhi,2015-01-26,292.0,False,129.34,False,25.66,False
Delhi,2015-01-27,318.0,False,154.2,False,30.39,False
Delhi,2015-01-28,295.0,False,134.6,False,28.6,False
Delhi,2015-01-29,327.0,False,173.13,False,38.34,False
Delhi,2015-01-30,345.0,False,178.04,False,38.43,False
Delhi,2015-01-31,334.0,False,158.59,False,41.36,False
Delhi,2015-02-01,358.0,False,211.59,False,58.17,False
Delhi,2015-02-02,349.0,False,163.64,False,37.25,False
Delhi,2015-02-03,334.0,False,157.71,False,31.05,False
Delhi,2015-02-04,313.0,False,137.26,False,29.69,False
Delhi,2015-02-05,262.0,False,131.76,False,36.51,False
Delhi,2015-02-06,303.0,False,151.6,False,67.0,False
Delhi,2015-02-07,329.0,False,160.75,False,57.69,False
Delhi,2015-02-08,323.0,False,145.34,False,50.39,False
Delhi,2015-02-09,266.0,False,134.67,False,39.18,False
Delhi,2015-02-10,319.0,False,153.07,False,42.2,False
Delhi,2015-02-11,334.0,False,116.91,False,53.63,False
Delhi,2015-02-12,342.0,False,177.98,False,42.73,False
Delhi,2015-02-13,341.0,False,167.01,False,44.61,False
Delhi,2015-02-14,377.0,False,193.96,False,53.81,False
Delhi,2015-02-15,391.0,False,184.06,False,58.15,False
Delhi,2015-02-16,358.0,False,152.62,False,44.22,False
Delhi,2015-02-17,327.0,False,161.27,False,25.4,False
Delhi,2015-02-18,365.0,False,188.2,False,60.29,False
Delhi,2015-02-19,352.0,False,159.97,False,40.51,False
Delhi,2015-02-20,317.0,False,144.12,False,34.71,False
Delhi,2015-02-21,320.0,False,155.38,False,45.11,False
Delhi,2015-02-22,279.0,False,124.1,False,31.83,False
Delhi,2015-02-23,281.0,False,141.39,False,38.23,False
Delhi,2015-02-24,354.0,False,170.16,False,48.4,False
Delhi,2015-02-25,340.0,False,148.19,False,29.28,False
Delhi,2015-02-26,323.0,False,140.78,False,20.95,False
Delhi,2015-02-27,315.0,False,130.42,False,24.75,False
Delhi,2015-02-28,310.0,False,105.86,False,20.65,False
Delhi,2015-03-01,324.0,False,71.83,False,21.42,False
Delhi,2015-03-02,226.0,False,53.71,False,13.43,False
Delhi,2015-03-03,266.0,False,83.49,False,23.75,False
Delhi,2015-03-04,200.0,False,91.07,False,24.28,False
Delhi,2015-03-05,275.0,False,106.57,False,31.12,False
Delhi,2015-03-06,322.0,False,101.75,False,26.59,False
Delhi,2015-03-07,216.0,False,77.57,False,19.15,False
Delhi,2015-03-08,108.0,False,63.24,False,20.35,False
Delhi,2015-03-09,197.0,False,76.62,False,18.21,False
Delhi,2015-03-10,238.0,False,86.7,False,18.82,False
Delhi,2015-03-11,274.0,False,104.29,False,25.63,False
Delhi,2015-03-12,315.0,False,115.93,False,32.29,False
Delhi,2015-03-13,307.0,False,108.66,False,30.75,False
Delhi,2015-03-14,208.0,False,67.94,False,29.78,False
Delhi,2015-03-15,165.0,False,38.89,False,17.76,False
Delhi,2015-03-16,188.0,False,45.39,False,17.14,False
Delhi,2015-03-17,217.0,False,55.55,False,20.96,False
Delhi,2015-03-18,191.0,False,50.59,False,16.6,False
Delhi,2015-03-19,240.0,False,69.51,False,23.77,False
Delhi,2015-03-20,229.0,False,96.62,False,29.04,False
Delhi,2015-03-21,248.0,False,96.28,False,29.21,False
Delhi,2015-03-22,204.0,False,72.2,False,20.27,False
Delhi,2015-03-23,271.0,False,78.47,False,23.04,False
Delhi,2015-03-24,290.0,False,91.87,False,30.01,False
Delhi,2015-03-25,340.0,False,107.26,False,33.82,False
Delhi,2015-03-26,358.0,False,109.78,False,33.02,False
Delhi,2015-03-27,287.0,False,62.27,False,24.76,False
Delhi,2015-03-28,323.0,False,102.22,False,29.41,False
Delhi,2015-03-29,360.0,False,104.36,False,33.86,False
Delhi,2015-03-30,268.0,False,44.19,False,17.6,False
Delhi,2015-03-31,283.0,False,55.66,False,20.13,False
Delhi,2015-04-01,309.0,False,112.86,False,32.71,False
Delhi,2015-04-02,249.0,False,78.51,False,20.54,False
Delhi,2015-04-03,245.0,False,66.52,False,18.47,False
Delhi,2015-04-04,229.0,False,62.56,False,24.96,False
Delhi,2015-04-05,234.0,False,78.61,False,27.75,False
Delhi,2015-04-06,343.0,False,119.7,False,32.83,False
Delhi,2015-04-07,262.0,False,66.09,False,24.47,False
Delhi,2015-04-08,308.0,False,95.34,False,34.72,False
Delhi,2015-04-09,293.0,False,63.57,False,35.15,False
Delhi,2015-04-10,290.0,False,96.56,False,52.77,False
Delhi,2015-04-11,375.0,False,131.39,False,59.52,False
Delhi,2015-04-12,293.0,False,75.35,False,45.3,False
Delhi,2015-04-13,247.0,False,86.49,False,50.3,False
Delhi,2015-04-14,232.0,False,77.07,False,42.65,False
Delhi,2015-04-15,316.0,False,98.79,False,47.41,False
Delhi,2015-04-16,295.0,False,81.81,False,44.06,False
Delhi,2015-04-17,246.0,False,65.78,False,40.09,False
Delhi,2015-04-18,378.0,False,119.82,False,51.11,False
Delhi,2015-04-19,406.0,False,125.53,False,64.73,False
Delhi,2015-04-20,392.0,False,121.51,False,60.41,False
Delhi,2015-04-21,391.0,False,114.5,False,50.7,False
Delhi,2015-04-22,368.0,False,101.83,False,55.27,False
Delhi,2015-04-23,365.0,False,118.57,False,76.46,False
Delhi,2015-04-24,383.0,False,143.22,False,88.61,False
Delhi,2015-04-25,367.0,False,106.76,False,58.87,False
Delhi,2015-04-26,334.0,False,65.36,False,31.23,False
Delhi,2015-04-27,258.0,False,67.08,False,35.54,False
Delhi,2015-04-28,234.0,False,81.37,False,34.88,False
Delhi,2015-04-29,257.0,False,63.76,False,42.98,False
Delhi,2015-04-30,259.0,False,60.56,False,43.9,False
Delhi,2015-05-01,279.0,False,76.1,False,42.99,False
Delhi,2015-05-02,312.0,False,72.66,False,62.09,False
Delhi,2015-05-03,372.0,False,121.94,False,83.3,False
Delhi,2015-05-04,387.0,False,108.98,False,85.5,False
Delhi,2015-05-05,408.0,False,145.99,False,107.85,False
Delhi,2015-05-06,398.0,False,171.33,False,87.88,False
Delhi,2015-05-07,403.0,False,117.76,False,63.18,False
Delhi,2015-05-08,361.0,False,90.66,False,56.54,False
Delhi,2015-05-09,378.0,False,106.4,False,63.57,False
Delhi,2015-05-10,381.0,False,101.21,False,57.51,False
Delhi,2015-05-11,388.0,False,97.57,False,42.7,False
Delhi,2015-05-12,346.0,False,96.34,False,43.04,False
Delhi,2015-05-13,328.0,False,83.42,False,48.61,False
Delhi,2015-05-14,291.0,False,78.06,False,42.22,False
Delhi,2015-05-15,396.0,False,97.87,False,63.55,False
Delhi,2015-05-16,297.0,False,77.52,False,75.5,False
Delhi,2015-05-17,345.0,False,97.16,False,57.63,False
Delhi,2015-05-18,296.0,False,66.85,False,47.64,False
Delhi,2015-05-19,319.0,False,89.85,False,75.47,False
Delhi,2015-05-20,282.0,False,67.41,False,52.69,False
Delhi,2015-05-21,352.0,False,75.54,False,53.03,False
Delhi,2015-05-22,338.0,False,67.91,False,56.84,False
Delhi,2015-05-23,321.0,False,69.02,False,52.79,False
Delhi,2015-05-24,295.0,False,79.1,False,56.29,False
Delhi,2015-05-25,344.0,False,117.27,False,60.65,False
Delhi,2015-05-26,337.0,False,96.09,False,51.77,False
Delhi,2015-05-27,355.0,False,84.71,False,70.43,False
Delhi,2015-05-28,371.0,False,182.76,False,72.67,False
Delhi,2015-05-29,414.0,False,106.61,False,64.94,False
Delhi,2015-05-30,366.0,False,92.68,False,65.26,False
Delhi,2015-05-31,346.0,False,73.62,False,41.86,False
Delhi,2015-06-01,289.0,False,49.42,False,48.55,False
Delhi,2015-06-02,297.0,False,52.51,False,54.29,False
Delhi,2015-06-03,268.0,False,65.28,False,65.25,False
Delhi,2015-06-04,259.0,False,85.45,False,62.38,False
Delhi,2015-06-05,327.0,False,83.02,False,62.63,False
Delhi,2015-06-06,384.0,False,44.54,False,46.37,False
Delhi,2015-06-07,299.0,False,85.03,False,77.07,False
Delhi,2015-06-08,282.0,False,137.7,False,109.34,False
Delhi,2015-06-09,442.0,False,136.05,False,76.88,False
Delhi,2015-06-10,309.0,False,63.77,False,31.27,False
Delhi,2015-06-11,270.0,False,115.57,False,32.99,False
Delhi,2015-06-12,239.0,False,83.29,False,36.36,False
Delhi,2015-06-13,214.0,False,73.7,False,52.9,False
Delhi,2015-06-14,166.0,False,74.56,False,68.76,False
Delhi,2015-06-15,234.0,False,106.11,False,72.79,False
Delhi,2015-06-16,331.0,False,132.21,False,81.57,False
Delhi,2015-06-17,327.0,False,123.56,False,70.96,False
Delhi,2015-06-18,313.0,False,132.21,False,94.25,False
Delhi,2015-06-19,284.0,False,110.65,False,65.21,False
Delhi,2015-06-20,239.0,False,80.31,False,52.7,False
Delhi,2015-06-21,149.0,False,59.73,False,50.78,False
Delhi,2015-06-22,172.0,False,85.4,False,58.88,False
Delhi,2015-06-23,226.0,False,101.99,False,61.18,False
Delhi,2015-06-24,261.0,False,126.07,False,60.31,False
Delhi,2015-06-25,188.0,False,37.59,False,44.72,False
Delhi,2015-06-26,192.0,False,76.0,False,46.88,False
Delhi,2015-06-27,207.0,False,69.46,False,38.55,False
Delhi,2015-06-28,219.0,False,79.84,False,47.19,False
Delhi,2015-06-29,193.0,False,48.5,False,38.37,False
Delhi,2015-06-30,170.0,False,53.79,False,46.06,False
Delhi,2015-07-01,185.0,False,57.99,False,49.64,False
Delhi,2015-07-02,220.0,False,67.12,False,52.45,False
Delhi,2015-07-03,225.0,False,65.25,False,37.09,False
Delhi,2015-07-04,250.0,False,88.75,False,35.54,False
Delhi,2015-07-05,282.0,False,135.92,False,36.89,False
Delhi,2015-07-06,298.0,False,60.27,False,44.07,False
Delhi,2015-07-07,175.0,False,52.2,False,51.7,False
Delhi,2015-07-08,217.0,False,67.92,False,52.69,False
Delhi,2015-07-09,234.0,False,65.95,False,53.39,False
Delhi,2015-07-10,188.0,False,47.68,False,46.71,False
Delhi,2015-07-11,253.0,False,29.08,False,51.39,False
Delhi,2015-07-12,198.0,False,32.29,False,32.77,False
Delhi,2015-07-13,148.0,False,36.68,False,37.71,False
Delhi,2015-07-14,141.0,False,44.48,False,43.46,False
Delhi,2015-07-15,218.0,False,63.79,False,38.05,False
Delhi,2015-07-16,268.0,False,77.2,False,36.72,False
Delhi,2015-07-17,232.0,False,77.99,False,42.07,False
Delhi,2015-07-18,204.0,False,71.11,False,48.79,False
Delhi,2015-07-19,220.0,False,67.39,False,52.87,False
Delhi,2015-07-20,223.0,False,49.58,False,62.37,False
Delhi,2015-07-21,218.0,False,40.97,False,46.3,False
Delhi,2015-07-22,165.0,False,38.97,False,41.41,False
Delhi,2015-07-23,155.0,False,34.02,False,39.98,False
Delhi,2015-07-24,154.0,False,46.13,False,43.99,False
Delhi,2015-07-25,184.0,False,46.01,False,42.86,False
Delhi,2015-07-26,150.0,False,29.81,False,30.66,False
Delhi,2015-07-27,125.0,False,22.82,False,33.21,False
Delhi,2015-07-28,160.0,False,24.69,False,40.25,False
Delhi,2015-07-29,142.0,False,29.04,False,35.69,False
Delhi,2015-07-30,181.0,False,25.76,False,32.96,False
Delhi,2015-07-31,196.0,False,37.85,False,35.9,False
Delhi,2015-08-01,181.0,False,41.32,False,35.14,False
Delhi,2015-08-02,213.0,False,47.81,False,37.96,False
Delhi,2015-08-03,175.0,False,56.02,False,40.17,False
Delhi,2015-08-04,184.0,False,54.46,False,46.74,False
Delhi,2015-08-05,228.0,False,59.13,False,52.78,False
Delhi,2015-08-06,214.0,False,65.47,False,52.51,False
Delhi,2015-08-07,254.0,False,64.58,False,48.24,False
Delhi,2015-08-08,258.0,False,70.05,False,50.51,False
Delhi,2015-08-09,244.0,False,55.51,False,39.47,False
Delhi,2015-08-10,209.0,False,82.27,False,45.46,False
Delhi,2015-08-11,283.0,False,77.04,False,49.43,False
Delhi,2015-08-12,223.0,False,52.45,False,45.71,False
Delhi,2015-08-13,205.0,False,61.66,False,52.76,False
Delhi,2015-08-14,252.0,False,65.67,False,50.96,False
Delhi,2015-08-15,198.0,False,51.4,False,44.4,False
Delhi,2015-08-16,197.0,False,55.71,False,48.39,False
Delhi,2015-08-17,184.0,False,61.84,False,44.41,False
Delhi,2015-08-18,197.0,False,60.65,False,56.15,False
Delhi,2015-08-19,140.0,False,34.42,False,36.47,False
Delhi,2015-08-20,232.0,False,40.83,False,32.0,False
Delhi,2015-08-21,271.0,False,50.97,False,35.87,False
Delhi,2015-08-22,207.0,False,46.74,False,40.28,False
Delhi,2015-08-23,127.0,False,44.67,False,33.76,False
Delhi,2015-08-24,123.0,False,37.39,False,44.61,False
Delhi,2015-08-25,175.0,False,52.06,False,39.88,False
Delhi,2015-08-26,245.0,False,57.52,False,37.85,False
Delhi,2015-08-27,248.0,False,61.47,False,40.41,False
Delhi,2015-08-28,247.0,False,77.76,False,50.74,False
Delhi,2015-08-29,292.0,False,68.53,False,49.3,False
Delhi,2015-08-30,266.0,False,57.85,False,39.84,False
Delhi,2015-08-31,288.0,False,51.67,False,32.53,False
Delhi,2015-09-01,210.0,False,73.78,False,27.42,False
Delhi,2015-09-02,298.0,False,97.63,False,29.16,False
Delhi,2015-09-03,315.0,False,99.5,False,35.31,False
Delhi,2015-09-04,368.0,False,97.31,False,41.7,False
Delhi,2015-09-05,266.0,False,76.43,False,29.5,False
Delhi,2015-09-06,174.0,False,61.69,False,27.81,False
Delhi,2015-09-07,199.0,False,55.19,False,35.49,False
Delhi,2015-09-08,217.0,False,63.79,False,38.36,False
Delhi,2015-09-09,238.0,False,58.48,False,36.2,False
Delhi,2015-09-10,230.0,False,60.29,False,42.1,False
Delhi,2015-09-11,218.0,False,67.35,False,46.81,False
Delhi,2015-09-12,226.0,False,87.55,False,54.45,False
Delhi,2015-09-13,202.0,False,84.57,False,45.36,False
Delhi,2015-09-14,274.0,False,111.58,False,60.71,False
Delhi,2015-09-15,289.0,False,108.78,False,56.31,False
Delhi,2015-09-16,235.0,False,91.18,False,46.44,False
Delhi,2015-09-17,285.0,False,104.85,False,60.96,False
Delhi,2015-09-18,209.0,False,56.19,False,43.3,False
Delhi,2015-09-19,132.0,False,67.62,False,49.83,False
Delhi,2015-09-20,179.0,False,64.38,False,62.73,False
Delhi,2015-09-21,136.0,False,45.65,False,62.69,False
Delhi,2015-09-22,104.0,False,35.75,False,38.78,False
Delhi,2015-09-23,95.0,False,34.89,False,31.17,False
Delhi,2015-09-24,175.0,False,63.06,False,39.16,False
Delhi,2015-09-25,290.0,False,82.39,False,45.09,False
Delhi,2015-09-26,282.0,False,88.08,False,45.96,False
Delhi,2015-09-27,298.0,False,89.75,False,44.13,False
Delhi,2015-09-28,240.0,False,69.57,False,43.41,False
Delhi,2015-09-29,188.0,False,68.34,False,48.19,False
Delhi,2015-09-30,187.0,False,61.08,False,42.91,False
Delhi,2015-10-01,230.0,False,85.7,False,54.68,False
Delhi,2015-10-02,286.0,False,97.62,False,52.53,False
Delhi,2015-10-03,266.0,False,103.58,False,54.93,False
Delhi,2015-10-04,369.0,False,145.97,False,62.84,False
Delhi,2015-10-05,375.0,False,180.52,False,75.42,False
Delhi,2015-10-06,411.0,False,151.57,False,65.07,False
Delhi,2015-10-07,383.0,False,144.04,False,57.05,False
Delhi,2015-10-08,388.0,False,148.44,False,58.32,False
Delhi,2015-10-09,351.0,False,130.22,False,65.15,False
Delhi,2015-10-10,320.0,False,147.71,False,61.29,False
Delhi,2015-10-11,296.0,False,111.34,False,51.83,False
Delhi,2015-10-12,312.0,False,100.7,False,52.92,False
Delhi,2015-10-13,260.0,False,97.67,False,48.92,False
Delhi,2015-10-14,204.0,False,75.81,False,43.47,False
Delhi,2015-10-15,218.0,False,95.24,False,60.8,False
Delhi,2015-10-16,356.0,False,148.29,False,68.24,False
Delhi,2015-10-17,388.0,False,90.66,False,20.29,False
Delhi,2015-10-18,298.0,False,156.71,False,41.09,False
Delhi,2015-10-19,392.0,False,170.28,False,61.67,False
Delhi,2015-10-20,428.0,False,198.1,False,74.62,False
Delhi,2015-10-21,384.0,False,158.04,False,46.9,False
Delhi,2015-10-22,292.0,False,116.98,False,32.96,False
Delhi,2015-10-23,343.0,False,143.73,False,67.38,False
Delhi,2015-10-24,383.0,False,169.22,False,71.38,False
Delhi,2015-10-25,374.0,False,147.65,False,56.46,False
Delhi,2015-10-26,263.0,False,101.61,False,47.8,False
Delhi,2015-10-27,334.0,False,113.2,False,49.25,False
Delhi,2015-10-28,333.0,False,112.89,False,43.78,False
Delhi,2015-10-29,262.0,False,95.72,False,57.74,False
Delhi,2015-10-30,236.0,False,108.4,False,42.63,False
Delhi,2015-10-31,340.0,False,245.97,False,35.11,False
Delhi,2015-11-01,415.0,False,277.53,False,60.17,False
Delhi,2015-11-02,420.0,False,232.4,False,68.4,False
Delhi,2015-11-03,407.0,False,244.78,False,82.74,False
Delhi,2015-11-04,454.0,False,293.49,False,87.47,False
Delhi,2015-11-05,388.0,False,161.78,False,63.78,False
Delhi,2015-11-06,276.0,False,153.33,False,58.13,False
Delhi,2015-11-07,483.0,False,353.86,False,86.59,False
Delhi,2015-11-08,451.0,False,217.55,False,75.98,False
Delhi,2015-11-09,378.0,False,201.44,False,79.2,False
Delhi,2015-11-10,439.0,False,249.95,False,84.89,False
Delhi,2015-11-11,431.0,False,219.68,False,55.72,False
Delhi,2015-11-12,421.0,False,258.48,False,54.69,False
Delhi,2015-11-13,454.0,False,291.66,False,61.66,False
Delhi,2015-11-14,450.0,False,221.68,False,60.05,False
Delhi,2015-11-15,367.0,False,214.24,False,83.62,False
Delhi,2015-11-16,383.0,False,184.02,False,85.03,False
Delhi,2015-11-17,347.0,False,136.22,False,57.11,False
Delhi,2015-11-18,369.0,False,188.09,False,74.39,False
Delhi,2015-11-19,392.0,False,238.69,False,96.62,False
Delhi,2015-11-20,455.0,False,271.42,False,101.44,False
Delhi,2015-11-21,450.0,False,293.73,False,97.76,False
Delhi,2015-11-22,478.0,False,247.27,False,92.32,False
Delhi,2015-11-23,431.0,False,266.95,False,105.29,False
Delhi,2015-11-24,440.0,False,241.61,False,88.74,False
Delhi,2015-11-25,376.0,False,149.14,False,54.63,False
Delhi,2015-11-26,347.0,False,182.5,False,69.29,False
Delhi,2015-11-27,343.0,False,193.58,False,71.35,False
Delhi,2015-11-28,362.0,False,172.89,False,47.21,False
Delhi,2015-11-29,319.0,False,190.46,False,51.84,False
Delhi,2015-11-30,425.0,False,282.76,False,78.48,False
Delhi,2015-12-01,400.0,False,183.28,False,83.03,False
Delhi,2015-12-02,386.0,False,170.74,False,95.99,False
Delhi,2015-12-03,385.0,False,190.14,False,92.91,False
Delhi,2015-12-04,392.0,False,186.64,False,79.52,False
Delhi,2015-12-05,428.0,False,282.01,False,121.11,False
Delhi,2015-12-06,394.0,False,218.22,False,113.45,False
Delhi,2015-12-07,440.0,False,249.8,False,103.77,False
Delhi,2015-12-08,437.0,False,283.59,False,140.09,False
Delhi,2015-12-09,431.0,False,250.69,False,93.99,False
Delhi,2015-12-10,383.0,False,211.95,False,78.05,False
Delhi,2015-12-11,377.0,False,198.38,False,64.21,False
Delhi,2015-12-12,379.0,False,184.12,False,55.01,False
Delhi,2015-12-13,333.0,False,135.42,False,63.9,False
Delhi,2015-12-14,314.0,False,118.6,False,59.09,False
Delhi,2015-12-15,174.0,False,88.3,False,40.52,False
Delhi,2015-12-16,244.0,False,111.45,False,34.44,False
Delhi,2015-12-17,308.0,False,152.24,False,23.07,False
Delhi,2015-12-18,320.0,False,136.75,False,25.24,False
Delhi,2015-12-19,270.0,False,114.35,False,26.84,False
Delhi,2015-12-20,320.0,False,181.67,False,111.18,False
Delhi,2015-12-21,313.0,False,135.78,False,78.99,False
Delhi,2015-12-22,326.0,False,204.72,False,136.15,False
Delhi,2015-12-23,459.0,False,321.52,False,102.69,False
Delhi,2015-12-24,314.0,False,129.08,False,55.01,False
Delhi,2015-12-25,304.0,False,132.56,False,71.91,False
Delhi,2015-12-26,310.0,False,158.69,False,88.96,False
Delhi,2015-12-27,370.0,False,187.01,False,90.57,False
Delhi,2015-12-28,328.0,False,148.77,False,75.69,False
Delhi,2015-12-29,331.0,False,159.67,False,73.11,False
Delhi,2015-12-30,412.0,False,233.97,False,87.4,False
Delhi,2015-12-31,433.0,False,240.97,False,72.93,False
Delhi,2016-01-01,463.0,False,295.71,False,94.04,False
Delhi,2016-01-02,465.0,False,239.21,False,81.22,False
Delhi,2016-01-03,426.0,False,270.1,False,76.67,False
Delhi,2016-01-04,496.0,False,339.8,False,133.95,False
Delhi,2016-01-05,528.0,False,318.1,False,118.81,False
Delhi,2016-01-06,538.0,False,305.51,False,103.78,False
Delhi,2016-01-07,535.0,False,391.54,False,96.36,False
Delhi,2016-01-08,603.0,False,339.87,False,67.85,False
Delhi,2016-01-09,408.0,False,158.43,False,60.63,False
Delhi,2016-01-10,368.0,False,183.24,False,68.86,False
Delhi,2016-01-11,404.0,False,227.13,False,76.4,False
Delhi,2016-01-12,444.0,False,195.21,False,78.61,False
Delhi,2016-01-13,356.0,False,248.59,False,73.18,False
Delhi,2016-01-14,397.0,False,196.87,False,55.91,False
Delhi,2016-01-15,371.0,False,178.8,False,45.85,False
Delhi,2016-01-16,311.0,False,138.86,False,41.92,False
Delhi,2016-01-17,321.0,False,179.48,False,58.56,False
Delhi,2016-01-18,424.0,False,269.05,False,78.22,False
Delhi,2016-01-19,435.0,False,278.2,False,61.04,False
Delhi,2016-01-20,455.0,False,272.1,False,56.67,False
Delhi,2016-01-21,398.0,False,196.83,False,52.83,False
Delhi,2016-01-22,399.0,False,290.66,False,73.9,False
Delhi,2016-01-23,469.0,False,294.3,False,78.21,False
Delhi,2016-01-24,488.0,False,303.5,False,64.55,False
Delhi,2016-01-25,401.0,False,217.05,False,66.89,False
Delhi,2016-01-26,446.0,False,308.75,False,80.14,False
Delhi,2016-01-27,456.0,False,255.94,False,87.93,False
Delhi,2016-01-28,451.0,False,283.03,False,90.45,False
Delhi,2016-01-29,501.0,False,311.08,False,117.07,False
Delhi,2016-01-30,505.0,False,285.83,False,111.19,False
Delhi,2016-01-31,437.0,False,242.05,False,46.17,False
Delhi,2016-02-01,305.0,False,121.4,False,60.12,False
Delhi,2016-02-02,292.0,False,135.31,False,63.6,False
Delhi,2016-02-03,306.0,False,136.87,False,61.81,False
Delhi,2016-02-04,300.0,False,130.76,False,67.45,False
Delhi,2016-02-05,371.0,False,206.72,False,86.15,False
Delhi,2016-02-06,408.0,False,224.94,False,85.86,False
Delhi,2016-02-07,343.0,False,170.45,False,72.61,False
Delhi,2016-02-08,301.0,False,119.57,False,57.0,False
Delhi,2016-02-09,322.0,False,181.76,False,65.45,False
Delhi,2016-02-10,368.0,False,216.55,False,81.98,False
Delhi,2016-02-11,349.0,False,150.0,False,70.99,False
Delhi,2016-02-12,334.0,False,146.03,False,79.43,False
Delhi,2016-02-13,333.0,False,110.89,False,56.05,False
Delhi,2016-02-14,257.0,False,103.57,False,61.73,False
Delhi,2016-02-15,265.0,False,115.7,False,66.8,False
Delhi,2016-02-16,297.0,False,123.22,False,65.75,False
Delhi,2016-02-17,289.0,False,135.38,False,80.76,False
Delhi,2016-02-18,310.0,False,148.75,False,76.11,False
Delhi,2016-02-19,366.0,False,207.1,False,66.45,False
Delhi,2016-02-20,345.0,False,150.89,False,47.72,False
Delhi,2016-02-21,228.0,False,76.12,False,30.51,False
Delhi,2016-02-22,213.0,False,88.73,False,41.47,False
Delhi,2016-02-23,208.0,False,86.17,False,56.77,False
Delhi,2016-02-24,319.0,False,177.64,False,117.04,False
Delhi,2016-02-25,315.0,False,131.69,False,81.93,False
Delhi,2016-02-26,293.0,False,129.66,False,76.82,False
Delhi,2016-02-27,342.0,False,144.98,False,86.59,False
Delhi,2016-02-28,338.0,False,163.92,False,76.43,False
Delhi,2016-02-29,344.0,False,170.12,False,76.4,False
Delhi,2016-03-01,370.0,False,213.62,False,102.02,False
Delhi,2016-03-02,365.0,False,175.63,False,102.23,False
Delhi,2016-03-03,348.0,False,165.22,False,100.71,False
Delhi,2016-03-04,312.0,False,115.55,False,60.47,False
Delhi,2016-03-05,214.0,False,53.0,False,48.15,False
Delhi,2016-03-06,165.0,False,47.43,False,55.78,False
Delhi,2016-03-07,218.0,False,98.61,False,54.69,False
Delhi,2016-03-08,230.0,False,84.42,False,43.9,False
Delhi,2016-03-09,248.0,False,109.16,False,49.75,False
Delhi,2016-03-10,276.0,False,129.9,False,60.19,False
Delhi,2016-03-11,213.0,False,85.76,False,30.44,False
Delhi,2016-03-12,127.0,False,60.17,False,15.89,False
Delhi,2016-03-13,112.0,False,58.95,False,10.63,False
Delhi,2016-03-14,111.0,False,51.82,False,38.11,False
Delhi,2016-03-15,193.0,False,81.32,False,34.54,False
Delhi,2016-03-16,123.0,False,67.63,False,36.61,False
Delhi,2016-03-17,194.0,False,70.86,False,65.89,False
Delhi,2016-03-18,186.0,False,72.47,False,64.64,False
Delhi,2016-03-19,242.0,False,103.73,False,77.89,False
Delhi,2016-03-20,267.0,False,95.52,False,57.84,False
Delhi,2016-03-21,207.0,False,58.4,False,36.37,False
Delhi,2016-03-22,176.0,False,47.43,False,31.12,False
Delhi,2016-03-23,189.0,False,80.01,False,50.45,False
Delhi,2016-03-24,341.0,False,156.01,False,88.44,False
Delhi,2016-03-25,325.0,False,137.99,False,85.91,False
Delhi,2016-03-26,259.0,False,72.44,False,42.51,False
Delhi,2016-03-27,178.0,False,61.75,False,37.18,False
Delhi,2016-03-28,219.0,False,81.46,False,53.01,False
Delhi,2016-03-29,206.0,False,89.75,False,48.72,False
Delhi,2016-03-30,221.0,False,88.68,False,46.74,False
Delhi,2016-03-31,298.0,False,127.86,False,61.21,False
Delhi,2016-04-01,316.0,False,130.7,False,15.89,False
Delhi,2016-04-02,294.0,False,118.44,False,18.29,False
Delhi,2016-04-03,314.0,False,148.22,False,44.98,False
Delhi,2016-04-04,334.0,False,132.86,False,31.55,False
Delhi,2016-04-05,261.0,False,97.83,False,20.15,False
Delhi,2016-04-06,208.0,False,91.82,False,52.54,False
Delhi,2016-04-07,289.0,False,129.61,False,58.6,False
Delhi,2016-04-08,216.0,False,89.78,False,53.55,False
Delhi,2016-04-09,314.0,False,166.76,False,63.03,False
Delhi,2016-04-10,262.0,False,107.81,False,47.95,False
Delhi,2016-04-11,257.0,False,81.12,False,36.5,False
Delhi,2016-04-12,235.0,False,74.03,False,35.44,False
Delhi,2016-04-13,239.0,False,74.9,False,46.29,False
Delhi,2016-04-14,239.0,False,94.81,False,58.81,False
Delhi,2016-04-15,302.0,False,137.48,False,76.2,False
Delhi,2016-04-16,296.0,False,124.13,False,37.49,False
Delhi,2016-04-17,247.0,False,102.86,False,42.35,False
Delhi,2016-04-18,265.0,False,102.9,False,49.32,False
Delhi,2016-04-19,301.0,False,129.06,False,63.21,False
Delhi,2016-04-20,322.0,False,124.8,False,48.65,False
Delhi,2016-04-21,291.0,False,92.74,False,42.87,False
Delhi,2016-04-22,292.0,False,113.75,False,44.8,False
Delhi,2016-04-23,258.0,False,89.52,False,50.78,False
Delhi,2016-04-24,282.0,False,123.59,False,69.92,False
Delhi,2016-04-25,271.0,False,104.5,False,70.04,False
Delhi,2016-04-26,314.0,False,139.37,False,97.93,False
Delhi,2016-04-27,377.0,False,162.54,False,108.53,False
Delhi,2016-04-28,390.0,False,161.23,False,80.4,False
Delhi,2016-04-29,392.0,False,181.49,False,88.26,False
Delhi,2016-04-30,342.0,False,142.64,False,51.53,False
Delhi,2016-05-01,297.0,False,124.21,False,52.3,False
Delhi,2016-05-02,275.0,False,119.47,False,41.26,False
Delhi,2016-05-03,281.0,False,125.36,False,59.73,False
Delhi,2016-05-04,309.0,False,103.08,False,61.77,False
Delhi,2016-05-05,262.0,False,65.02,False,46.27,False
Delhi,2016-05-06,194.0,False,54.34,False,55.07,False
Delhi,2016-05-07,229.0,False,77.89,False,66.68,False
Delhi,2016-05-08,246.0,False,90.19,False,64.2,False
Delhi,2016-05-09,225.0,False,77.34,False,48.67,False
Delhi,2016-05-10,221.0,False,73.55,False,57.52,False
Delhi,2016-05-11,185.0,False,66.49,False,52.3,False
Delhi,2016-05-12,218.0,False,100.09,False,64.25,False
Delhi,2016-05-13,310.0,False,99.88,False,60.29,False
Delhi,2016-05-14,307.0,False,105.51,False,67.71,False
Delhi,2016-05-15,325.0,False,128.85,False,57.06,False
Delhi,2016-05-16,316.0,False,94.89,False,58.46,False
Delhi,2016-05-17,302.0,False,92.95,False,62.4,False
Delhi,2016-05-18,318.0,False,117.64,False,80.57,False
Delhi,2016-05-19,300.0,False,94.22,False,67.73,False
Delhi,2016-05-20,246.0,False,70.86,False,52.02,False
Delhi,2016-05-21,255.0,False,78.02,False,48.23,False
Delhi,2016-05-22,218.0,False,66.3,False,53.42,False
Delhi,2016-05-23,252.0,False,87.31,False,45.86,False
Delhi,2016-05-24,190.0,False,57.35,False,43.57,False
Delhi,2016-05-25,256.0,False,105.02,False,50.77,False
Delhi,2016-05-26,311.0,False,111.22,False,48.12,False
Delhi,2016-05-27,381.0,False,180.71,False,50.38,False
Delhi,2016-05-28,409.0,False,109.82,False,34.37,False
Delhi,2016-05-29,269.0,False,42.67,False,35.71,False
Delhi,2016-05-30,187.0,False,56.87,False,50.18,False
Delhi,2016-05-31,225.0,False,101.54,False,49.41,False
Delhi,2016-06-01,283.0,False,76.56,False,44.55,False
Delhi,2016-06-02,316.0,False,81.4,False,49.88,False
Delhi,2016-06-03,361.0,False,138.97,False,74.99,False
Delhi,2016-06-04,330.0,False,137.81,False,75.26,False
Delhi,2016-06-05,256.0,False,77.72,False,36.69,False
Delhi,2016-06-06,237.0,False,84.61,False,45.47,False
Delhi,2016-06-07,246.0,False,66.72,False,45.5,False
Delhi,2016-06-08,202.0,False,64.08,False,57.31,False
Delhi,2016-06-09,209.0,False,64.95,False,49.67,False
Delhi,2016-06-10,262.0,False,75.75,False,51.75,False
Delhi,2016-06-11,280.0,False,69.25,False,38.84,False
Delhi,2016-06-12,279.0,False,70.71,False,40.04,False
Delhi,2016-06-13,357.0,False,96.72,False,34.52,False
Delhi,2016-06-14,266.0,False,59.02,False,38.55,False
Delhi,2016-06-15,330.0,False,102.42,False,37.74,False
Delhi,2016-06-16,248.0,False,62.37,False,30.44,False
Delhi,2016-06-17,172.0,False,67.76,False,41.27,False
Delhi,2016-06-18,234.0,False,79.17,False,33.98,False
Delhi,2016-06-19,201.0,False,101.31,False,32.55,False
Delhi,2016-06-20,206.0,False,83.1,False,40.24,False
Delhi,2016-06-21,159.0,False,72.33,False,32.04,False
Delhi,2016-06-22,187.0,False,75.14,False,31.89,False
Delhi,2016-06-23,228.0,False,91.63,False,37.7,False
Delhi,2016-06-24,284.0,False,100.02,False,45.29,False
Delhi,2016-06-25,310.0,False,67.12,False,50.91,False
Delhi,2016-06-26,158.0,False,48.0,False,40.57,False
Delhi,2016-06-27,154.0,False,76.76,False,37.28,False
Delhi,2016-06-28,187.0,False,80.89,False,40.07,False
Delhi,2016-06-29,180.0,False,60.67,False,37.01,False
Delhi,2016-06-30,190.0,False,69.65,False,34.17,False
Delhi,2016-07-01,164.0,False,58.21,False,29.28,False
Delhi,2016-07-02,148.0,False,57.24,False,33.9,False
Delhi,2016-07-03,154.0,False,67.6,False,36.79,False
Delhi,2016-07-04,160.0,False,57.1,False,37.93,False
Delhi,2016-07-05,165.0,False,68.71,False,47.24,False
Delhi,2016-07-06,210.0,False,77.71,False,34.78,False
Delhi,2016-07-07,158.0,False,54.5,False,27.69,False
Delhi,2016-07-08,172.0,False,54.96,False,42.07,False
Delhi,2016-07-09,151.0,False,52.95,False,30.77,False
Delhi,2016-07-10,143.0,False,59.13,False,35.91,False
Delhi,2016-07-11,156.0,False,60.92,False,33.57,False
Delhi,2016-07-12,108.0,False,39.32,False,32.55,False
Delhi,2016-07-13,163.0,False,71.53,False,31.96,False
Delhi,2016-07-14,247.0,False,73.51,False,29.7,False
Delhi,2016-07-15,123.0,False,52.88,False,29.17,False
Delhi,2016-07-16,106.0,False,50.99,False,22.38,False
Delhi,2016-07-17,202.0,False,75.93,False,15.75,False
Delhi,2016-07-18,120.0,False,44.08,False,32.85,False
Delhi,2016-07-19,135.0,False,42.14,False,31.4,False
Delhi,2016-07-20,245.0,False,56.86,False,34.96,False
Delhi,2016-07-21,280.0,False,45.64,False,37.8,False
Delhi,2016-07-22,269.0,False,48.36,False,37.42,False
Delhi,2016-07-23,163.0,False,42.09,False,23.88,False
Delhi,2016-07-24,179.0,True,59.4,False,56.56,False
Delhi,2016-07-25,195.0,False,76.29,False,58.4,False
Delhi,2016-07-26,163.0,False,54.5,False,40.48,False
Delhi,2016-07-27,108.0,False,40.55,False,40.86,False
Delhi,2016-07-28,134.0,False,46.44,False,42.81,False
Delhi,2016-07-29,155.0,False,56.16,False,44.18,False
Delhi,2016-07-30,116.0,False,42.7,False,36.78,False
Delhi,2016-07-31,136.0,False,48.03,False,32.5,False
Delhi,2016-08-01,150.0,False,43.47,False,29.86,False
Delhi,2016-08-02,121.0,False,43.55,False,34.87,False
Delhi,2016-08-03,149.0,False,50.86,False,36.14,False
Delhi,2016-08-04,178.0,False,49.04,False,35.93,False
Delhi,2016-08-05,120.0,False,39.3,False,33.68,False
Delhi,2016-08-06,140.0,False,43.86,False,38.29,False
Delhi,2016-08-07,142.0,False,42.84,False,31.42,False
Delhi,2016-08-08,141.0,False,44.04,False,34.27,False
Delhi,2016-08-09,125.0,False,41.29,False,29.05,False
Delhi,2016-08-10,127.0,False,39.28,False,30.76,False
Delhi,2016-08-11,119.0,False,30.66,False,29.78,False
Delhi,2016-08-12,111.0,False,42.15,False,34.9,False
Delhi,2016-08-13,132.0,False,56.45,False,43.49,False
Delhi,2016-08-14,149.0,False,40.81,False,42.53,False
Delhi,2016-08-15,166.0,False,39.51,False,32.96,False
Delhi,2016-08-16,274.0,False,49.04,False,28.74,False
Delhi,2016-08-17,295.0,False,62.19,False,36.46,False
Delhi,2016-08-18,219.0,False,55.55,False,51.48,False
Delhi,2016-08-19,169.0,False,59.03,False,43.97,False
Delhi,2016-08-20,174.0,False,48.57,False,35.84,False
Delhi,2016-08-21,111.0,False,28.01,False,27.58,False
Delhi,2016-08-22,93.0,False,28.6,False,31.31,False
Delhi,2016-08-23,107.0,False,38.99,False,39.47,False
Delhi,2016-08-24,127.0,False,43.35,False,32.04,False
Delhi,2016-08-25,93.0,False,45.88,False,35.41,False
Delhi,2016-08-26,142.0,False,54.13,False,35.61,False
Delhi,2016-08-27,93.0,False,56.56,False,20.84,False
Delhi,2016-08-28,224.0,False,57.09,False,28.7,False
Delhi,2016-08-29,169.0,False,54.73,False,37.48,False
Delhi,2016-08-30,110.0,False,48.93,False,42.73,False
Delhi,2016-08-31,100.0,False,37.1,False,41.82,False
Delhi,2016-09-01,109.0,False,28.06,False,51.78,False
Delhi,2016-09-02,154.0,False,44.31,False,41.71,False
Delhi,2016-09-03,216.0,False,46.77,False,40.85,False
Delhi,2016-09-04,262.0,False,57.64,False,31.96,False
Delhi,2016-09-05,260.0,False,45.37,False,33.42,False
Delhi,2016-09-06,329.0,False,50.42,False,34.74,False
Delhi,2016-09-07,291.0,False,50.73,False,39.21,False
Delhi,2016-09-08,300.0,False,71.72,False,39.69,False
Delhi,2016-09-09,335.0,False,87.99,False,43.67,False
Delhi,2016-09-10,240.0,False,45.7,False,38.14,False
Delhi,2016-09-11,177.0,False,45.89,False,40.58,False
Delhi,2016-09-12,178.0,False,49.7,False,39.41,False
Delhi,2016-09-13,193.0,False,57.08,False,43.84,False
Delhi,2016-09-14,150.0,False,47.36,False,45.6,False
Delhi,2016-09-15,215.0,False,79.99,False,54.73,False
Delhi,2016-09-16,233.0,False,67.11,False,57.22,False
Delhi,2016-09-17,220.0,False,81.9,False,56.8,False
Delhi,2016-09-18,266.0,False,86.16,False,56.82,False
Delhi,2016-09-19,192.0,False,75.02,False,67.37,False
Delhi,2016-09-20,264.0,False,94.23,False,86.2,False
Delhi,2016-09-21,284.0,False,89.62,False,70.0,False
Delhi,2016-09-22,150.0,False,32.73,False,44.35,False
Delhi,2016-09-23,134.0,False,55.64,False,57.24,False
Delhi,2016-09-24,197.0,False,56.46,False,53.66,False
Delhi,2016-09-25,175.0,False,56.64,False,55.69,False
Delhi,2016-09-26,236.0,False,89.09,False,68.3,False
Delhi,2016-09-27,185.0,False,52.49,False,41.03,False
Delhi,2016-09-28,103.0,False,105.43,False,100.66,False
Delhi,2016-09-29,289.0,False,101.84,False,63.0,False
Delhi,2016-09-30,224.0,False,84.33,False,65.05,False
Delhi,2016-10-01,312.0,False,117.28,False,73.71,False
Delhi,2016-10-02,234.0,False,81.87,False,59.82,False
Delhi,2016-10-03,282.0,False,103.12,False,66.31,False
Delhi,2016-10-04,351.0,False,159.8,False,78.18,False
Delhi,2016-10-05,232.0,False,81.71,False,77.96,False
Delhi,2016-10-06,280.0,False,117.86,False,87.85,False
Delhi,2016-10-07,311.0,False,114.06,False,74.99,False
Delhi,2016-10-08,408.0,False,132.11,False,76.99,False
Delhi,2016-10-09,416.0,False,144.47,False,92.64,False
Delhi,2016-10-10,387.0,False,125.8,False,88.86,False
Delhi,2016-10-11,408.0,False,134.84,False,83.87,False
Delhi,2016-10-12,405.0,False,114.3,False,83.3,False
Delhi,2016-10-13,371.0,False,86.93,False,81.11,False
Delhi,2016-10-14,375.0,False,94.83,False,87.15,False
Delhi,2016-10-15,400.0,False,144.98,False,108.83,False
Delhi,2016-10-16,430.0,False,132.01,False,89.01,False
Delhi,2016-10-17,425.0,False,149.35,False,94.29,False
Delhi,2016-10-18,438.0,False,161.49,False,95.27,False
Delhi,2016-10-19,428.0,False,140.57,False,91.52,False
Delhi,2016-10-20,425.0,False,135.9,False,90.28,False
Delhi,2016-10-21,496.0,False,161.11,False,88.27,False
Delhi,2016-10-22,472.0,False,140.92,False,84.96,False
Delhi,2016-10-23,470.0,False,182.14,False,90.22,False
Delhi,2016-10-24,454.0,False,164.51,False,88.17,False
Delhi,2016-10-25,396.0,False,115.76,False,82.7,False
Delhi,2016-10-26,413.0,False,209.27,False,111.23,False
Delhi,2016-10-27,558.0,False,296.27,False,120.07,False
Delhi,2016-10-28,570.0,False,318.57,False,119.42,False
Delhi,2016-10-29,554.0,False,350.39,False,162.5,False
Delhi,2016-10-30,522.0,False,355.77,False,112.59,False
Delhi,2016-10-31,520.0,False,434.92,False,113.21,False
Delhi,2016-11-01,550.0,False,394.59,False,120.66,False
Delhi,2016-11-02,593.0,False,537.96,False,149.12,False
Delhi,2016-11-03,625.0,False,482.4,False,148.92,False
Delhi,2016-11-04,480.0,False,342.45,False,131.92,False
Delhi,2016-11-05,603.0,False,588.39,False,113.31,False
Delhi,2016-11-06,676.0,False,685.36,False,128.15,False
Delhi,2016-11-07,716.0,False,488.57,False,123.36,False
Delhi,2016-11-08,542.0,False,338.38,False,92.18,False
Delhi,2016-11-09,455.0,False,307.08,False,103.26,False
Delhi,2016-11-10,471.0,False,291.71,False,133.98,False
Delhi,2016-11-11,514.0,False,295.88,False,147.03,False
Delhi,2016-11-12,491.0,False,277.67,False,127.18,False
Delhi,2016-11-13,469.0,False,228.16,False,113.74,False
Delhi,2016-11-14,404.0,False,194.2,False,119.58,False
Delhi,2016-11-15,379.0,False,236.09,False,116.66,False
Delhi,2016-11-16,428.0,False,291.98,False,109.65,False
Delhi,2016-11-17,504.0,False,351.47,False,96.23,False
Delhi,2016-11-18,512.0,False,237.21,False,102.95,False
Delhi,2016-11-19,494.0,False,285.71,False,114.11,False
Delhi,2016-11-20,438.0,False,323.74,False,117.17,False
Delhi,2016-11-21,474.0,False,340.61,False,128.85,False
Delhi,2016-11-22,471.0,False,281.76,False,111.52,False
Delhi,2016-11-23,432.0,False,174.56,False,98.73,False
Delhi,2016-11-24,397.0,False,216.1,False,109.5,False
Delhi,2016-11-25,375.0,False,136.21,False,68.9,False
Delhi,2016-11-26,330.0,False,113.3,False,70.01,False
Delhi,2016-11-27,347.0,False,128.7,False,71.29,False
Delhi,2016-11-28,274.0,False,127.5,False,82.99,False
Delhi,2016-11-29,360.0,False,236.58,False,133.28,False
Delhi,2016-11-30,441.0,False,246.25,False,95.64,False
Delhi,2016-12-01,418.0,False,263.61,False,83.15,False
Delhi,2016-12-02,474.0,False,263.25,False,101.67,False
Delhi,2016-12-03,419.0,False,196.6,False,97.75,False
Delhi,2016-12-04,379.0,False,223.3,False,109.4,False
Delhi,2016-12-05,389.0,False,204.6,False,78.79,False
Delhi,2016-12-06,402.0,False,293.91,False,96.68,False
Delhi,2016-12-07,472.0,False,283.61,False,81.86,False
Delhi,2016-12-08,422.0,False,238.21,False,72.44,False
Delhi,2016-12-09,443.0,False,295.62,False,71.44,False
Delhi,2016-12-10,413.0,False,189.09,False,58.86,False
Delhi,2016-12-11,351.0,False,199.12,False,50.79,False
Delhi,2016-12-12,418.0,False,210.28,False,76.9,False
Delhi,2016-12-13,413.0,False,209.91,False,76.81,False
Delhi,2016-12-14,379.0,False,154.55,False,66.38,False
Delhi,2016-12-15,359.0,False,167.64,False,61.53,False
Delhi,2016-12-16,390.0,False,200.78,False,85.26,False
Delhi,2016-12-17,437.0,False,229.35,False,88.54,False
Delhi,2016-12-18,411.0,False,232.33,False,86.92,False
Delhi,2016-12-19,443.0,False,236.24,False,88.02,False
Delhi,2016-12-20,377.0,False,161.92,False,68.35,False
Delhi,2016-12-21,317.0,False,131.95,False,66.67,False
Delhi,2016-12-22,349.0,False,187.3,False,82.03,False
Delhi,2016-12-23,470.0,False,364.15,False,122.88,False
Delhi,2016-12-24,576.0,False,411.8,False,114.03,False
Delhi,2016-12-25,412.0,False,232.41,False,59.88,False
Delhi,2016-12-26,338.0,False,154.26,False,65.49,False
Delhi,2016-12-27,319.0,False,213.2,False,93.45,False
Delhi,2016-12-28,455.0,False,273.82,False,129.41,False
Delhi,2016-12-29,524.0,False,339.96,False,108.76,False
Delhi,2016-12-30,381.0,False,231.1,False,62.46,False
Delhi,2016-12-31,338.0,False,211.16,False,56.66,False
Delhi,2017-01-01,332.0,False,191.5,False,66.19,False
Delhi,2017-01-02,384.0,False,247.79,False,95.55,False
Delhi,2017-01-03,373.0,False,255.33,False,90.79,False
Delhi,2017-01-04,439.0,False,248.01,False,91.07,False
Delhi,2017-01-05,318.0,False,215.42,False,87.15,False
Delhi,2017-01-06,390.0,False,194.12,False,65.86,False
Delhi,2017-01-07,332.0,False,154.52,False,38.85,False
Delhi,2017-01-08,283.0,False,136.98,False,52.31,False
Delhi,2017-01-09,300.0,False,141.88,False,64.33,False
Delhi,2017-01-10,305.0,False,108.26,False,59.2,False
Delhi,2017-01-11,337.0,False,146.04,False,67.72,False
Delhi,2017-01-12,417.0,False,216.73,False,79.35,False
Delhi,2017-01-13,426.0,False,232.37,False,85.07,False
Delhi,2017-01-14,439.0,False,309.28,False,84.75,False
Delhi,2017-01-15,382.0,False,222.66,False,63.97,False
Delhi,2017-01-16,397.0,False,188.08,False,60.94,False
Delhi,2017-01-17,330.0,False,177.67,False,51.44,False
Delhi,2017-01-18,358.0,False,218.63,False,66.94,False
Delhi,2017-01-19,376.0,False,227.68,False,55.95,False
Delhi,2017-01-20,334.0,False,217.55,False,63.7,False
Delhi,2017-01-21,387.0,False,349.98,False,63.36,False
Delhi,2017-01-22,446.0,False,286.6,False,63.71,False
Delhi,2017-01-23,379.0,False,189.45,False,67.27,False
Delhi,2017-01-24,375.0,False,230.94,False,92.12,False
Delhi,2017-01-25,450.0,False,241.78,False,88.02,False
Delhi,2017-01-26,340.0,False,135.87,False,50.39,False
Delhi,2017-01-27,203.0,False,74.92,False,42.24,False
Delhi,2017-01-28,236.0,False,109.13,False,45.82,False
Delhi,2017-01-29,252.0,False,132.35,False,46.68,False
Delhi,2017-01-30,302.0,False,166.71,False,65.43,False
Delhi,2017-01-31,358.0,False,214.23,False,82.78,False
Delhi,2017-02-01,317.0,False,136.02,False,64.08,False
Delhi,2017-02-02,387.0,False,198.24,False,93.86,False
Delhi,2017-02-03,438.0,False,194.99,False,88.38,False
Delhi,2017-02-04,407.0,False,186.65,False,62.01,False
Delhi,2017-02-05,312.0,False,146.49,False,49.57,False
Delhi,2017-02-06,367.0,False,176.04,False,60.62,False
Delhi,2017-02-07,263.0,False,77.85,False,55.29,False
Delhi,2017-02-08,287.0,False,129.1,False,69.98,False
Delhi,2017-02-09,346.0,False,133.12,False,67.24,False
Delhi,2017-02-10,314.0,False,120.43,False,62.77,False
Delhi,2017-02-11,314.0,False,129.09,False,58.31,False
Delhi,2017-02-12,314.0,False,166.55,False,56.97,False
Delhi,2017-02-13,298.0,False,130.62,False,73.3,False
Delhi,2017-02-14,319.0,False,168.96,False,81.51,False
Delhi,2017-02-15,382.0,False,183.98,False,82.14,False
Delhi,2017-02-16,352.0,False,163.86,False,78.82,False
Delhi,2017-02-17,309.0,False,112.02,False,72.55,False
Delhi,2017-02-18,301.0,False,107.13,False,71.98,False
Delhi,2017-02-19,274.0,False,109.38,False,68.84,False
Delhi,2017-02-20,313.0,False,126.74,False,67.45,False
Delhi,2017-02-21,310.0,False,106.92,False,60.72,False
Delhi,2017-02-22,258.0,False,93.03,False,65.62,False
Delhi,2017-02-23,238.0,False,182.29,False,55.22,False
Delhi,2017-02-24,449.0,False,451.25,False,42.2,False
Delhi,2017-02-25,516.0,False,425.22,False,46.64,False
Delhi,2017-02-26,520.0,False,328.23,False,59.34,False
Delhi,2017-02-27,363.0,False,178.5,False,72.8,False
Delhi,2017-02-28,362.0,False,149.73,False,94.66,False
Delhi,2017-03-01,397.0,False,127.9,False,79.46,False
Delhi,2017-03-02,280.0,False,114.68,False,69.08,False
Delhi,2017-03-03,206.0,False,67.83,False,56.64,False
Delhi,2017-03-04,190.0,False,82.32,False,60.55,False
Delhi,2017-03-05,210.0,False,90.6,False,61.48,False
Delhi,2017-03-06,201.0,False,91.6,False,64.99,False
Delhi,2017-03-07,243.0,False,112.41,False,65.16,False
Delhi,2017-03-08,267.0,False,134.4,False,49.88,False
Delhi,2017-03-09,245.0,False,106.45,False,39.68,False
Delhi,2017-03-10,165.0,False,68.88,False,33.32,False
Delhi,2017-03-11,102.0,False,37.49,False,32.0,False
Delhi,2017-03-12,159.0,False,64.42,False,32.11,False
Delhi,2017-03-13,174.0,False,74.58,False,27.78,False
Delhi,2017-03-14,270.0,False,102.46,False,34.28,False
Delhi,2017-03-15,397.0,False,112.71,False,42.06,False
Delhi,2017-03-16,371.0,False,125.8,False,42.18,False
Delhi,2017-03-17,328.0,False,114.07,False,38.7,False
Delhi,2017-03-18,254.0,False,96.39,False,46.65,False
Delhi,2017-03-19,342.0,False,120.43,False,51.65,False
Delhi,2017-03-20,367.0,False,121.21,False,49.53,False
Delhi,2017-03-21,400.0,False,128.51,False,51.94,False
Delhi,2017-03-22,390.0,False,120.88,False,69.31,False
Delhi,2017-03-23,417.0,False,151.17,False,70.55,False
Delhi,2017-03-24,359.0,False,149.42,False,79.52,False
Delhi,2017-03-25,309.0,False,168.23,False,83.82,False
Delhi,2017-03-26,292.0,False,118.34,False,78.84,False
Delhi,2017-03-27,278.0,False,156.38,False,79.24,False
Delhi,2017-03-28,320.0,False,152.66,False,85.54,False
Delhi,2017-03-29,350.0,False,113.62,False,75.87,False
Delhi,2017-03-30,234.0,False,69.44,False,76.28,False
Delhi,2017-03-31,233.0,False,91.19,False,84.22,False
Delhi,2017-04-01,341.0,False,105.71,False,81.75,False
Delhi,2017-04-02,259.0,False,83.36,False,77.96,False
Delhi,2017-04-03,204.0,False,70.62,False,83.8,False
Delhi,2017-04-04,220.0,False,84.4,False,73.67,False
Delhi,2017-04-05,255.0,False,47.67,False,64.65,False
Delhi,2017-04-06,211.0,False,62.44,False,67.13,False
Delhi,2017-04-07,428.0,False,150.76,False,74.99,False
Delhi,2017-04-08,497.0,False,151.25,False,77.6,False
Delhi,2017-04-09,289.0,False,68.88,False,68.1,False
Delhi,2017-04-10,285.0,False,129.15,False,72.06,False
Delhi,2017-04-11,368.0,False,146.59,False,71.58,False
Delhi,2017-04-12,304.0,False,107.69,False,61.17,False
Delhi,2017-04-13,377.0,False,163.97,False,87.79,False
Delhi,2017-04-14,418.0,False,184.69,False,110.15,False
Delhi,2017-04-15,355.0,False,176.54,False,102.4,False
Delhi,2017-04-16,416.0,False,175.23,False,102.55,False
Delhi,2017-04-17,403.0,False,145.22,False,102.55,False
Delhi,2017-04-18,415.0,False,152.84,False,88.05,False
Delhi,2017-04-19,412.0,False,136.35,False,80.08,False
Delhi,2017-04-20,394.0,False,152.99,False,93.15,False
Delhi,2017-04-21,357.0,False,130.13,False,103.25,False
Delhi,2017-04-22,291.0,False,110.54,False,93.8,False
Delhi,2017-04-23,244.0,False,103.42,False,75.05,False
Delhi,2017-04-24,287.0,False,99.09,False,61.32,False
Delhi,2017-04-25,254.0,False,96.07,False,69.59,False
Delhi,2017-04-26,242.0,False,72.31,False,72.94,False
Delhi,2017-04-27,223.0,False,93.14,False,73.49,False
Delhi,2017-04-28,243.0,False,109.36,False,68.76,False
Delhi,2017-04-29,237.0,False,126.74,False,85.21,False
Delhi,2017-04-30,275.0,False,80.81,False,65.55,False
Delhi,2017-05-01,183.0,False,85.8,False,70.38,False
Delhi,2017-05-02,370.0,False,198.2,False,108.48,False
Delhi,2017-05-03,419.0,False,145.74,False,97.21,False
Delhi,2017-05-04,317.0,False,109.91,False,67.76,False
Delhi,2017-05-05,455.0,False,207.4,False,75.66,False
Delhi,2017-05-06,435.0,False,204.56,False,92.19,False
Delhi,2017-05-07,468.0,False,220.77,False,92.34,False
Delhi,2017-05-08,442.0,False,183.82,False,94.19,False
Delhi,2017-05-09,400.0,False,109.76,False,65.21,False
Delhi,2017-05-10,223.0,False,74.42,False,46.48,False
Delhi,2017-05-11,220.0,False,94.28,False,62.22,False
Delhi,2017-05-12,474.0,False,216.96,False,70.84,False
Delhi,2017-05-13,479.0,False,198.09,False,87.53,False
Delhi,2017-05-14,373.0,False,121.76,False,70.37,False
Delhi,2017-05-15,354.0,False,135.54,False,75.55,False
Delhi,2017-05-16,349.0,False,123.21,False,54.83,False
Delhi,2017-05-17,264.0,False,78.18,False,47.84,False
Delhi,2017-05-18,188.0,False,126.04,False,50.3,False
Delhi,2017-05-19,294.0,False,139.1,False,58.93,False
Delhi,2017-05-20,334.0,False,233.82,False,59.74,False
Delhi,2017-05-21,505.0,False,178.44,False,52.38,False
Delhi,2017-05-22,349.0,False,110.1,False,63.7,False
Delhi,2017-05-23,421.0,False,118.43,False,84.21,False
Delhi,2017-05-24,238.0,False,107.37,False,80.72,False
Delhi,2017-05-25,204.0,False,113.9,False,65.71,False
Delhi,2017-05-26,289.0,False,103.75,False,79.07,False
Delhi,2017-05-27,236.0,False,69.88,False,50.12,False
Delhi,2017-05-28,148.0,False,40.33,False,45.6,False
Delhi,2017-05-29,94.0,False,48.95,False,55.2,False
Delhi,2017-05-30,130.0,False,63.27,False,64.11,False
Delhi,2017-05-31,123.0,False,56.38,False,69.98,False
Delhi,2017-06-01,192.0,False,95.23,False,97.33,False
Delhi,2017-06-02,324.0,False,123.44,False,131.55,False
Delhi,2017-06-03,357.0,False,122.2,False,119.37,False
Delhi,2017-06-04,393.0,False,121.1,False,92.68,False
Delhi,2017-06-05,302.0,False,71.89,False,64.07,False
Delhi,2017-06-06,239.0,False,80.37,False,57.63,False
Delhi,2017-06-07,210.0,False,40.87,False,70.77,False
Delhi,2017-06-08,77.0,False,41.83,False,79.9,False
Delhi,2017-06-09,89.0,False,66.73,False,76.52,False
Delhi,2017-06-10,143.0,False,64.63,False,80.04,False
Delhi,2017-06-11,80.0,False,43.02,False,77.07,False
Delhi,2017-06-12,92.0,False,57.4,False,106.23,False
Delhi,2017-06-13,112.0,False,48.6,False,96.64,False
Delhi,2017-06-14,117.0,False,62.0,False,86.9,False
Delhi,2017-06-15,101.0,False,80.14,False,139.09,False
Delhi,2017-06-16,106.0,False,51.6,False,80.43,False
Delhi,2017-06-17,88.0,False,41.96,False,70.93,False
Delhi,2017-06-18,94.0,False,65.19,False,56.65,False
Delhi,2017-06-19,150.0,False,60.9,False,36.63,False
Delhi,2017-06-20,97.0,False,35.1,False,99.75,False
Delhi,2017-06-21,109.0,False,58.27,False,63.2,False
Delhi,2017-06-22,124.0,False,61.93,False,36.35,False
Delhi,2017-06-23,117.5,True,44.08,False,103.29,False
Delhi,2017-06-24,111.0,False,63.62,False,83.84,False
Delhi,2017-06-25,148.0,False,76.1,False,71.42,False
Delhi,2017-06-26,108.0,False,51.52,False,53.97,False
Delhi,2017-06-27,73.0,False,36.62,False,54.02,False
Delhi,2017-06-28,58.0,False,29.83,False,58.02,False
Delhi,2017-06-29,58.0,False,22.98,False,35.01,False
Delhi,2017-06-30,46.0,False,25.83,False,32.97,False
Delhi,2017-07-01,84.0,False,43.35,False,17.4,False
Delhi,2017-07-02,54.0,False,20.52,False,11.37,False
Delhi,2017-07-03,49.0,False,46.71,False,20.06,False
Delhi,2017-07-04,149.0,False,116.12,False,19.37,False
Delhi,2017-07-05,212.0,False,50.81,False,14.86,False
Delhi,2017-07-06,85.0,False,47.17,False,18.32,False
Delhi,2017-07-07,77.0,False,41.42,False,18.21,False
Delhi,2017-07-08,65.0,False,45.31,False,23.52,False
Delhi,2017-07-09,108.0,False,58.46,False,21.16,False
Delhi,2017-07-10,78.0,False,41.92,False,18.81,False
Delhi,2017-07-11,59.0,False,33.04,False,21.44,False
Delhi,2017-07-12,47.0,False,22.35,False,19.98,False
Delhi,2017-07-13,39.0,False,22.44,False,21.59,False
Delhi,2017-07-14,40.0,False,30.35,False,38.36,False
Delhi,2017-07-15,56.0,False,32.02,False,77.47,False
Delhi,2017-07-16,65.0,False,38.77,False,76.98,False
Delhi,2017-07-17,71.0,False,33.56,False,86.61,False
Delhi,2017-07-18,97.0,False,37.67,False,126.91,False
Delhi,2017-07-19,118.0,False,55.96,False,137.15,False
Delhi,2017-07-20,116.0,False,28.88,False,61.54,False
Delhi,2017-07-21,53.0,False,23.12,False,23.67,False
Delhi,2017-07-22,30.0,False,18.54,False,19.9,False
Delhi,2017-07-23,37.0,False,22.65,False,18.22,False
Delhi,2017-07-24,35.0,False,17.52,False,19.95,False
Delhi,2017-07-25,37.0,False,22.17,False,18.1,False
Delhi,2017-07-26,32.0,False,20.17,False,21.95,False
Delhi,2017-07-27,41.0,False,24.42,False,25.33,False
Delhi,2017-07-28,42.0,False,25.71,False,24.07,False
Delhi,2017-07-29,47.0,False,27.25,False,22.87,False
Delhi,2017-07-30,30.0,False,10.88,False,20.58,False
Delhi,2017-07-31,29.0,False,17.1,False,26.19,False
Delhi,2017-08-01,44.0,False,17.24,False,23.4,False
Delhi,2017-08-02,40.0,False,27.56,False,26.54,False
Delhi,2017-08-03,49.0,False,27.29,False,29.16,False
Delhi,2017-08-04,50.0,False,42.65,False,33.74,False
Delhi,2017-08-05,88.0,False,53.69,False,42.98,False
Delhi,2017-08-06,99.0,False,61.44,False,41.75,False
Delhi,2017-08-07,110.0,False,57.42,False,32.2,False
Delhi,2017-08-08,68.0,False,36.58,False,29.91,False
Delhi,2017-08-09,73.0,False,50.42,False,48.7,False
Delhi,2017-08-10,95.0,False,48.6,False,64.0,False
Delhi,2017-08-11,58.0,False,21.83,False,35.39,False
Delhi,2017-08-12,45.0,False,23.4,True,52.95,True
Delhi,2017-08-13,49.67,True,24.97,True,70.51,True
Delhi,2017-08-14,54.33,True,26.54,False,88.07,False
Delhi,2017-08-15,59.0,False,30.12,False,49.91,False
Delhi,2017-08-16,53.0,False,35.23,False,64.66,False
Delhi,2017-08-17,66.0,False,39.6,False,68.78,False
Delhi,2017-08-18,70.0,False,46.25,False,60.15,False
Delhi,2017-08-19,70.0,False,35.48,False,39.67,False
Delhi,2017-08-20,63.0,False,22.15,False,30.28,False
Delhi,2017-08-21,42.0,False,25.5,False,24.42,False
Delhi,2017-08-22,47.33,True,46.0,False,38.7,False
Delhi,2017-08-23,52.67,True,36.54,False,43.43,False
Delhi,2017-08-24,58.0,False,47.79,False,45.26,False
Delhi,2017-08-25,104.0,False,51.33,False,39.3,False
Delhi,2017-08-26,97.8,True,62.33,False,37.65,False
Delhi,2017-08-27,91.6,True,34.3,False,34.06,False
Delhi,2017-08-28,85.4,True,23.82,False,27.89,False
Delhi,2017-08-29,79.2,True,15.23,False,69.8,False
Delhi,2017-08-30,73.0,False,20.5,False,101.89,False
Delhi,2017-08-31,94.0,False,41.62,False,50.7,False
Delhi,2017-09-01,91.0,False,25.58,False,26.64,False
Delhi,2017-09-02,88.0,False,20.06,False,26.09,False
Delhi,2017-09-03,88.0,False,38.19,False,27.32,False
Delhi,2017-09-04,89.0,False,47.89,False,25.85,False
Delhi,2017-09-05,88.0,False,35.61,False,30.29,False
Delhi,2017-09-06,88.0,False,39.41,False,35.92,False
Delhi,2017-09-07,88.0,False,40.34,False,23.75,False
Delhi,2017-09-08,106.0,False,51.7,False,16.52,False
Delhi,2017-09-09,96.0,False,54.83,False,17.54,False
Delhi,2017-09-10,118.0,False,60.46,False,19.76,False
Delhi,2017-09-11,119.0,False,63.97,False,20.25,False
Delhi,2017-09-12,106.0,False,46.65,False,16.56,False
Delhi,2017-09-13,115.0,False,54.77,False,10.76,False
Delhi,2017-09-14,142.0,False,80.47,False,31.88,False
Delhi,2017-09-15,169.0,False,64.37,False,34.75,False
Delhi,2017-09-16,110.0,False,51.56,False,36.6,False
Delhi,2017-09-17,106.0,False,53.05,False,37.33,False
Delhi,2017-09-18,99.0,False,60.83,False,56.67,False
Delhi,2017-09-19,109.0,False,55.55,False,34.72,False
Delhi,2017-09-20,137.0,False,70.81,False,21.49,False
Delhi,2017-09-21,144.0,False,55.93,False,22.74,False
Delhi,2017-09-22,92.0,False,11.81,False,22.4,False
Delhi,2017-09-23,83.0,False,17.76,False,18.63,False
Delhi,2017-09-24,84.0,False,35.5,False,17.01,False
Delhi,2017-09-25,104.0,False,50.09,False,27.25,False
Delhi,2017-09-26,131.0,False,66.12,False,27.52,False
Delhi,2017-09-27,165.0,False,80.94,False,21.39,False
Delhi,2017-09-28,176.0,False,75.4,False,38.55,False
Delhi,2017-09-29,172.0,False,89.38,False,29.45,False
Delhi,2017-09-30,137.0,False,74.2,False,26.08,False
Delhi,2017-10-01,131.0,False,68.47,False,28.66,False
Delhi,2017-10-02,132.0,False,63.41,False,25.2,False
Delhi,2017-10-03,115.0,False,69.45,False,26.09,False
Delhi,2017-10-04,151.0,False,76.81,False,28.99,False
Delhi,2017-10-05,180.0,False,75.73,False,24.45,False
Delhi,2017-10-06,183.0,False,79.81,False,27.44,False
Delhi,2017-10-07,193.0,False,70.98,False,25.61,False
Delhi,2017-10-08,224.0,False,102.2,False,24.51,False
Delhi,2017-10-09,268.0,False,107.63,False,27.06,False
Delhi,2017-10-10,253.0,False,105.88,False,31.67,False
Delhi,2017-10-11,208.0,False,104.45,False,30.92,False
Delhi,2017-10-12,211.0,False,106.85,False,31.1,False
Delhi,2017-10-13,246.0,False,137.42,False,29.16,False
Delhi,2017-10-14,319.0,False,147.07,False,30.14,False
Delhi,2017-10-15,317.0,False,147.83,False,30.0,False
Delhi,2017-10-16,310.0,False,152.61,False,58.53,False
Delhi,2017-10-17,313.0,False,121.7,False,57.08,False
Delhi,2017-10-18,310.0,False,152.16,False,63.15,False
Delhi,2017-10-19,336.0,False,176.17,False,53.51,False
Delhi,2017-10-20,497.0,False,426.52,False,54.76,False
Delhi,2017-10-21,404.0,False,213.12,False,50.13,False
Delhi,2017-10-22,338.0,False,146.01,False,55.88,False
Delhi,2017-10-23,327.0,False,163.35,False,64.25,False
Delhi,2017-10-24,366.0,False,188.24,False,81.33,False
Delhi,2017-10-25,357.0,False,203.03,False,80.62,False
Delhi,2017-10-26,328.0,False,178.91,False,90.56,False
Delhi,2017-10-27,345.0,False,167.54,False,65.44,False
Delhi,2017-10-28,379.0,False,198.37,False,84.45,False
Delhi,2017-10-29,362.0,False,187.82,False,60.61,False
Delhi,2017-10-30,340.0,False,196.37,False,69.51,False
Delhi,2017-10-31,366.0,False,211.64,False,53.08,False
Delhi,2017-11-01,344.0,False,179.17,False,46.83,False
Delhi,2017-11-02,305.0,False,160.69,False,47.7,False
Delhi,2017-11-03,310.0,False,168.16,False,46.49,False
Delhi,2017-11-04,345.0,False,190.33,False,47.28,False
Delhi,2017-11-05,370.0,False,209.61,False,60.56,False
Delhi,2017-11-06,377.0,False,216.53,False,57.27,False
Delhi,2017-11-07,532.0,False,517.93,False,65.17,False
Delhi,2017-11-08,675.0,False,639.19,False,77.51,False
Delhi,2017-11-09,677.0,False,495.9,False,81.67,False
Delhi,2017-11-10,597.0,False,370.73,False,80.73,False
Delhi,2017-11-11,471.0,False,363.77,False,78.61,False
Delhi,2017-11-12,613.0,False,465.08,False,70.1,False
Delhi,2017-11-13,561.0,False,354.56,False,65.77,False
Delhi,2017-11-14,444.0,False,254.36,False,56.46,False
Delhi,2017-11-15,378.0,False,192.04,False,57.85,False
Delhi,2017-11-16,357.0,False,191.57,False,53.86,False
Delhi,2017-11-17,330.0,False,150.79,False,47.38,False
Delhi,2017-11-18,309.0,False,143.51,False,43.91,False
Delhi,2017-11-19,297.0,False,128.65,False,45.6,False
Delhi,2017-11-20,329.0,False,171.34,False,52.73,False
Delhi,2017-11-21,341.0,False,178.08,False,54.75,False
Delhi,2017-11-22,348.0,False,177.41,False,54.64,False
Delhi,2017-11-23,340.0,False,175.56,False,55.04,False
Delhi,2017-11-24,348.0,False,187.97,False,64.15,False
Delhi,2017-11-25,347.0,False,185.31,False,76.48,False
Delhi,2017-11-26,368.0,False,224.37,False,67.6,False
Delhi,2017-11-27,382.0,False,198.34,False,68.93,False
Delhi,2017-11-28,360.0,False,167.74,False,62.53,False
Delhi,2017-11-29,359.0,False,215.17,False,75.37,False
Delhi,2017-11-30,388.0,False,219.84,False,57.73,False
Delhi,2017-12-01,377.0,False,190.45,False,56.83,False
Delhi,2017-12-02,356.0,False,208.87,False,65.66,False
Delhi,2017-12-03,384.0,False,240.87,False,65.83,False
Delhi,2017-12-04,415.0,False,261.82,False,65.49,False
Delhi,2017-12-05,404.0,False,230.56,False,64.61,False
Delhi,2017-12-06,330.0,False,120.91,False,51.02,False
Delhi,2017-12-07,215.0,False,88.95,False,45.83,False
Delhi,2017-12-08,220.0,False,115.08,False,53.85,False
Delhi,2017-12-09,312.0,False,165.76,False,70.14,False
Delhi,2017-12-10,389.0,False,230.34,False,83.94,False
Delhi,2017-12-11,406.0,False,218.87,False,71.25,False
Delhi,2017-12-12,280.0,False,109.18,False,45.94,False
Delhi,2017-12-13,263.0,False,134.99,False,40.27,False
Delhi,2017-12-14,276.0,False,126.67,False,36.59,False
Delhi,2017-12-15,292.0,False,127.57,False,34.73,False
Delhi,2017-12-16,228.0,False,100.72,False,29.84,False
Delhi,2017-12-17,195.0,False,95.58,False,37.37,False
Delhi,2017-12-18,223.0,False,115.19,False,45.8,False
Delhi,2017-12-19,291.0,False,168.33,False,54.84,False
Delhi,2017-12-20,378.0,False,283.24,False,66.41,False
Delhi,2017-12-21,467.0,False,293.14,False,61.63,False
Delhi,2017-12-22,370.0,False,157.72,False,50.73,False
Delhi,2017-12-23,253.0,False,117.72,False,50.97,False
Delhi,2017-12-24,309.0,False,203.18,False,66.65,False
Delhi,2017-12-25,398.0,False,259.0,False,58.92,False
Delhi,2017-12-26,372.0,False,224.42,False,57.6,False
Delhi,2017-12-27,379.0,False,224.27,False,65.61,False
Delhi,2017-12-28,398.0,False,249.17,False,70.25,False
Delhi,2017-12-29,399.0,False,227.28,False,59.7,False
Delhi,2017-12-30,421.0,False,273.56,False,60.4,False
Delhi,2017-12-31,451.0,False,306.17,False,66.97,False
Delhi,2018-01-01,462.0,False,303.41,False,63.92,False
Delhi,2018-01-02,439.0,False,277.48,False,53.73,False
Delhi,2018-01-03,405.0,False,217.01,False,52.24,False
Delhi,2018-01-04,394.0,False,248.54,False,61.57,False
Delhi,2018-01-05,398.0,False,240.42,False,54.8,False
Delhi,2018-01-06,403.0,False,252.57,False,59.12,False
Delhi,2018-01-07,384.0,False,191.66,False,47.02,False
Delhi,2018-01-08,314.0,False,152.98,False,51.6,False
Delhi,2018-01-09,373.0,False,233.1,False,66.19,False
Delhi,2018-01-10,366.0,False,186.26,False,60.21,False
Delhi,2018-01-11,318.0,False,154.64,False,63.57,False
Delhi,2018-01-12,306.0,False,168.87,False,65.3,False
Delhi,2018-01-13,370.0,False,230.5,False,61.28,False
Delhi,2018-01-14,365.0,False,191.47,False,54.37,False
Delhi,2018-01-15,352.0,False,177.71,False,52.51,False
Delhi,2018-01-16,278.0,False,133.56,False,46.86,False
Delhi,2018-01-17,350.0,False,235.06,False,47.86,False
Delhi,2018-01-18,411.0,False,276.25,False,55.08,False
Delhi,2018-01-19,451.0,False,253.7,False,49.45,False
Delhi,2018-01-20,351.0,False,152.33,False,38.87,False
Delhi,2018-01-21,310.0,False,153.61,False,44.09,False
Delhi,2018-01-22,362.0,False,202.11,False,56.45,False
Delhi,2018-01-23,343.0,False,160.79,False,47.26,False
Delhi,2018-01-24,286.0,False,130.16,False,35.33,False
Delhi,2018-01-25,267.0,False,111.75,False,40.13,False
Delhi,2018-01-26,263.0,False,128.45,False,38.17,False
Delhi,2018-01-27,284.0,False,155.2,False,45.14,False
Delhi,2018-01-28,334.0,False,150.96,False,47.6,False
Delhi,2018-01-29,332.0,False,162.48,False,54.51,False
Delhi,2018-01-30,300.0,False,126.84,False,47.59,False
Delhi,2018-01-31,271.0,False,123.48,False,45.46,False
Delhi,2018-02-01,293.0,False,157.33,False,63.88,False
Delhi,2018-02-02,318.0,False,140.35,False,54.28,False
Delhi,2018-02-03,277.0,False,115.05,False,51.46,False
Delhi,2018-02-04,284.0,False,133.8,False,46.74,False
Delhi,2018-02-05,313.0,False,163.6,False,63.42,False
Delhi,2018-02-06,324.0,False,143.29,False,56.51,False
Delhi,2018-02-07,287.0,False,131.49,False,54.53,False
Delhi,2018-02-08,334.0,False,186.19,False,74.83,False
Delhi,2018-02-09,375.0,False,203.33,False,74.5,False
Delhi,2018-02-10,378.0,False,209.7,False,99.06,False
Delhi,2018-02-11,350.0,False,148.13,False,62.4,False
Delhi,2018-02-12,218.0,False,72.36,False,33.08,False
Delhi,2018-02-13,189.0,False,103.93,False,46.48,False
Delhi,2018-02-14,217.0,False,76.92,False,34.92,False
Delhi,2018-02-15,189.0,False,94.49,False,38.54,False
Delhi,2018-02-16,248.0,False,123.19,False,48.33,False
Delhi,2018-02-17,277.0,False,127.8,False,49.9,False
Delhi,2018-02-18,284.0,False,127.27,False,50.94,False
Delhi,2018-02-19,321.0,False,172.55,False,71.76,False
Delhi,2018-02-20,335.0,False,167.16,False,68.29,False
Delhi,2018-02-21,347.0,False,172.99,False,92.54,False
Delhi,2018-02-22,333.0,False,159.67,False,66.4,False
Delhi,2018-02-23,331.0,False,163.75,False,70.77,False
Delhi,2018-02-24,347.0,False,164.2,False,62.66,False
Delhi,2018-02-25,317.0,False,106.26,False,42.88,False
Delhi,2018-02-26,170.0,False,67.27,False,33.59,False
Delhi,2018-02-27,167.0,False,85.53,False,43.12,False
Delhi,2018-02-28,274.0,False,143.25,False,52.5,False
Delhi,2018-03-01,293.0,False,120.71,False,51.74,False
Delhi,2018-03-02,300.0,False,139.18,False,50.64,False
Delhi,2018-03-03,244.0,False,98.25,False,41.07,False
Delhi,2018-03-04,205.0,False,79.83,False,39.02,False
Delhi,2018-03-05,180.0,False,76.96,False,39.58,False
Delhi,2018-03-06,170.0,False,75.45,False,37.92,False
Delhi,2018-03-07,192.0,False,87.62,False,45.6,False
Delhi,2018-03-08,262.0,False,139.88,False,79.5,False
Delhi,2018-03-09,316.0,False,134.76,False,65.86,False
Delhi,2018-03-10,207.0,False,75.67,False,39.85,False
Delhi,2018-03-11,179.0,False,88.3,False,41.81,False
Delhi,2018-03-12,236.0,False,105.29,False,45.32,False
Delhi,2018-03-13,241.0,False,109.22,False,56.5,False
Delhi,2018-03-14,287.0,False,116.62,False,64.82,False
Delhi,2018-03-15,314.0,False,108.98,False,48.86,False
Delhi,2018-03-16,269.0,False,111.67,False,41.48,False
Delhi,2018-03-17,218.0,False,81.57,False,32.61,False
Delhi,2018-03-18,177.0,False,82.15,False,31.72,False
Delhi,2018-03-19,177.0,False,81.93,False,43.85,False
Delhi,2018-03-20,224.0,False,109.99,False,55.71,False
Delhi,2018-03-21,302.0,False,133.53,False,45.33,False
Delhi,2018-03-22,226.0,False,83.4,False,33.49,False
Delhi,2018-03-23,171.0,False,64.2,False,34.53,False
Delhi,2018-03-24,183.0,False,78.4,False,37.32,False
Delhi,2018-03-25,202.0,False,85.34,False,34.66,False
Delhi,2018-03-26,203.0,False,85.9,False,41.2,False
Delhi,2018-03-27,246.0,False,111.26,False,60.75,False
Delhi,2018-03-28,293.0,False,117.78,False,71.04,False
Delhi,2018-03-29,238.0,False,95.98,False,41.56,False
Delhi,2018-03-30,234.0,False,96.45,False,45.84,False
Delhi,2018-03-31,269.0,False,101.59,False,44.76,False
Delhi,2018-04-01,217.0,False,75.14,False,37.97,False
Delhi,2018-04-02,217.0,False,96.38,False,48.52,False
Delhi,2018-04-03,239.0,False,101.18,False,51.63,False
Delhi,2018-04-04,244.0,False,111.82,False,52.51,False
Delhi,2018-04-05,329.0,False,152.56,False,60.24,False
Delhi,2018-04-06,271.0,False,100.5,False,44.92,False
Delhi,2018-04-07,170.0,False,48.46,False,36.94,False
Delhi,2018-04-08,142.0,False,50.27,False,34.29,False
Delhi,2018-04-09,133.0,False,49.56,False,39.45,False
Delhi,2018-04-10,205.0,False,93.89,False,45.16,False
Delhi,2018-04-11,179.0,False,48.61,False,32.33,False
Delhi,2018-04-12,135.0,False,46.21,False,40.94,False
Delhi,2018-04-13,201.0,False,83.96,False,54.68,False
Delhi,2018-04-14,233.0,False,97.16,False,59.41,False
Delhi,2018-04-15,240.0,False,107.36,False,67.79,False
Delhi,2018-04-16,296.0,False,119.75,False,76.17,False
Delhi,2018-04-17,266.0,False,81.97,False,57.84,False
Delhi,2018-04-18,216.0,False,73.44,False,40.44,False
Delhi,2018-04-19,242.0,False,89.49,False,51.78,False
Delhi,2018-04-20,271.0,False,100.01,False,40.56,False
Delhi,2018-04-21,444.0,False,119.24,False,30.99,False
Delhi,2018-04-22,302.0,False,62.06,False,31.63,False
Delhi,2018-04-23,197.0,False,76.11,False,39.43,False
Delhi,2018-04-24,242.0,False,108.64,False,57.07,False
Delhi,2018-04-25,287.0,False,117.56,False,82.47,False
Delhi,2018-04-26,329.0,False,142.82,False,78.5,False
Delhi,2018-04-27,351.0,False,107.47,False,49.86,False
Delhi,2018-04-28,288.0,False,84.13,False,36.11,False
Delhi,2018-04-29,259.0,False,89.1,False,42.57,False
Delhi,2018-04-30,221.0,False,79.3,False,46.42,False
Delhi,2018-05-01,173.0,False,54.88,False,33.37,False
Delhi,2018-05-02,161.0,False,66.74,False,34.14,False
Delhi,2018-05-03,167.0,False,47.25,False,31.77,False
Delhi,2018-05-04,146.0,False,49.09,False,30.44,False
Delhi,2018-05-05,174.0,False,74.82,False,46.75,False
Delhi,2018-05-06,280.0,False,110.48,False,53.69,False
Delhi,2018-05-07,243.0,False,111.95,False,54.75,False
Delhi,2018-05-08,252.0,False,61.0,False,27.66,False
Delhi,2018-05-09,168.0,False,71.99,False,46.09,False
Delhi,2018-05-10,218.0,False,93.45,False,52.15,False
Delhi,2018-05-11,292.0,False,132.39,False,65.41,False
Delhi,2018-05-12,330.0,False,144.33,False,74.13,False
Delhi,2018-05-13,285.0,False,80.64,False,31.22,False
Delhi,2018-05-14,174.0,False,49.22,False,40.3,False
Delhi,2018-05-15,173.0,False,67.23,False,39.81,False
Delhi,2018-05-16,194.0,False,78.74,False,41.79,False
Delhi,2018-05-17,240.0,False,105.99,False,44.14,False
Delhi,2018-05-18,254.0,False,96.96,False,53.88,False
Delhi,2018-05-19,270.0,False,103.98,False,65.52,False
Delhi,2018-05-20,231.0,False,83.66,False,45.88,False
Delhi,2018-05-21,208.0,False,71.25,False,42.68,False
Delhi,2018-05-22,207.0,False,91.16,False,59.07,False
Delhi,2018-05-23,306.0,False,129.23,False,77.28,False
Delhi,2018-05-24,303.0,False,114.13,False,57.51,False
Delhi,2018-05-25,260.0,False,83.88,False,59.34,False
Delhi,2018-05-26,244.0,False,103.02,False,64.88,False
Delhi,2018-05-27,268.0,False,97.37,False,58.31,False
Delhi,2018-05-28,276.0,False,117.56,False,54.01,False
Delhi,2018-05-29,303.0,False,112.6,False,60.34,False
Delhi,2018-05-30,272.0,False,65.76,False,33.21,False
Delhi,2018-05-31,223.0,False,71.99,False,40.76,False
Delhi,2018-06-01,196.0,False,79.98,False,30.14,False
Delhi,2018-06-02,183.0,False,52.6,False,29.28,False
Delhi,2018-06-03,154.0,False,59.52,False,31.51,False
Delhi,2018-06-04,170.0,False,64.42,False,30.68,False
Delhi,2018-06-05,160.0,False,61.72,False,27.67,False
Delhi,2018-06-06,146.0,False,57.68,False,31.11,False
Delhi,2018-06-07,166.0,False,73.77,False,33.8,False
Delhi,2018-06-08,180.0,False,76.78,False,31.27,False
Delhi,2018-06-09,153.0,False,52.79,False,27.39,False
Delhi,2018-06-10,153.0,False,67.02,False,34.23,False
Delhi,2018-06-11,186.0,False,73.22,False,34.85,False
Delhi,2018-06-12,285.0,False,141.28,False,31.72,False
Delhi,2018-06-13,453.0,False,261.77,False,25.75,False
Delhi,2018-06-14,522.0,False,225.49,False,25.37,False
Delhi,2018-06-15,593.0,False,153.28,False,24.61,False
Delhi,2018-06-16,531.0,False,127.32,False,25.0,False
Delhi,2018-06-17,384.0,False,84.47,False,22.78,False
Delhi,2018-06-18,179.0,False,61.06,False,26.68,False
Delhi,2018-06-19,146.0,False,52.76,False,26.52,False
Delhi,2018-06-20,175.0,False,67.55,False,33.71,False
Delhi,2018-06-21,221.0,False,76.98,False,34.82,False
Delhi,2018-06-22,249.0,False,83.98,False,45.06,False
Delhi,2018-06-23,228.0,False,81.33,False,44.23,False
Delhi,2018-06-24,194.0,False,54.15,False,34.98,False
Delhi,2018-06-25,168.0,False,46.9,False,34.92,False
Delhi,2018-06-26,128.0,False,29.98,False,34.16,False
Delhi,2018-06-27,126.0,False,52.48,False,31.0,False
Delhi,2018-06-28,99.0,False,30.07,False,29.01,False
Delhi,2018-06-29,90.0,False,37.11,False,30.43,False
Delhi,2018-06-30,113.0,False,41.41,False,32.89,False
Delhi,2018-07-01,102.0,False,34.18,False,28.46,False
Delhi,2018-07-02,111.0,False,34.24,False,25.74,False
Delhi,2018-07-03,122.0,False,44.55,False,37.27,False
Delhi,2018-07-04,128.0,False,45.76,False,31.17,False
Delhi,2018-07-05,130.0,False,50.41,False,38.05,False
Delhi,2018-07-06,147.0,False,57.12,False,36.71,False
Delhi,2018-07-07,155.0,False,61.93,False,34.43,False
Delhi,2018-07-08,176.0,False,68.2,False,39.85,False
Delhi,2018-07-09,168.0,False,70.48,False,35.14,False
Delhi,2018-07-10,140.0,False,47.48,False,28.19,False
Delhi,2018-07-11,111.0,False,39.78,False,31.82,False
Delhi,2018-07-12,130.0,False,46.53,False,34.22,False
Delhi,2018-07-13,109.0,False,28.44,False,31.94,False
Delhi,2018-07-14,96.0,False,33.82,False,31.63,False
Delhi,2018-07-15,92.0,False,37.76,False,28.9,False
Delhi,2018-07-16,95.0,False,37.32,False,33.31,False
Delhi,2018-07-17,105.0,False,34.26,False,30.73,False
Delhi,2018-07-18,114.0,False,37.76,False,29.45,False
Delhi,2018-07-19,106.0,False,35.04,False,27.41,False
Delhi,2018-07-20,90.0,False,37.26,False,33.46,False
Delhi,2018-07-21,114.0,False,50.21,False,36.48,False
Delhi,2018-07-22,87.0,False,25.81,False,27.55,False
Delhi,2018-07-23,80.0,False,32.39,False,28.74,False
Delhi,2018-07-24,101.0,False,39.3,False,29.15,False
Delhi,2018-07-25,90.0,False,34.7,False,27.58,False
Delhi,2018-07-26,90.0,False,32.22,False,25.1,False
Delhi,2018-07-27,68.0,False,21.75,False,23.41,False
Delhi,2018-07-28,71.0,False,37.69,False,21.59,False
Delhi,2018-07-29,100.0,False,44.03,False,25.02,False
Delhi,2018-07-30,122.0,False,39.89,False,25.06,False
Delhi,2018-07-31,135.0,False,50.59,False,28.84,False
Delhi,2018-08-01,155.0,False,55.77,False,26.14,False
Delhi,2018-08-02,215.0,False,71.5,False,25.2,False
Delhi,2018-08-03,228.0,False,65.46,False,26.08,False
Delhi,2018-08-04,215.0,False,69.75,False,28.77,False
Delhi,2018-08-05,234.0,False,63.57,False,24.82,False
Delhi,2018-08-06,166.0,False,50.64,False,26.59,False
Delhi,2018-08-07,123.0,False,44.54,False,26.15,False
Delhi,2018-08-08,108.0,False,36.7,False,25.24,False
Delhi,2018-08-09,102.0,False,36.84,False,24.98,False
Delhi,2018-08-10,111.0,False,46.24,False,34.82,False
Delhi,2018-08-11,106.0,False,32.72,False,24.06,False
Delhi,2018-08-12,92.0,False,25.7,False,23.5,False
Delhi,2018-08-13,102.0,False,32.75,False,25.04,False
Delhi,2018-08-14,122.0,False,46.85,False,29.49,False
Delhi,2018-08-15,128.0,False,43.0,False,23.72,False
Delhi,2018-08-16,109.0,False,36.49,False,29.32,False
Delhi,2018-08-17,109.0,False,32.98,False,24.58,False
Delhi,2018-08-18,90.0,False,32.11,False,26.17,False
Delhi,2018-08-19,100.0,False,47.01,False,31.85,False
Delhi,2018-08-20,138.0,False,61.1,False,32.54,False
Delhi,2018-08-21,105.0,False,30.98,False,27.85,False
Delhi,2018-08-22,91.0,False,29.75,False,28.18,False
Delhi,2018-08-23,86.0,False,31.19,False,24.72,False
Delhi,2018-08-24,89.0,False,23.71,False,24.6,False
Delhi,2018-08-25,100.0,False,21.96,False,22.78,False
Delhi,2018-08-26,85.0,False,23.96,False,19.92,False
Delhi,2018-08-27,82.0,False,24.78,False,23.6,False
Delhi,2018-08-28,81.0,False,29.26,False,25.52,False
Delhi,2018-08-29,88.0,False,36.06,False,26.12,False
Delhi,2018-08-30,97.0,False,41.26,False,28.28,False
Delhi,2018-08-31,127.0,False,47.53,False,25.96,False
Delhi,2018-09-01,132.0,False,45.19,False,28.51,False
Delhi,2018-09-02,116.0,False,40.9,False,23.44,False
Delhi,2018-09-03,89.0,False,42.06,False,27.63,False
Delhi,2018-09-04,118.0,False,55.72,False,35.94,False
Delhi,2018-09-05,108.0,False,39.77,False,30.63,False
Delhi,2018-09-06,137.0,False,49.44,False,30.88,False
Delhi,2018-09-07,117.0,False,42.11,False,37.91,False
Delhi,2018-09-08,105.0,False,35.45,False,26.65,False
Delhi,2018-09-09,86.0,False,29.1,False,23.58,False
Delhi,2018-09-10,92.0,False,36.99,False,29.61,False
Delhi,2018-09-11,91.0,False,28.33,False,26.0,False
Delhi,2018-09-12,96.0,False,28.55,False,24.4,False
Delhi,2018-09-13,108.0,False,27.49,False,23.21,False
Delhi,2018-09-14,113.0,False,31.38,False,25.18,False
Delhi,2018-09-15,126.0,False,37.48,False,27.72,False
Delhi,2018-09-16,124.0,False,43.09,False,25.92,False
Delhi,2018-09-17,135.0,False,55.86,False,29.15,False
Delhi,2018-09-18,154.0,False,54.94,False,29.8,False
Delhi,2018-09-19,157.0,False,58.63,False,37.36,False
Delhi,2018-09-20,173.0,False,73.3,False,38.16,False
Delhi,2018-09-21,155.0,False,46.73,False,26.7,False
Delhi,2018-09-22,76.0,False,24.29,False,21.72,False
Delhi,2018-09-23,69.0,False,30.71,False,19.88,False
Delhi,2018-09-24,63.0,False,21.46,False,25.07,False
Delhi,2018-09-25,63.0,False,21.45,False,25.67,False
Delhi,2018-09-26,99.0,False,42.83,False,32.38,False
Delhi,2018-09-27,151.0,False,71.44,False,37.42,False
Delhi,2018-09-28,200.0,False,83.78,False,44.68,False
Delhi,2018-09-29,229.0,False,92.46,False,46.15,False
Delhi,2018-09-30,176.0,False,69.49,False,34.52,False
Delhi,2018-10-01,148.0,False,65.78,False,40.86,False
Delhi,2018-10-02,186.0,False,76.03,False,36.68,False
Delhi,2018-10-03,160.0,False,63.37,False,42.57,False
Delhi,2018-10-04,206.0,False,97.4,False,48.01,False
Delhi,2018-10-05,268.0,False,121.12,False,53.69,False
Delhi,2018-10-06,237.0,False,78.87,False,44.71,False
Delhi,2018-10-07,189.0,False,81.14,False,44.81,False
Delhi,2018-10-08,253.0,False,118.6,False,56.21,False
Delhi,2018-10-09,269.0,False,103.26,False,54.24,False
Delhi,2018-10-10,263.0,False,93.36,False,47.73,False
Delhi,2018-10-11,219.0,False,70.42,False,37.74,False
Delhi,2018-10-12,163.0,False,67.93,False,44.48,False
Delhi,2018-10-13,264.0,False,132.93,False,49.89,False
Delhi,2018-10-14,237.0,False,91.88,False,47.34,False
Delhi,2018-10-15,253.0,False,115.96,False,55.44,False
Delhi,2018-10-16,309.0,False,139.18,False,64.18,False
Delhi,2018-10-17,332.0,False,137.29,False,52.81,False
Delhi,2018-10-18,330.0,False,143.2,False,57.64,False
Delhi,2018-10-19,300.0,False,137.73,False,54.31,False
Delhi,2018-10-20,344.0,False,168.87,False,54.04,False
Delhi,2018-10-21,325.0,False,141.15,False,55.77,False
Delhi,2018-10-22,296.0,False,121.65,False,55.49,False
Delhi,2018-10-23,274.0,False,119.4,False,63.32,False
Delhi,2018-10-24,354.0,False,174.04,False,77.72,False
Delhi,2018-10-25,356.0,False,168.82,False,72.23,False
Delhi,2018-10-26,394.0,False,203.12,False,74.04,False
Delhi,2018-10-27,396.0,False,206.05,False,77.3,False
Delhi,2018-10-28,403.0,False,205.0,False,57.66,False
Delhi,2018-10-29,397.0,False,231.83,False,62.22,False
Delhi,2018-10-30,456.0,False,263.39,False,70.46,False
Delhi,2018-10-31,422.0,False,225.17,False,68.02,False
Delhi,2018-11-01,433.0,False,236.67,False,71.63,False
Delhi,2018-11-02,391.0,False,205.44,False,65.98,False
Delhi,2018-11-03,353.0,False,159.56,False,47.39,False
Delhi,2018-11-04,238.0,False,97.27,False,34.18,False
Delhi,2018-11-05,424.0,False,361.98,False,48.25,False
Delhi,2018-11-06,411.0,False,177.88,False,43.78,False
Delhi,2018-11-07,317.0,False,175.43,False,45.14,False
Delhi,2018-11-08,452.0,False,420.3,False,64.57,False
Delhi,2018-11-09,487.0,False,300.91,False,68.25,False
Delhi,2018-11-10,430.0,False,288.86,False,79.5,False
Delhi,2018-11-11,454.0,False,256.68,False,70.55,False
Delhi,2018-11-12,437.0,False,271.7,False,71.88,False
Delhi,2018-11-13,454.0,False,265.06,False,74.72,False
Delhi,2018-11-14,361.0,False,136.2,False,59.36,False
Delhi,2018-11-15,251.0,False,98.53,False,47.83,False
Delhi,2018-11-16,302.0,False,138.49,False,42.41,False
Delhi,2018-11-17,292.0,False,135.21,False,51.93,False
Delhi,2018-11-18,330.0,False,166.43,False,61.82,False
Delhi,2018-11-19,340.0,False,179.79,False,56.73,False
Delhi,2018-11-20,367.0,False,224.1,False,63.96,False
Delhi,2018-11-21,396.0,False,209.96,False,63.79,False
Delhi,2018-11-22,317.0,False,139.02,False,74.93,False
Delhi,2018-11-23,356.0,False,187.85,False,61.06,False
Delhi,2018-11-24,296.0,False,107.73,False,46.57,False
Delhi,2018-11-25,266.0,False,133.62,False,58.16,False
Delhi,2018-11-26,349.0,False,200.69,False,68.3,False
Delhi,2018-11-27,396.0,False,205.53,False,78.94,False
Delhi,2018-11-28,363.0,False,193.1,False,69.6,False
Delhi,2018-11-29,384.0,False,205.17,False,63.68,False
Delhi,2018-11-30,365.0,False,190.36,False,56.74,False
Delhi,2018-12-01,335.0,False,147.48,False,56.43,False
Delhi,2018-12-02,329.0,False,164.63,False,67.18,False
Delhi,2018-12-03,356.0,False,178.87,False,66.91,False
Delhi,2018-12-04,394.0,False,211.57,False,74.17,False
Delhi,2018-12-05,374.0,False,181.62,False,65.87,False
Delhi,2018-12-06,385.0,False,218.06,False,71.73,False
Delhi,2018-12-07,376.0,False,193.81,False,54.83,False
Delhi,2018-12-08,366.0,False,202.83,False,59.06,False
Delhi,2018-12-09,389.0,False,226.35,False,65.3,False
Delhi,2018-12-10,431.0,False,264.63,False,66.58,False
Delhi,2018-12-11,464.0,False,274.97,False,68.87,False
Delhi,2018-12-12,443.0,False,209.63,False,55.1,False
Delhi,2018-12-13,264.0,False,94.29,False,42.59,False
Delhi,2018-12-14,248.0,False,113.42,False,45.22,False
Delhi,2018-12-15,274.0,False,122.69,False,47.31,False
Delhi,2018-12-16,295.0,False,150.28,False,50.86,False
Delhi,2018-12-17,338.0,False,182.78,False,58.08,False
Delhi,2018-12-18,370.0,False,204.08,False,61.34,False
Delhi,2018-12-19,370.0,False,205.22,False,63.77,False
Delhi,2018-12-20,423.0,False,258.1,False,68.97,False
Delhi,2018-12-21,422.0,False,252.2,False,66.03,False
Delhi,2018-12-22,468.0,False,326.79,False,78.71,False
Delhi,2018-12-23,557.0,False,401.58,False,77.63,False
Delhi,2018-12-24,577.0,False,378.68,False,75.26,False
Delhi,2018-12-25,475.0,False,268.2,False,61.2,False
Delhi,2018-12-26,405.0,False,241.0,False,65.2,False
Delhi,2018-12-27,458.0,False,290.1,False,78.43,False
Delhi,2018-12-28,413.0,False,249.23,False,60.59,False
Delhi,2018-12-29,420.0,False,248.12,False,64.97,False
Delhi,2018-12-30,484.0,False,336.42,False,76.89,False
Delhi,2018-12-31,509.0,False,319.69,False,70.54,False
Delhi,2019-01-01,475.0,False,287.34,False,69.46,False
Delhi,2019-01-02,501.0,False,331.2,False,75.06,False
Delhi,2019-01-03,537.0,False,355.4,False,66.2,False
Delhi,2019-01-04,432.0,False,246.46,False,57.53,False
Delhi,2019-01-05,440.0,False,262.53,False,60.35,False
Delhi,2019-01-06,371.0,False,174.26,False,51.94,False
Delhi,2019-01-07,331.0,False,181.74,False,52.45,False
Delhi,2019-01-08,340.0,False,156.26,False,48.95,False
Delhi,2019-01-09,321.0,False,143.66,False,49.49,False
Delhi,2019-01-10,317.0,False,165.95,False,58.22,False
Delhi,2019-01-11,401.0,False,278.95,False,76.71,False
Delhi,2019-01-12,482.0,False,311.03,False,85.14,False
Delhi,2019-01-13,464.0,False,272.45,False,66.11,False
Delhi,2019-01-14,320.0,False,94.44,False,42.16,False
Delhi,2019-01-15,248.0,False,134.57,False,52.45,False
Delhi,2019-01-16,383.0,False,271.96,False,83.75,False
Delhi,2019-01-17,515.0,False,358.91,False,84.74,False
Delhi,2019-01-18,437.0,False,237.22,False,68.58,False
Delhi,2019-01-19,411.0,False,262.68,False,77.9,False
Delhi,2019-01-20,480.0,False,314.59,False,106.04,False
Delhi,2019-01-21,413.0,False,175.49,False,63.04,False
Delhi,2019-01-22,174.0,False,53.25,False,38.56,False
Delhi,2019-01-23,186.0,False,135.68,False,48.14,False
Delhi,2019-01-24,328.0,False,130.59,False,44.11,False
Delhi,2019-01-25,188.0,False,81.2,False,40.03,False
Delhi,2019-01-26,231.0,False,101.61,False,38.43,False
Delhi,2019-01-27,275.0,False,136.47,False,45.27,False
Delhi,2019-01-28,301.0,False,126.48,False,49.13,False
Delhi,2019-01-29,297.0,False,142.0,False,51.47,False
Delhi,2019-01-30,342.0,False,206.14,False,63.7,False
Delhi,2019-01-31,397.0,False,204.25,False,65.7,False
Delhi,2019-02-01,329.0,False,178.68,False,50.75,False
Delhi,2019-02-02,338.0,False,177.32,False,35.89,False
Delhi,2019-02-03,323.0,False,131.1,False,34.53,False
Delhi,2019-02-04,301.0,False,144.62,False,52.85,False
Delhi,2019-02-05,398.0,False,256.33,False,75.89,False
Delhi,2019-02-06,380.0,False,177.25,False,50.55,False
Delhi,2019-02-07,233.0,False,65.65,False,30.8,False
Delhi,2019-02-08,136.0,False,72.29,False,39.24,False
Delhi,2019-02-09,169.0,False,82.5,False,38.31,False
Delhi,2019-02-10,277.0,False,143.31,False,49.26,False
Delhi,2019-02-11,332.0,False,173.61,False,58.56,False
Delhi,2019-02-12,357.0,False,208.64,False,66.37,False
Delhi,2019-02-13,372.0,False,198.26,False,70.04,False
Delhi,2019-02-14,350.0,False,153.73,False,53.15,False
Delhi,2019-02-15,275.0,False,123.46,False,44.28,False
Delhi,2019-02-16,288.0,False,112.34,False,33.33,False
Delhi,2019-02-17,247.0,False,99.27,False,42.59,False
Delhi,2019-02-18,278.0,False,109.11,False,56.12,False
Delhi,2019-02-19,232.0,False,126.12,False,55.44,False
Delhi,2019-02-20,305.0,False,102.3,False,51.88,False
Delhi,2019-02-21,158.0,False,73.33,False,47.15,False
Delhi,2019-02-22,191.0,False,73.9,False,33.95,False
Delhi,2019-02-23,116.0,False,56.51,False,36.12,False
Delhi,2019-02-24,169.0,False,89.34,False,46.26,False
Delhi,2019-02-25,221.0,False,92.36,False,53.86,False
Delhi,2019-02-26,144.0,False,59.97,False,50.31,False
Delhi,2019-02-27,112.0,False,47.18,False,35.07,False
Delhi,2019-02-28,198.0,False,96.38,False,45.02,False
Delhi,2019-03-01,222.0,False,93.83,False,48.87,False
Delhi,2019-03-02,227.0,False,109.6,False,62.05,False
Delhi,2019-03-03,172.0,False,62.92,False,40.61,False
Delhi,2019-03-04,217.0,False,105.93,False,40.1,False
Delhi,2019-03-05,173.0,False,68.86,False,40.05,False
Delhi,2019-03-06,189.0,False,83.45,False,45.3,False
Delhi,2019-03-07,228.0,False,104.61,False,51.9,False
Delhi,2019-03-08,220.0,False,92.07,False,51.75,False
Delhi,2019-03-09,194.0,False,73.31,False,40.84,False
Delhi,2019-03-10,157.0,False,73.98,False,44.17,False
Delhi,2019-03-11,190.0,False,82.17,False,52.91,False
Delhi,2019-03-12,149.0,False,57.28,False,37.45,False
Delhi,2019-03-13,168.0,False,89.17,False,57.03,False
Delhi,2019-03-14,281.0,False,111.2,False,48.81,False
Delhi,2019-03-15,183.0,False,74.88,False,41.27,False
Delhi,2019-03-16,143.0,False,68.64,False,40.6,False
Delhi,2019-03-17,198.0,False,93.61,False,46.88,False
Delhi,2019-03-18,221.0,False,100.32,False,50.33,False
Delhi,2019-03-19,239.0,False,103.77,False,55.47,False
Delhi,2019-03-20,234.0,False,89.82,False,54.67,False
Delhi,2019-03-21,272.0,False,112.29,False,34.63,False
Delhi,2019-03-22,141.0,False,38.43,False,32.19,False
Delhi,2019-03-23,131.0,False,55.62,False,34.57,False
Delhi,2019-03-24,126.0,False,53.28,False,34.25,False
Delhi,2019-03-25,136.0,False,65.0,False,34.84,False
Delhi,2019-03-26,162.0,False,75.82,False,40.8,False
Delhi,2019-03-27,177.0,False,78.37,False,49.68,False
Delhi,2019-03-28,245.0,False,116.55,False,60.18,False
Delhi,2019-03-29,273.0,False,112.67,False,60.4,False
Delhi,2019-03-30,252.0,False,102.27,False,53.75,False
Delhi,2019-03-31,198.0,False,58.96,False,38.42,False
Delhi,2019-04-01,153.0,False,59.08,False,38.55,False
Delhi,2019-04-02,194.0,False,90.1,False,55.76,False
Delhi,2019-04-03,208.0,False,85.02,False,54.91,False
Delhi,2019-04-04,260.0,False,119.71,False,63.62,False
Delhi,2019-04-05,284.0,False,125.44,False,64.7,False
Delhi,2019-04-06,269.0,False,96.6,False,48.72,False
Delhi,2019-04-07,315.0,False,152.91,False,44.64,False
Delhi,2019-04-08,284.0,False,81.3,False,45.87,False
Delhi,2019-04-09,240.0,False,87.74,False,53.88,False
Delhi,2019-04-10,263.0,False,101.94,False,56.82,False
Delhi,2019-04-11,196.0,False,70.25,False,47.54,False
Delhi,2019-04-12,202.0,False,61.34,False,40.09,False
Delhi,2019-04-13,175.0,False,55.93,False,37.89,False
Delhi,2019-04-14,150.0,False,51.51,False,36.61,False
Delhi,2019-04-15,163.0,False,54.84,False,41.92,False
Delhi,2019-04-16,206.0,False,59.08,False,35.01,False
Delhi,2019-04-17,102.0,False,22.14,False,26.84,False
Delhi,2019-04-18,104.0,False,38.92,False,39.07,False
Delhi,2019-04-19,151.0,False,71.62,False,47.56,False
Delhi,2019-04-20,199.0,False,90.55,False,55.28,False
Delhi,2019-04-21,225.0,False,95.24,False,58.95,False
Delhi,2019-04-22,246.0,False,110.16,False,61.72,False
Delhi,2019-04-23,257.0,False,104.17,False,63.45,False
Delhi,2019-04-24,232.0,False,85.7,False,51.58,False
Delhi,2019-04-25,251.0,False,86.41,False,39.89,False
Delhi,2019-04-26,223.0,False,82.37,False,50.69,False
Delhi,2019-04-27,248.0,False,73.06,False,39.8,False
Delhi,2019-04-28,269.0,False,76.44,False,40.9,False
Delhi,2019-04-29,256.0,False,84.04,False,52.04,False
Delhi,2019-04-30,257.0,False,95.72,False,59.32,False
Delhi,2019-05-01,285.0,False,111.57,False,63.15,False
Delhi,2019-05-02,275.0,False,77.72,False,43.19,False
Delhi,2019-05-03,202.0,False,52.16,False,49.82,False
Delhi,2019-05-04,182.0,False,77.96,False,59.78,False
Delhi,2019-05-05,231.0,False,101.25,False,55.16,False
Delhi,2019-05-06,267.0,False,118.9,False,70.81,False
Delhi,2019-05-07,310.0,False,128.78,False,69.77,False
Delhi,2019-05-08,389.0,False,143.34,False,60.85,False
Delhi,2019-05-09,390.0,False,137.2,False,51.13,False
Delhi,2019-05-10,333.0,False,95.07,False,38.05,False
Delhi,2019-05-11,266.0,False,101.83,False,42.02,False
Delhi,2019-05-12,352.0,False,178.22,False,40.68,False
Delhi,2019-05-13,376.0,False,170.81,False,50.88,False
Delhi,2019-05-14,217.0,False,58.22,False,37.53,False
Delhi,2019-05-15,194.0,False,84.81,False,57.75,False
Delhi,2019-05-16,192.0,False,75.45,False,50.99,False
Delhi,2019-05-17,257.0,False,92.53,False,45.67,False
Delhi,2019-05-18,176.0,False,44.28,False,33.79,False
Delhi,2019-05-19,168.0,False,81.99,False,45.8,False
Delhi,2019-05-20,216.0,False,93.97,False,56.55,False
Delhi,2019-05-21,206.0,False,77.78,False,47.58,False
Delhi,2019-05-22,167.0,False,64.24,False,51.8,False
Delhi,2019-05-23,228.0,False,92.4,False,52.71,False
Delhi,2019-05-24,151.0,False,43.86,False,40.33,False
Delhi,2019-05-25,125.0,False,43.66,False,34.52,False
Delhi,2019-05-26,135.0,False,55.13,False,41.51,False
Delhi,2019-05-27,163.0,False,64.66,False,53.92,False
Delhi,2019-05-28,175.0,False,65.82,False,61.45,False
Delhi,2019-05-29,191.0,False,74.8,False,65.84,False
Delhi,2019-05-30,226.0,False,85.21,False,71.8,False
Delhi,2019-05-31,266.0,False,88.57,False,56.83,False
Delhi,2019-06-01,300.0,False,95.4,False,57.24,False
Delhi,2019-06-02,222.0,False,73.36,False,32.22,False
Delhi,2019-06-03,232.0,False,66.94,False,30.33,False
Delhi,2019-06-04,212.0,False,54.95,False,36.0,False
Delhi,2019-06-05,190.0,False,73.35,False,42.68,False
Delhi,2019-06-06,209.0,False,70.61,False,44.85,False
Delhi,2019-06-07,192.0,False,54.81,False,35.32,False
Delhi,2019-06-08,184.0,False,69.75,False,51.0,False
Delhi,2019-06-09,237.0,False,101.05,False,62.84,False
Delhi,2019-06-10,230.0,False,74.48,False,61.53,False
Delhi,2019-06-11,315.0,False,118.38,False,49.86,False
Delhi,2019-06-12,280.0,False,59.86,False,30.46,False
Delhi,2019-06-13,189.0,False,52.66,False,34.53,False
Delhi,2019-06-14,167.0,False,53.79,False,37.07,False
Delhi,2019-06-15,217.0,False,81.86,False,47.15,False
Delhi,2019-06-16,205.0,False,42.06,False,20.56,False
Delhi,2019-06-17,126.0,False,40.18,False,27.51,False
Delhi,2019-06-18,119.0,False,30.39,False,32.32,False
Delhi,2019-06-19,173.0,False,79.96,False,37.14,False
Delhi,2019-06-20,175.0,False,42.76,False,31.19,False
Delhi,2019-06-21,178.0,False,71.15,False,44.78,False
Delhi,2019-06-22,185.0,False,68.27,False,44.12,False
Delhi,2019-06-23,153.0,False,42.06,False,23.02,False
Delhi,2019-06-24,118.0,False,26.29,False,25.93,False
Delhi,2019-06-25,131.0,False,53.65,False,32.24,False
Delhi,2019-06-26,161.0,False,67.36,False,37.39,False
Delhi,2019-06-27,169.0,False,65.3,False,39.94,False
Delhi,2019-06-28,207.0,False,61.21,False,38.37,False
Delhi,2019-06-29,223.0,False,58.08,False,34.56,False
Delhi,2019-06-30,234.0,False,65.24,False,33.03,False
Delhi,2019-07-01,195.0,False,57.27,False,31.09,False
Delhi,2019-07-02,202.0,False,71.68,False,28.13,False
Delhi,2019-07-03,162.0,False,39.99,False,26.57,False
Delhi,2019-07-04,111.0,False,36.82,False,29.23,False
Delhi,2019-07-05,113.0,False,48.6,False,34.77,False
Delhi,2019-07-06,99.0,False,34.25,False,29.91,False
Delhi,2019-07-07,101.0,False,38.81,False,28.87,False
Delhi,2019-07-08,129.0,False,49.12,False,32.85,False
Delhi,2019-07-09,131.0,False,42.56,False,30.38,False
Delhi,2019-07-10,150.0,False,69.21,False,31.36,False
Delhi,2019-07-11,300.0,False,76.99,False,29.87,False
Delhi,2019-07-12,294.0,False,76.35,False,26.97,False
Delhi,2019-07-13,312.0,False,63.18,False,23.13,False
Delhi,2019-07-14,243.0,False,63.16,False,25.1,False
Delhi,2019-07-15,180.0,False,42.04,False,27.17,False
Delhi,2019-07-16,117.0,False,31.51,False,27.54,False
Delhi,2019-07-17,92.0,False,32.06,False,28.44,False
Delhi,2019-07-18,98.0,False,32.92,False,37.14,False
Delhi,2019-07-19,142.0,False,63.02,False,40.79,False
Delhi,2019-07-20,137.0,False,46.43,False,37.1,False
Delhi,2019-07-21,123.0,False,50.57,False,33.89,False
Delhi,2019-07-22,124.0,False,60.38,False,33.03,False
Delhi,2019-07-23,156.0,False,73.08,False,39.89,False
Delhi,2019-07-24,165.0,False,63.26,False,40.29,False
Delhi,2019-07-25,98.0,False,22.79,False,33.52,False
Delhi,2019-07-26,94.0,False,30.63,False,31.61,False
Delhi,2019-07-27,85.0,False,26.16,False,25.34,False
Delhi,2019-07-28,83.0,False,21.13,False,21.89,False
Delhi,2019-07-29,82.0,False,24.45,False,25.11,False
Delhi,2019-07-30,90.0,False,30.1,False,26.92,False
Delhi,2019-07-31,90.0,False,30.22,False,26.45,False
Delhi,2019-08-01,98.0,False,34.26,False,28.4,False
Delhi,2019-08-02,95.0,False,35.06,False,30.96,False
Delhi,2019-08-03,104.0,False,38.54,False,31.0,False
Delhi,2019-08-04,101.0,False,46.69,False,30.9,False
Delhi,2019-08-05,108.0,False,52.2,False,34.64,False
Delhi,2019-08-06,99.0,False,30.04,False,34.68,False
Delhi,2019-08-07,104.0,False,32.63,False,31.82,False
Delhi,2019-08-08,99.0,False,27.69,False,28.9,False
Delhi,2019-08-09,89.0,False,14.59,False,22.08,False
Delhi,2019-08-10,75.0,False,16.73,False,22.06,False
Delhi,2019-08-11,83.0,False,25.53,False,25.93,False
Delhi,2019-08-12,80.0,False,20.53,False,26.18,False
Delhi,2019-08-13,85.0,False,21.68,False,27.12,False
Delhi,2019-08-14,93.0,False,33.21,False,31.9,False
Delhi,2019-08-15,93.0,False,28.78,False,25.03,False
Delhi,2019-08-16,73.0,False,15.52,False,21.51,False
Delhi,2019-08-17,67.0,False,10.24,False,19.1,False
Delhi,2019-08-18,66.0,False,15.51,False,20.93,False
Delhi,2019-08-19,99.0,False,38.55,False,28.59,False
Delhi,2019-08-20,103.0,False,41.74,False,26.86,False
Delhi,2019-08-21,107.0,False,46.69,False,32.68,False
Delhi,2019-08-22,125.0,False,44.16,False,42.21,False
Delhi,2019-08-23,130.0,False,50.49,False,40.32,False
Delhi,2019-08-24,149.0,False,60.71,False,41.76,False
Delhi,2019-08-25,107.0,False,33.49,False,31.71,False
Delhi,2019-08-26,77.0,False,25.06,False,31.6,False
Delhi,2019-08-27,114.0,False,40.68,False,34.48,False
Delhi,2019-08-28,119.0,False,42.04,False,34.62,False
Delhi,2019-08-29,103.0,False,33.92,False,30.6,False
Delhi,2019-08-30,110.0,False,43.5,False,32.44,False
Delhi,2019-08-31,123.0,False,57.16,False,40.79,False
Delhi,2019-09-01,123.0,False,35.13,False,32.08,False
Delhi,2019-09-02,105.0,False,46.15,False,31.91,False
Delhi,2019-09-03,131.0,False,70.64,False,36.51,False
Delhi,2019-09-04,165.0,False,73.33,False,36.99,False
Delhi,2019-09-05,118.0,False,33.9,False,29.09,False
Delhi,2019-09-06,96.0,False,35.81,False,30.05,False
Delhi,2019-09-07,95.0,False,34.98,False,30.9,False
Delhi,2019-09-08,99.0,False,32.83,False,26.84,False
Delhi,2019-09-09,107.0,False,56.31,False,30.47,False
Delhi,2019-09-10,139.0,False,64.48,False,34.12,False
Delhi,2019-09-11,166.0,False,79.6,False,39.69,False
Delhi,2019-09-12,158.0,False,57.83,False,34.01,False
Delhi,2019-09-13,103.0,False,33.59,False,29.75,False
Delhi,2019-09-14,85.0,False,26.65,False,26.05,False
Delhi,2019-09-15,83.0,False,35.52,False,27.77,False
Delhi,2019-09-16,111.0,False,56.6,False,36.18,False
Delhi,2019-09-17,143.0,False,59.14,False,38.18,False
Delhi,2019-09-18,117.0,False,35.41,False,31.3,False
Delhi,2019-09-19,80.0,False,21.74,False,24.15,False
Delhi,2019-09-20,96.0,False,40.33,False,31.73,False
Delhi,2019-09-21,112.0,False,39.23,False,31.43,False
Delhi,2019-09-22,86.0,False,26.51,False,30.66,False
Delhi,2019-09-23,89.0,False,34.46,False,30.02,False
Delhi,2019-09-24,103.0,False,35.88,False,34.98,False
Delhi,2019-09-25,100.0,False,30.52,False,29.99,False
Delhi,2019-09-26,87.0,False,22.9,False,27.25,False
Delhi,2019-09-27,78.0,False,15.66,False,24.52,False
Delhi,2019-09-28,78.0,False,22.52,False,26.18,False
Delhi,2019-09-29,68.0,False,16.91,False,22.84,False
Delhi,2019-09-30,75.0,False,29.42,False,27.89,False
Delhi,2019-10-01,98.0,False,33.92,False,28.0,False
Delhi,2019-10-02,105.0,False,40.16,False,29.72,False
Delhi,2019-10-03,140.0,False,57.99,False,36.77,False
Delhi,2019-10-04,113.0,False,43.07,False,34.07,False
Delhi,2019-10-05,108.0,False,39.48,False,33.82,False
Delhi,2019-10-06,127.0,False,58.75,False,36.98,False
Delhi,2019-10-07,133.0,False,55.88,False,33.46,False
Delhi,2019-10-08,123.0,False,44.85,False,33.4,False
Delhi,2019-10-09,165.0,False,77.02,False,45.5,False
Delhi,2019-10-10,208.0,False,100.82,False,50.32,False
Delhi,2019-10-11,243.0,False,98.07,False,48.05,False
Delhi,2019-10-12,235.0,False,103.45,False,48.54,False
Delhi,2019-10-13,282.0,False,132.57,False,51.27,False
Delhi,2019-10-14,285.0,False,116.33,False,50.83,False
Delhi,2019-10-15,291.0,False,133.35,False,58.61,False
Delhi,2019-10-16,320.0,False,146.37,False,53.03,False
Delhi,2019-10-17,300.0,False,121.68,False,46.51,False
Delhi,2019-10-18,265.0,False,90.41,False,39.62,False
Delhi,2019-10-19,170.0,False,76.77,False,51.37,False
Delhi,2019-10-20,242.0,False,98.05,False,48.83,False
Delhi,2019-10-21,254.0,False,115.16,False,51.05,False
Delhi,2019-10-22,243.0,False,93.51,False,50.05,False
Delhi,2019-10-23,248.0,False,122.12,False,57.92,False
Delhi,2019-10-24,335.0,False,173.56,False,67.36,False
Delhi,2019-10-25,331.0,False,129.9,False,52.55,False
Delhi,2019-10-26,315.0,False,148.73,False,56.43,False
Delhi,2019-10-27,354.0,False,198.81,False,48.37,False
Delhi,2019-10-28,417.0,False,301.39,False,48.45,False
Delhi,2019-10-29,419.0,False,287.56,False,60.03,False
Delhi,2019-10-30,452.0,False,279.32,False,63.87,False
Delhi,2019-10-31,460.0,False,314.32,False,71.37,False
Delhi,2019-11-01,591.0,False,388.45,False,73.61,False
Delhi,2019-11-02,473.0,False,320.26,False,54.1,False
Delhi,2019-11-03,659.0,False,582.28,False,49.67,False
Delhi,2019-11-04,532.0,False,272.3,False,44.53,False
Delhi,2019-11-05,385.0,False,190.41,False,44.32,False
Delhi,2019-11-06,265.0,False,101.09,False,54.77,False
Delhi,2019-11-07,296.0,False,182.47,False,51.64,False
Delhi,2019-11-08,346.0,False,154.14,False,52.79,False
Delhi,2019-11-09,321.0,False,140.8,False,44.01,False
Delhi,2019-11-10,339.0,False,192.35,False,50.35,False
Delhi,2019-11-11,376.0,False,252.48,False,61.36,False
Delhi,2019-11-12,475.0,False,384.34,False,66.1,False
Delhi,2019-11-13,532.0,False,383.36,False,73.6,False
Delhi,2019-11-14,537.0,False,371.42,False,82.63,False
Delhi,2019-11-15,595.0,False,423.52,False,59.35,False
Delhi,2019-11-16,438.0,False,174.03,False,42.35,False
Delhi,2019-11-17,273.0,False,96.34,False,33.78,False
Delhi,2019-11-18,245.0,False,108.4,False,40.05,False
Delhi,2019-11-19,251.0,False,126.92,False,52.79,False
Delhi,2019-11-20,315.0,False,175.19,False,77.62,False
Delhi,2019-11-21,375.0,False,217.7,False,91.65,False
Delhi,2019-11-22,377.0,False,201.17,False,75.08,False
Delhi,2019-11-23,334.0,False,130.41,False,52.7,False
Delhi,2019-11-24,264.0,False,107.86,False,43.51,False
Delhi,2019-11-25,269.0,False,122.37,False,53.29,False
Delhi,2019-11-26,284.0,False,114.27,False,53.83,False
Delhi,2019-11-27,166.0,False,65.7,False,42.94,False
Delhi,2019-11-28,106.0,False,31.03,False,32.3,False
Delhi,2019-11-29,89.0,False,53.79,False,41.9,False
Delhi,2019-11-30,175.0,False,96.96,False,45.04,False
Delhi,2019-12-01,257.0,False,123.66,False,50.39,False
Delhi,2019-12-02,299.0,False,141.12,False,57.23,False
Delhi,2019-12-03,302.0,False,140.07,False,60.85,False
Delhi,2019-12-04,313.0,False,163.24,False,71.65,False
Delhi,2019-12-05,389.0,False,271.99,False,91.53,False
Delhi,2019-12-06,423.0,False,241.69,False,69.73,False
Delhi,2019-12-07,382.0,False,233.79,False,66.41,False
Delhi,2019-12-08,404.0,False,239.98,False,68.59,False
Delhi,2019-12-09,371.0,False,200.33,False,68.28,False
Delhi,2019-12-10,377.0,False,236.4,False,72.63,False
Delhi,2019-12-11,430.0,False,299.85,False,85.56,False
Delhi,2019-12-12,471.0,False,284.18,False,64.36,False
Delhi,2019-12-13,322.0,False,94.62,False,41.21,False
Delhi,2019-12-14,179.0,False,78.59,False,41.29,False
Delhi,2019-12-15,205.0,False,94.67,False,39.9,False
Delhi,2019-12-16,202.0,False,88.05,False,35.06,False
Delhi,2019-12-17,178.0,False,93.07,False,32.7,False
Delhi,2019-12-18,273.0,False,144.0,False,44.41,False
Delhi,2019-12-19,354.0,False,261.16,False,55.64,False
Delhi,2019-12-20,452.0,False,316.09,False,60.58,False
Delhi,2019-12-21,441.0,False,249.87,False,50.24,False
Delhi,2019-12-22,351.0,False,146.81,False,38.96,False
Delhi,2019-12-23,321.0,False,171.47,False,39.83,False
Delhi,2019-12-24,376.0,False,262.69,False,56.72,False
Delhi,2019-12-25,384.0,False,166.71,False,39.77,False
Delhi,2019-12-26,340.0,False,196.97,False,45.08,False
Delhi,2019-12-27,372.0,False,240.07,False,54.6,False
Delhi,2019-12-28,425.0,False,275.6,False,55.98,False
Delhi,2019-12-29,455.0,False,326.79,False,57.76,False
Delhi,2019-12-30,506.0,False,333.43,False,55.61,False
Delhi,2019-12-31,417.0,False,245.53,False,47.5,False
Delhi,2020-01-01,492.0,False,372.14,False,64.18,False
Delhi,2020-01-02,485.0,False,327.04,False,64.8,False
Delhi,2020-01-03,426.0,False,228.9,False,55.65,False
Delhi,2020-01-04,366.0,False,220.6,False,57.67,False
Delhi,2020-01-05,354.0,False,170.21,False,48.25,False
Delhi,2020-01-06,335.0,False,159.64,False,51.19,False
Delhi,2020-01-07,285.0,False,120.31,False,44.9,False
Delhi,2020-01-08,281.0,False,117.98,False,38.64,False
Delhi,2020-01-09,231.0,False,89.26,False,32.3,False
Delhi,2020-01-10,255.0,False,130.82,False,45.12,False
Delhi,2020-01-11,309.0,False,151.1,False,53.28,False
Delhi,2020-01-12,352.0,False,207.23,False,59.91,False
Delhi,2020-01-13,381.0,False,218.98,False,55.04,False
Delhi,2020-01-14,314.0,False,115.62,False,38.08,False
Delhi,2020-01-15,241.0,False,111.57,False,47.45,False
Delhi,2020-01-16,286.0,False,139.06,False,44.21,False
Delhi,2020-01-17,287.0,False,107.65,False,36.19,False
Delhi,2020-01-18,262.0,False,125.3,False,43.78,False
Delhi,2020-01-19,290.0,False,125.04,False,34.18,False
Delhi,2020-01-20,282.0,False,142.18,False,38.21,False
Delhi,2020-01-21,359.0,False,222.81,False,48.18,False
Delhi,2020-01-22,378.0,False,198.88,False,44.3,False
Delhi,2020-01-23,273.0,False,74.45,False,35.26,False
Delhi,2020-01-24,155.0,False,79.83,False,44.0,False
Delhi,2020-01-25,251.0,False,136.72,False,56.31,False
Delhi,2020-01-26,349.0,False,201.2,False,50.94,False
Delhi,2020-01-27,365.0,False,209.97,False,67.09,False
Delhi,2020-01-28,302.0,False,104.45,False,42.01,False
Delhi,2020-01-29,218.0,False,77.95,False,42.24,False
Delhi,2020-01-30,195.0,False,91.56,False,45.04,False
Delhi,2020-01-31,203.0,False,92.04,False,47.35,False
Delhi,2020-02-01,244.0,False,112.13,False,44.25,False
Delhi,2020-02-02,254.0,False,120.86,False,45.28,False
Delhi,2020-02-03,297.0,False,138.5,False,53.71,False
Delhi,2020-02-04,336.0,False,188.42,False,64.8,False
Delhi,2020-02-05,344.0,False,150.08,False,53.35,False
Delhi,2020-02-06,277.0,False,118.57,False,51.82,False
Delhi,2020-02-07,307.0,False,150.15,False,58.46,False
Delhi,2020-02-08,315.0,False,149.67,False,47.55,False
Delhi,2020-02-09,310.0,False,151.43,False,50.75,False
Delhi,2020-02-10,328.0,False,174.4,False,56.48,False
Delhi,2020-02-11,347.0,False,176.57,False,60.12,False
Delhi,2020-02-12,343.0,False,172.12,False,55.96,False
Delhi,2020-02-13,279.0,False,95.72,False,41.59,False
Delhi,2020-02-14,186.0,False,73.84,False,34.6,False
Delhi,2020-02-15,174.0,False,83.07,False,44.57,False
Delhi,2020-02-16,254.0,False,132.63,False,57.15,False
Delhi,2020-02-17,323.0,False,158.69,False,61.17,False
Delhi,2020-02-18,292.0,False,125.53,False,59.91,False
Delhi,2020-02-19,300.0,False,138.46,False,59.9,False
Delhi,2020-02-20,253.0,False,98.84,False,44.05,False
Delhi,2020-02-21,170.0,False,53.11,False,33.27,False
Delhi,2020-02-22,104.0,False,63.62,False,41.23,False
Delhi,2020-02-23,221.0,False,105.71,False,42.24,False
Delhi,2020-02-24,169.0,False,70.59,False,44.2,False
Delhi,2020-02-25,244.0,False,127.75,False,46.76,False
Delhi,2020-02-26,303.0,False,141.81,False,50.67,False
Delhi,2020-02-27,270.0,False,107.28,False,46.15,False
Delhi,2020-02-28,214.0,False,83.48,False,33.92,False
Delhi,2020-02-29,144.0,False,60.01,False,33.98,False
Delhi,2020-03-01,105.0,False,42.83,False,40.73,False
Delhi,2020-03-02,192.0,False,99.34,False,50.23,False
Delhi,2020-03-03,226.0,False,86.26,False,46.6,False
Delhi,2020-03-04,200.0,False,82.9,False,45.62,False
Delhi,2020-03-05,112.0,False,31.43,False,32.97,False
Delhi,2020-03-06,82.0,False,21.32,False,33.71,False
Delhi,2020-03-07,77.0,False,40.96,False,35.53,False
Delhi,2020-03-08,156.0,False,72.1,False,37.14,False
Delhi,2020-03-09,138.0,False,58.04,False,32.29,False
Delhi,2020-03-10,186.0,False,84.35,False,30.22,False
Delhi,2020-03-11,128.0,False,55.19,False,29.76,False
Delhi,2020-03-12,125.0,False,56.92,False,36.74,False
Delhi,2020-03-13,170.0,False,68.72,False,40.53,False
Delhi,2020-03-14,131.0,False,39.41,False,34.59,False
Delhi,2020-03-15,124.0,False,60.99,False,41.09,False
Delhi,2020-03-16,148.0,False,61.61,False,41.52,False
Delhi,2020-03-17,164.0,False,69.7,False,43.5,False
Delhi,2020-03-18,162.0,False,68.93,False,45.86,False
Delhi,2020-03-19,191.0,False,90.62,False,45.67,False
Delhi,2020-03-20,209.0,False,90.31,False,51.26,False
Delhi,2020-03-21,205.0,False,82.39,False,46.04,False
Delhi,2020-03-22,198.0,False,78.61,False,29.85,False
Delhi,2020-03-23,127.0,False,54.26,False,25.96,False
Delhi,2020-03-24,124.0,False,55.85,False,27.07,False
Delhi,2020-03-25,92.0,False,37.87,False,21.11,False
Delhi,2020-03-26,93.0,False,45.69,False,16.58,False
Delhi,2020-03-27,76.0,False,26.89,False,15.32,False
Delhi,2020-03-28,51.0,False,21.23,False,17.52,False
Delhi,2020-03-29,64.0,False,27.59,False,16.6,False
Delhi,2020-03-30,74.0,False,35.08,False,17.52,False
Delhi,2020-03-31,81.0,False,35.31,False,18.03,False
Delhi,2020-04-01,80.0,False,32.88,False,19.17,False
Delhi,2020-04-02,78.0,False,28.51,False,17.18,False
Delhi,2020-04-03,84.0,False,31.36,False,20.07,False
Delhi,2020-04-04,90.0,False,40.79,False,22.38,False
Delhi,2020-04-05,103.0,False,51.79,False,24.42,False
Delhi,2020-04-06,134.0,False,59.91,False,24.37,False
Delhi,2020-04-07,100.0,False,33.12,False,19.27,False
Delhi,2020-04-08,91.0,False,29.7,False,18.56,False
Delhi,2020-04-09,89.0,False,36.13,False,21.37,False
Delhi,2020-04-10,111.0,False,57.67,False,27.12,False
Delhi,2020-04-11,126.0,False,53.03,False,23.64,False
Delhi,2020-04-12,102.0,False,38.57,False,17.59,False
Delhi,2020-04-13,119.0,False,60.6,False,23.4,False
Delhi,2020-04-14,134.0,False,58.22,False,25.71,False
Delhi,2020-04-15,152.0,False,58.31,False,24.55,False
Delhi,2020-04-16,172.0,False,69.8,False,25.01,False
Delhi,2020-04-17,123.0,False,26.93,False,15.83,False
Delhi,2020-04-18,102.0,False,29.09,False,15.45,False
Delhi,2020-04-19,95.0,False,35.49,False,19.72,False
Delhi,2020-04-20,115.0,False,52.86,False,24.56,False
Delhi,2020-04-21,102.0,False,37.17,False,19.64,False
Delhi,2020-04-22,122.0,False,58.25,False,24.79,False
Delhi,2020-04-23,129.0,False,54.71,False,24.83,False
Delhi,2020-04-24,143.0,False,65.91,False,25.62,False
Delhi,2020-04-25,121.0,False,33.09,False,18.68,False
Delhi,2020-04-26,119.0,False,40.24,False,17.45,False
Delhi,2020-04-27,98.0,False,27.18,False,14.8,False
Delhi,2020-04-28,105.0,False,41.75,False,17.35,False
Delhi,2020-04-29,123.0,False,55.18,False,20.11,False
Delhi,2020-04-30,128.0,False,49.96,False,17.61,False
Delhi,2020-05-01,140.0,False,61.04,False,18.46,False
Delhi,2020-05-02,127.0,False,34.67,False,14.36,False
Delhi,2020-05-03,110.0,False,32.56,False,15.14,False
Delhi,2020-05-04,92.0,False,26.63,False,16.95,False
Delhi,2020-05-05,117.0,False,56.24,False,21.36,False
Delhi,2020-05-06,139.0,False,58.44,False,21.88,False
Delhi,2020-05-07,140.0,False,36.02,False,17.97,False
Delhi,2020-05-08,138.0,False,51.09,False,21.66,False
Delhi,2020-05-09,142.0,False,54.18,False,17.65,False
Delhi,2020-05-10,127.0,False,44.3,False,16.46,False
Delhi,2020-05-11,113.0,False,43.26,False,19.53,False
Delhi,2020-05-12,122.0,False,43.19,False,18.49,False
Delhi,2020-05-13,132.0,False,68.8,False,21.34,False
Delhi,2020-05-14,154.0,False,56.17,False,25.12,False
Delhi,2020-05-15,125.0,False,47.44,False,23.45,False
Delhi,2020-05-16,175.0,False,81.87,False,26.17,False
Delhi,2020-05-17,202.0,False,98.63,False,31.96,False
Delhi,2020-05-18,222.0,False,101.02,False,34.76,False
Delhi,2020-05-19,238.0,False,106.63,False,42.67,False
Delhi,2020-05-20,196.0,False,67.8,False,32.8,False
Delhi,2020-05-21,149.0,False,55.92,False,31.36,False
Delhi,2020-05-22,199.0,False,94.37,False,45.36,False
Delhi,2020-05-23,202.0,False,74.92,False,42.43,False
Delhi,2020-05-24,174.0,False,55.37,False,27.35,False
Delhi,2020-05-25,157.0,False,61.46,False,30.92,False
Delhi,2020-05-26,153.0,False,55.38,False,37.79,False
Delhi,2020-05-27,156.0,False,43.22,False,26.95,False
Delhi,2020-05-28,174.0,False,39.07,False,17.1,False
Delhi,2020-05-29,129.0,False,24.62,False,19.02,False
Delhi,2020-05-30,84.0,False,23.09,False,18.51,False
Delhi,2020-05-31,80.0,False,21.51,False,17.05,False
Delhi,2020-06-01,100.0,False,41.05,False,22.99,False
Delhi,2020-06-02,123.0,False,45.9,False,24.78,False
Delhi,2020-06-03,123.0,False,50.62,False,28.02,False
Delhi,2020-06-04,144.0,False,68.24,False,34.11,False
Delhi,2020-06-05,126.0,False,42.43,False,25.87,False
Delhi,2020-06-06,102.0,False,35.14,False,21.25,False
Delhi,2020-06-07,104.0,False,39.99,False,22.65,False
Delhi,2020-06-08,112.0,False,46.9,False,25.81,False
Delhi,2020-06-09,138.0,False,64.77,False,32.01,False
Delhi,2020-06-10,154.0,False,58.9,False,34.31,False
Delhi,2020-06-11,142.0,False,54.69,False,30.94,False
Delhi,2020-06-12,152.0,False,64.0,False,30.05,False
Delhi,2020-06-13,132.0,False,52.36,False,25.46,False
Delhi,2020-06-14,147.0,False,71.08,False,26.01,False
Delhi,2020-06-15,130.0,False,48.69,False,25.95,False
Delhi,2020-06-16,126.0,False,39.87,False,24.58,False
Delhi,2020-06-17,110.0,False,34.35,False,16.94,False
Delhi,2020-06-18,107.0,False,36.84,False,18.32,False
Delhi,2020-06-19,132.0,False,57.6,False,17.78,False
Delhi,2020-06-20,158.0,False,35.96,False,20.37,False
Delhi,2020-06-21,105.0,False,39.7,False,23.7,False
Delhi,2020-06-22,104.0,False,39.47,False,20.61,False
Delhi,2020-06-23,85.0,False,29.02,False,16.39,False
Delhi,2020-06-24,71.0,False,30.91,False,16.84,False
Delhi,2020-06-25,86.0,False,38.37,False,21.41,False
Delhi,2020-06-26,104.0,False,50.01,False,22.06,False
Delhi,2020-06-27,112.0,False,39.8,False,21.46,False
Delhi,2020-06-28,196.0,False,59.52,False,21.6,False
Delhi,2020-06-29,233.0,False,44.86,False,21.57,False
Delhi,2020-06-30,114.0,False,39.8,False,17.96,False
Delhi,2020-07-01,101.0,False,54.01,False,21.05,False
Hyderabad,2015-01-04,,,,,17.19,False
Hyderabad,2015-01-05,,,,,9.69,False
Hyderabad,2015-01-06,,,,,22.02,False
Hyderabad,2015-01-07,,,,,40.08,False
Hyderabad,2015-01-08,,,,,33.02,False
Hyderabad,2015-01-09,,,,,31.6,False
Hyderabad,2015-01-10,,,,,32.52,False
Hyderabad,2015-01-11,,,,,31.96,False
Hyderabad,2015-01-12,,,,,30.2,False
Hyderabad,2015-01-13,,,,,23.37,False
Hyderabad,2015-01-14,,,,,23.01,False
Hyderabad,2015-01-15,,,,,22.18,False
Hyderabad,2015-01-16,,,,,19.17,False
Hyderabad,2015-01-17,,,,,20.48,False
Hyderabad,2015-01-18,,,,,21.93,False
Hyderabad,2015-01-19,,,,,21.48,False
Hyderabad,2015-01-20,,,,,20.47,False
Hyderabad,2015-01-21,,,,,18.09,False
Hyderabad,2015-01-22,,,,,19.01,False
Hyderabad,2015-01-23,,,,,21.35,False
Hyderabad,2015-01-24,,,,,20.44,False
Hyderabad,2015-01-25,,,,,19.71,False
Hyderabad,2015-01-26,,,,,13.54,False
Hyderabad,2015-01-27,,,,,18.54,False
Hyderabad,2015-01-28,,,,,19.6,False
Hyderabad,2015-01-29,,,,,20.68,False
Hyderabad,2015-01-30,,,,,32.1,False
Hyderabad,2015-01-31,,,,,28.57,False
Hyderabad,2015-02-01,,,,,32.65,False
Hyderabad,2015-02-02,,,,,23.89,False
Hyderabad,2015-02-03,,,,,19.41,False
Hyderabad,2015-02-04,,,,,45.9,False
Hyderabad,2015-02-05,,,,,41.93,False
Hyderabad,2015-02-06,,,,,36.6,False
Hyderabad,2015-02-07,,,,,22.94,False
Hyderabad,2015-02-08,,,,,15.96,False
Hyderabad,2015-02-09,,,,,16.54,False
Hyderabad,2015-02-10,,,,,12.77,False
Hyderabad,2015-02-11,,,,,19.62,True
Hyderabad,2015-02-12,,,,,26.48,False
Hyderabad,2015-02-13,,,,,12.59,False
Hyderabad,2015-02-14,,,,,21.55,True
Hyderabad,2015-02-15,,,,,30.51,False
Hyderabad,2015-02-16,,,,,45.49,False
Hyderabad,2015-02-17,,,,,52.83,False
Hyderabad,2015-02-18,,,,,24.63,False
Hyderabad,2015-02-19,,,,,17.3,False
Hyderabad,2015-02-20,,,,,18.22,False
Hyderabad,2015-02-21,,,,,22.16,False
Hyderabad,2015-02-22,,,,,38.32,False
Hyderabad,2015-02-23,,,,,38.21,False
Hyderabad,2015-02-24,,,,,29.65,False
Hyderabad,2015-02-25,,,,,24.99,False
Hyderabad,2015-02-26,,,,,22.9,False
Hyderabad,2015-02-27,,,,,19.24,False
Hyderabad,2015-02-28,,,,,13.32,False
Hyderabad,2015-03-01,,,,,10.93,False
Hyderabad,2015-03-02,,,,,17.6,False
Hyderabad,2015-03-03,,,,,18.14,False
Hyderabad,2015-03-04,,,,,17.44,False
Hyderabad,2015-03-05,,,,,20.67,False
Hyderabad,2015-03-06,,,,,14.68,False
Hyderabad,2015-03-07,,,,,19.36,False
Hyderabad,2015-03-08,,,,,16.46,False
Hyderabad,2015-03-09,,,,,29.46,False
Hyderabad,2015-03-10,,,,,26.4,False
Hyderabad,2015-03-11,,,,,30.79,False
Hyderabad,2015-03-12,,,,,25.33,False
Hyderabad,2015-03-13,,,,,23.86,False
Hyderabad,2015-03-14,,,,,16.89,False
Hyderabad,2015-03-15,,,,,11.37,False
Hyderabad,2015-03-16,,,,,13.34,False
Hyderabad,2015-03-17,,,,,18.99,False
Hyderabad,2015-03-18,,,,,18.97,False
Hyderabad,2015-03-19,,,,,19.97,False
Hyderabad,2015-03-20,,,,,26.43,False
Hyderabad,2015-03-21,,,,,27.4,False
Hyderabad,2015-03-22,,,,,25.69,False
Hyderabad,2015-03-23,,,,,45.32,False
Hyderabad,2015-03-24,,,,,41.95,False
Hyderabad,2015-03-25,,,,,32.15,False
Hyderabad,2015-03-26,,,,,13.56,False
Hyderabad,2015-03-27,,,,,13.92,False
Hyderabad,2015-03-28,,,,,18.56,False
Hyderabad,2015-03-29,,,,,14.74,False
Hyderabad,2015-03-30,,,,,13.84,False
Hyderabad,2015-03-31,120.0,False,47.03,False,16.94,False
Hyderabad,2015-04-01,112.0,False,40.62,False,13.18,False
Hyderabad,2015-04-02,117.8,True,43.18,True,14.34,False
Hyderabad,2015-04-03,123.6,True,45.74,True,22.86,False
Hyderabad,2015-04-04,129.4,True,48.31,True,19.62,False
Hyderabad,2015-04-05,135.2,True,50.87,False,20.91,False
Hyderabad,2015-04-06,141.0,False,83.0,False,12.91,False
Hyderabad,2015-04-07,197.0,False,112.21,False,17.06,False
Hyderabad,2015-04-08,177.0,False,38.67,False,9.28,False
Hyderabad,2015-04-09,104.0,False,33.88,False,13.18,False
Hyderabad,2015-04-10,106.0,False,30.88,False,12.34,False
Hyderabad,2015-04-11,105.0,False,42.88,False,17.22,False
Hyderabad,2015-04-12,128.0,False,26.38,False,8.78,False
Hyderabad,2015-04-13,133.0,False,56.39,False,13.36,False
Hyderabad,2015-04-14,312.0,False,158.32,False,20.35,False
Hyderabad,2015-04-15,179.0,False,44.79,False,15.29,False
Hyderabad,2015-04-16,112.0,False,30.21,False,12.22,False
Hyderabad,2015-04-17,106.0,False,39.04,False,15.82,False
Hyderabad,2015-04-18,147.0,False,76.0,False,33.56,False
Hyderabad,2015-04-19,139.0,False,54.25,False,21.04,False
Hyderabad,2015-04-20,118.0,False,41.38,False,15.76,False
Hyderabad,2015-04-21,123.0,False,75.08,False,15.17,False
Hyderabad,2015-04-22,157.0,False,39.71,False,18.78,False
Hyderabad,2015-04-23,149.0,False,87.54,False,17.45,False
Hyderabad,2015-04-24,165.0,False,39.38,False,12.68,False
Hyderabad,2015-04-25,119.0,False,35.61,False,7.42,False
Hyderabad,2015-04-26,98.0,False,38.2,True,17.87,True
Hyderabad,2015-04-27,86.0,False,40.78,False,28.32,False
Hyderabad,2015-04-28,124.0,False,46.62,False,18.93,False
Hyderabad,2015-04-29,148.0,False,94.29,False,18.65,False
Hyderabad,2015-04-30,176.0,False,53.79,False,19.14,False
Hyderabad,2015-05-01,206.0,False,89.62,False,29.62,False
Hyderabad,2015-05-02,134.0,False,49.38,False,14.38,False
Hyderabad,2015-05-03,115.0,False,38.96,False,13.74,False
Hyderabad,2015-05-04,113.0,False,45.0,False,17.31,False
Hyderabad,2015-05-05,116.0,False,42.62,False,15.34,False
Hyderabad,2015-05-06,150.0,False,43.29,False,18.21,False
Hyderabad,2015-05-07,157.0,False,40.12,False,18.06,False
Hyderabad,2015-05-08,121.0,False,56.88,False,26.23,False
Hyderabad,2015-05-09,149.0,False,62.38,False,22.78,False
Hyderabad,2015-05-10,125.0,False,54.08,False,16.65,False
Hyderabad,2015-05-11,140.0,False,67.08,False,21.67,False
Hyderabad,2015-05-12,130.0,False,40.88,False,13.54,False
Hyderabad,2015-05-13,125.0,False,83.21,False,21.74,False
Hyderabad,2015-05-14,177.0,False,40.58,False,8.42,False
Hyderabad,2015-05-15,123.0,False,36.5,False,8.52,False
Hyderabad,2015-05-16,120.0,False,41.67,False,11.99,False
Hyderabad,2015-05-17,114.0,False,32.75,False,9.74,False
Hyderabad,2015-05-18,116.0,False,42.96,False,13.2,False
Hyderabad,2015-05-19,143.0,False,60.79,False,18.36,False
Hyderabad,2015-05-20,145.0,False,53.67,False,16.05,False
Hyderabad,2015-05-21,158.0,False,68.96,False,20.16,False
Hyderabad,2015-05-22,171.0,False,66.38,False,18.99,False
Hyderabad,2015-05-23,117.0,False,43.29,False,13.27,False
Hyderabad,2015-05-24,117.0,False,44.79,False,13.64,False
Hyderabad,2015-05-25,132.0,False,41.21,False,11.5,False
Hyderabad,2015-05-26,113.0,False,54.12,False,15.75,False
Hyderabad,2015-05-27,160.0,False,60.5,False,12.31,False
Hyderabad,2015-05-28,83.0,False,45.38,False,10.4,False
Hyderabad,2015-05-29,120.0,False,49.54,False,15.76,False
Hyderabad,2015-05-30,120.0,False,48.12,False,11.3,False
Hyderabad,2015-05-31,125.0,False,53.42,False,13.81,False
Hyderabad,2015-06-01,165.0,False,237.79,False,9.84,False
Hyderabad,2015-06-02,661.0,False,539.13,False,8.57,False
Hyderabad,2015-06-03,294.0,False,49.54,False,14.49,False
Hyderabad,2015-06-04,125.0,False,50.58,False,11.94,False
Hyderabad,2015-06-05,117.0,False,43.62,False,14.44,False
Hyderabad,2015-06-06,127.0,False,83.88,False,15.72,False
Hyderabad,2015-06-07,179.0,False,43.12,False,20.71,False
Hyderabad,2015-06-08,118.0,False,30.71,False,11.84,False
Hyderabad,2015-06-09,98.0,False,25.79,False,12.17,False
Hyderabad,2015-06-10,100.0,False,25.58,False,14.21,False
Hyderabad,2015-06-11,102.0,False,26.0,False,13.23,False
Hyderabad,2015-06-12,95.0,False,24.88,False,11.33,False
Hyderabad,2015-06-13,106.0,False,29.33,False,12.49,False
Hyderabad,2015-06-14,142.0,False,87.21,False,9.67,False
Hyderabad,2015-06-15,163.0,False,25.07,False,6.58,False
Hyderabad,2015-06-16,98.0,False,31.0,False,8.18,False
Hyderabad,2015-06-17,98.0,False,26.38,False,8.22,False
Hyderabad,2015-06-18,94.0,False,23.83,False,6.55,False
Hyderabad,2015-06-19,93.0,False,26.92,False,8.71,False
Hyderabad,2015-06-20,96.0,False,26.82,False,8.36,False
Hyderabad,2015-06-21,94.0,False,23.67,False,7.91,False
Hyderabad,2015-06-22,105.0,False,66.78,False,5.87,False
Hyderabad,2015-06-23,132.0,False,14.75,False,4.18,False
Hyderabad,2015-06-24,348.0,False,467.67,False,4.07,False
Hyderabad,2015-06-25,342.0,False,22.75,False,4.24,False
Hyderabad,2015-06-26,96.0,False,33.29,False,7.34,False
Hyderabad,2015-06-27,104.0,False,39.62,False,9.26,False
Hyderabad,2015-06-28,114.0,False,35.88,False,10.35,False
Hyderabad,2015-06-29,141.0,False,45.88,False,18.72,False
Hyderabad,2015-06-30,119.0,False,35.54,False,12.07,False
Hyderabad,2015-07-01,99.0,False,26.29,False,5.89,False
Hyderabad,2015-07-02,97.0,False,29.67,False,10.41,False
Hyderabad,2015-07-03,108.0,False,37.0,False,9.01,False
Hyderabad,2015-07-04,103.0,False,34.92,False,8.77,False
Hyderabad,2015-07-05,102.0,False,29.54,False,5.22,False
Hyderabad,2015-07-06,97.0,False,27.42,False,5.97,False
Hyderabad,2015-07-07,99.0,False,31.38,False,6.78,False
Hyderabad,2015-07-08,98.0,False,26.5,False,5.32,False
Hyderabad,2015-07-09,91.0,False,24.42,False,4.88,False
Hyderabad,2015-07-10,94.0,False,24.97,False,4.45,False
Hyderabad,2015-07-11,91.0,False,24.71,False,5.87,False
Hyderabad,2015-07-12,98.0,False,32.54,False,7.14,False
Hyderabad,2015-07-13,117.0,False,32.46,False,6.24,False
Hyderabad,2015-07-14,102.0,False,36.08,False,8.45,False
Hyderabad,2015-07-15,113.0,False,30.78,False,7.49,False
Hyderabad,2015-07-16,184.0,False,31.94,False,8.43,False
Hyderabad,2015-07-17,58.0,False,23.75,False,6.3,False
Hyderabad,2015-07-18,38.0,False,23.04,False,5.28,False
Hyderabad,2015-07-19,40.0,False,24.17,False,5.33,False
Hyderabad,2015-07-20,41.0,False,25.12,False,5.65,False
Hyderabad,2015-07-21,43.0,False,25.77,False,7.09,False
Hyderabad,2015-07-22,40.0,False,24.78,False,7.0,False
Hyderabad,2015-07-23,41.0,False,22.92,False,7.27,False
Hyderabad,2015-07-24,49.0,False,20.52,False,5.95,False
Hyderabad,2015-07-25,33.0,False,20.58,False,5.33,False
Hyderabad,2015-07-26,39.0,False,24.08,False,5.95,False
Hyderabad,2015-07-27,91.0,False,22.61,False,5.5,False
Hyderabad,2015-07-28,38.0,False,24.46,False,5.82,False
Hyderabad,2015-07-29,47.0,False,28.17,False,7.71,False
Hyderabad,2015-07-30,38.0,False,19.83,False,8.28,False
Hyderabad,2015-07-31,104.0,False,19.33,False,8.52,False
Hyderabad,2015-08-01,89.0,False,21.46,False,8.91,False
Hyderabad,2015-08-02,100.0,False,28.96,False,9.68,False
Hyderabad,2015-08-03,92.0,False,23.04,False,8.62,False
Hyderabad,2015-08-04,92.0,False,26.33,False,9.38,False
Hyderabad,2015-08-05,92.0,False,21.56,False,8.86,False
Hyderabad,2015-08-06,91.0,False,24.75,False,10.77,False
Hyderabad,2015-08-07,93.0,False,24.82,False,10.82,False
Hyderabad,2015-08-08,95.0,False,25.79,False,10.57,False
Hyderabad,2015-08-09,92.0,False,25.79,False,10.61,False
Hyderabad,2015-08-10,96.0,False,24.96,False,10.62,False
Hyderabad,2015-08-11,90.0,False,22.0,False,10.29,False
Hyderabad,2015-08-12,87.0,False,17.79,False,8.7,False
Hyderabad,2015-08-13,89.0,False,26.18,False,9.68,False
Hyderabad,2015-08-14,96.0,False,28.33,False,12.02,False
Hyderabad,2015-08-15,106.0,False,29.96,False,11.94,False
Hyderabad,2015-08-16,104.0,False,30.67,False,13.33,False
Hyderabad,2015-08-17,112.0,False,30.79,False,13.48,False
Hyderabad,2015-08-18,102.0,False,34.23,False,15.1,False
Hyderabad,2015-08-19,122.0,False,75.88,False,15.6,False
Hyderabad,2015-08-20,214.0,False,107.98,False,12.71,False
Hyderabad,2015-08-21,316.0,False,299.25,False,12.06,False
Hyderabad,2015-08-22,390.0,False,108.69,False,16.27,False
Hyderabad,2015-08-23,221.0,False,51.0,False,16.72,False
Hyderabad,2015-08-24,88.0,False,65.69,False,16.69,False
Hyderabad,2015-08-25,173.0,False,67.85,False,18.4,False
Hyderabad,2015-08-26,114.0,False,32.6,False,16.37,False
Hyderabad,2015-08-27,128.0,False,96.77,False,21.29,False
Hyderabad,2015-08-28,253.0,False,102.47,False,21.15,False
Hyderabad,2015-08-29,186.0,False,31.12,False,16.07,False
Hyderabad,2015-08-30,101.0,False,30.12,False,17.82,False
Hyderabad,2015-08-31,97.0,False,38.9,False,12.8,False
Hyderabad,2015-09-01,124.0,False,53.65,False,11.61,False
Hyderabad,2015-09-02,136.0,False,90.29,False,11.4,False
Hyderabad,2015-09-03,263.0,False,96.48,False,13.47,False
Hyderabad,2015-09-04,237.0,False,161.72,False,14.42,False
Hyderabad,2015-09-05,305.0,False,114.41,False,16.11,False
Hyderabad,2015-09-06,237.0,False,59.42,False,22.56,False
Hyderabad,2015-09-07,114.0,False,48.83,False,22.54,False
Hyderabad,2015-09-08,179.0,False,91.82,False,28.93,False
Hyderabad,2015-09-09,162.0,False,35.56,False,31.15,False
Hyderabad,2015-09-10,76.0,False,45.64,False,28.96,False
Hyderabad,2015-09-11,140.0,False,60.88,False,30.64,False
Hyderabad,2015-09-12,128.0,False,65.61,False,26.03,False
Hyderabad,2015-09-13,164.0,False,60.02,False,19.82,False
Hyderabad,2015-09-14,169.0,False,73.21,False,19.94,False
Hyderabad,2015-09-15,189.0,False,83.87,False,20.0,False
Hyderabad,2015-09-16,142.0,False,56.53,False,18.53,False
Hyderabad,2015-09-17,112.0,False,33.03,False,12.01,False
Hyderabad,2015-09-18,60.0,False,37.08,False,12.15,False
Hyderabad,2015-09-19,114.0,False,95.29,False,14.22,False
Hyderabad,2015-09-20,271.0,False,105.12,False,17.08,False
Hyderabad,2015-09-21,217.0,False,86.36,False,12.23,False
Hyderabad,2015-09-22,160.0,False,88.0,False,14.96,False
Hyderabad,2015-09-23,270.0,False,110.77,False,16.17,False
Hyderabad,2015-09-24,136.0,False,44.79,False,13.31,False
Hyderabad,2015-09-25,81.0,False,63.99,False,12.99,False
Hyderabad,2015-09-26,179.0,False,107.7,False,13.3,False
Hyderabad,2015-09-27,221.0,False,64.93,False,9.84,False
Hyderabad,2015-09-28,138.0,False,78.9,False,15.42,False
Hyderabad,2015-09-29,139.0,False,69.88,False,11.01,False
Hyderabad,2015-09-30,240.0,False,158.15,False,8.66,False
Hyderabad,2015-10-01,340.0,False,120.75,False,21.65,False
Hyderabad,2015-10-02,125.0,False,29.66,False,25.94,False
Hyderabad,2015-10-03,75.0,False,36.56,False,20.11,False
Hyderabad,2015-10-04,85.0,False,42.69,False,17.81,False
Hyderabad,2015-10-05,113.0,False,75.04,False,16.05,False
Hyderabad,2015-10-06,231.0,False,136.45,False,11.76,False
Hyderabad,2015-10-07,246.0,False,150.93,False,6.52,False
Hyderabad,2015-10-08,244.0,False,116.24,False,7.43,False
Hyderabad,2015-10-09,316.0,False,137.28,False,7.93,False
Hyderabad,2015-10-10,219.0,False,69.24,False,2.3,False
Hyderabad,2015-10-11,117.0,False,45.98,False,2.28,False
Hyderabad,2015-10-12,182.0,False,106.66,False,2.56,False
Hyderabad,2015-10-13,125.0,False,58.05,False,3.46,False
Hyderabad,2015-10-14,189.0,False,124.14,False,6.46,False
Hyderabad,2015-10-15,272.0,False,192.41,False,3.91,False
Hyderabad,2015-10-16,266.0,False,118.66,False,1.87,False
Hyderabad,2015-10-17,230.0,False,155.84,False,1.17,False
Hyderabad,2015-10-18,210.0,False,59.6,False,0.95,False
Hyderabad,2015-10-19,118.0,False,65.35,False,1.05,False
Hyderabad,2015-10-20,179.0,False,116.35,False,2.84,False
Hyderabad,2015-10-21,212.0,False,84.18,False,3.3,False
Hyderabad,2015-10-22,156.0,False,86.98,False,1.94,False
Hyderabad,2015-10-23,191.0,False,73.34,False,1.33,False
Hyderabad,2015-10-24,185.0,False,133.6,False,0.85,False
Hyderabad,2015-10-25,235.0,False,103.01,False,0.74,False
Hyderabad,2015-10-26,210.0,False,95.22,False,0.74,False
Hyderabad,2015-10-27,226.0,False,122.14,False,0.73,False
Hyderabad,2015-10-28,227.0,False,81.18,False,0.67,False
Hyderabad,2015-10-29,216.0,False,252.47,False,0.64,False
Hyderabad,2015-10-30,487.0,False,516.2,False,0.62,False
Hyderabad,2015-10-31,502.0,False,270.21,False,0.65,False
Hyderabad,2015-11-01,188.0,False,31.56,False,0.71,False
Hyderabad,2015-11-02,106.0,False,54.91,False,0.71,False
Hyderabad,2015-11-03,120.0,False,56.93,False,1.18,False
Hyderabad,2015-11-04,130.0,False,40.67,False,1.72,False
Hyderabad,2015-11-05,103.0,False,50.03,False,4.47,False
Hyderabad,2015-11-06,179.0,False,89.59,False,14.73,False
Hyderabad,2015-11-07,206.0,False,86.87,False,14.84,False
Hyderabad,2015-11-08,145.0,False,51.21,False,10.48,False
Hyderabad,2015-11-09,114.0,False,53.87,False,15.98,False
Hyderabad,2015-11-10,129.0,False,67.45,False,18.54,False
Hyderabad,2015-11-11,135.0,False,85.48,False,17.0,False
Hyderabad,2015-11-12,275.0,False,88.14,False,19.56,False
Hyderabad,2015-11-13,157.0,False,72.77,False,15.59,False
Hyderabad,2015-11-14,131.0,False,61.82,False,15.61,False
Hyderabad,2015-11-15,144.0,False,70.51,False,16.18,False
Hyderabad,2015-11-16,130.0,False,69.02,False,10.53,False
Hyderabad,2015-11-17,128.0,False,44.27,False,6.38,False
Hyderabad,2015-11-18,102.0,False,46.31,False,6.58,False
Hyderabad,2015-11-19,110.0,False,37.76,False,5.1,False
Hyderabad,2015-11-20,86.0,False,30.44,False,6.96,False
Hyderabad,2015-11-21,92.0,False,38.88,False,9.18,False
Hyderabad,2015-11-22,121.0,False,70.96,False,7.21,False
Hyderabad,2015-11-23,97.0,False,46.04,False,7.92,False
Hyderabad,2015-11-24,102.0,False,40.59,False,10.51,False
Hyderabad,2015-11-25,119.0,False,69.37,False,15.65,False
Hyderabad,2015-11-26,199.0,False,91.06,False,21.0,False
Hyderabad,2015-11-27,172.0,False,83.12,False,16.36,False
Hyderabad,2015-11-28,172.0,False,81.22,False,11.75,False
Hyderabad,2015-11-29,164.0,False,67.13,False,9.39,False
Hyderabad,2015-11-30,119.0,False,45.49,False,8.74,False
Hyderabad,2015-12-01,101.0,False,38.24,False,10.07,False
Hyderabad,2015-12-02,95.0,False,29.53,False,10.13,False
Hyderabad,2015-12-03,99.0,False,45.97,False,17.38,False
Hyderabad,2015-12-04,120.0,False,57.22,False,19.75,False
Hyderabad,2015-12-05,127.0,False,61.11,False,16.02,False
Hyderabad,2015-12-06,133.0,False,61.38,False,24.24,False
Hyderabad,2015-12-07,160.0,False,79.25,False,22.09,False
Hyderabad,2015-12-08,147.0,False,72.74,False,17.02,False
Hyderabad,2015-12-09,137.0,False,60.2,False,16.7,False
Hyderabad,2015-12-10,120.0,False,49.53,False,16.6,False
Hyderabad,2015-12-11,101.0,False,24.85,False,12.14,False
Hyderabad,2015-12-12,111.0,False,42.92,False,13.9,False
Hyderabad,2015-12-13,124.0,False,57.34,False,9.76,False
Hyderabad,2015-12-14,102.0,False,30.53,False,10.89,False
Hyderabad,2015-12-15,100.0,False,30.54,False,14.83,False
Hyderabad,2015-12-16,101.0,False,33.68,False,12.81,False
Hyderabad,2015-12-17,92.0,False,33.48,False,12.47,False
Hyderabad,2015-12-18,98.0,False,36.17,False,12.44,False
Hyderabad,2015-12-19,101.0,False,38.31,False,13.32,False
Hyderabad,2015-12-20,104.0,False,45.87,False,8.87,False
Hyderabad,2015-12-21,93.0,False,30.24,False,11.64,False
Hyderabad,2015-12-22,102.0,False,59.23,False,13.39,False
Hyderabad,2015-12-23,115.0,False,38.41,False,12.88,False
Hyderabad,2015-12-24,113.0,False,60.86,False,11.42,False
Hyderabad,2015-12-25,142.0,False,74.08,False,8.91,False
Hyderabad,2015-12-26,174.0,False,79.9,False,12.23,False
Hyderabad,2015-12-27,176.0,False,79.52,False,14.89,False
Hyderabad,2015-12-28,148.0,False,65.91,False,21.23,False
Hyderabad,2015-12-29,147.0,False,68.43,False,27.59,False
Hyderabad,2015-12-30,171.0,False,83.76,False,29.6,False
Hyderabad,2015-12-31,213.0,False,177.62,False,25.5,False
Hyderabad,2016-01-01,387.0,False,232.83,False,17.35,False
Hyderabad,2016-01-02,211.0,False,71.44,False,16.6,False
Hyderabad,2016-01-03,145.0,False,66.92,False,15.35,False
Hyderabad,2016-01-04,177.0,False,134.61,False,15.94,False
Hyderabad,2016-01-05,218.0,False,80.83,False,16.65,False
Hyderabad,2016-01-06,205.0,False,109.82,False,19.71,False
Hyderabad,2016-01-07,195.0,False,66.19,False,13.35,False
Hyderabad,2016-01-08,145.0,False,69.27,False,18.17,False
Hyderabad,2016-01-09,228.0,False,97.2,False,20.69,False
Hyderabad,2016-01-10,200.0,False,72.09,False,19.99,False
Hyderabad,2016-01-11,159.0,False,71.44,False,19.87,False
Hyderabad,2016-01-12,219.0,False,129.67,False,22.42,False
Hyderabad,2016-01-13,257.0,False,103.44,False,21.93,False
Hyderabad,2016-01-14,216.0,False,60.76,False,13.38,False
Hyderabad,2016-01-15,155.0,False,56.01,False,7.15,False
Hyderabad,2016-01-16,148.0,False,58.57,False,9.91,False
Hyderabad,2016-01-17,161.0,False,54.12,False,8.61,False
Hyderabad,2016-01-18,171.0,False,43.05,False,9.64,False
Hyderabad,2016-01-19,152.0,False,50.38,False,9.39,False
Hyderabad,2016-01-20,128.0,False,75.11,False,12.5,False
Hyderabad,2016-01-21,147.0,False,62.65,False,10.2,False
Hyderabad,2016-01-22,117.0,False,51.14,False,10.0,False
Hyderabad,2016-01-23,118.0,False,66.16,False,13.23,False
Hyderabad,2016-01-24,149.0,False,73.91,False,10.36,False
Hyderabad,2016-01-25,148.0,False,69.02,False,6.65,False
Hyderabad,2016-01-26,120.0,False,63.61,True,2.7,False
Hyderabad,2016-01-27,133.0,False,58.2,False,2.75,False
Hyderabad,2016-01-28,117.0,False,66.76,False,2.59,False
Hyderabad,2016-01-29,112.0,False,60.79,False,3.01,False
Hyderabad,2016-01-30,110.0,False,61.3,False,2.88,False
Hyderabad,2016-01-31,139.0,False,77.8,False,2.87,False
Hyderabad,2016-02-01,136.0,False,67.17,False,2.76,False
Hyderabad,2016-02-02,120.0,False,58.73,False,2.9,False
Hyderabad,2016-02-03,112.0,False,57.81,False,3.04,False
Hyderabad,2016-02-04,108.0,False,103.27,False,8.26,False
Hyderabad,2016-02-05,174.0,False,68.56,False,13.49,False
Hyderabad,2016-02-06,137.0,False,61.7,False,10.58,False
Hyderabad,2016-02-07,121.0,False,61.74,False,8.97,False
Hyderabad,2016-02-08,134.0,False,69.72,False,10.01,False
Hyderabad,2016-02-09,149.0,False,72.39,False,11.19,False
Hyderabad,2016-02-10,137.0,False,62.0,False,12.15,False
Hyderabad,2016-02-11,124.0,False,66.95,False,10.13,False
Hyderabad,2016-02-12,122.0,False,61.41,False,10.43,False
Hyderabad,2016-02-13,120.0,False,62.77,False,10.25,False
Hyderabad,2016-02-14,120.0,False,58.29,False,7.93,False
Hyderabad,2016-02-15,116.0,False,56.27,False,9.52,False
Hyderabad,2016-02-16,123.0,False,37.03,False,9.96,False
Hyderabad,2016-02-17,95.0,False,47.56,False,12.95,False
Hyderabad,2016-02-18,102.0,False,45.02,False,11.18,False
Hyderabad,2016-02-19,100.0,False,44.95,False,12.82,False
Hyderabad,2016-02-20,134.0,False,173.37,False,17.14,False
Hyderabad,2016-02-21,442.0,False,525.09,False,19.14,False
Hyderabad,2016-02-22,510.0,False,353.58,False,16.83,False
Hyderabad,2016-02-23,235.0,False,65.95,False,10.53,False
Hyderabad,2016-02-24,115.0,False,50.22,False,9.25,False
Hyderabad,2016-02-25,113.0,False,53.47,False,10.41,False
Hyderabad,2016-02-26,109.0,False,48.65,False,7.94,False
Hyderabad,2016-02-27,100.0,False,29.42,False,8.1,False
Hyderabad,2016-02-28,99.0,False,36.27,False,9.6,False
Hyderabad,2016-02-29,98.0,False,33.01,False,9.41,False
Hyderabad,2016-03-01,102.0,False,38.91,False,8.86,False
Hyderabad,2016-03-02,106.0,False,48.34,False,10.22,False
Hyderabad,2016-03-03,110.0,False,50.06,False,12.11,False
Hyderabad,2016-03-04,117.0,False,63.29,False,12.41,False
Hyderabad,2016-03-05,129.0,False,65.76,False,12.36,False
Hyderabad,2016-03-06,118.0,False,43.36,False,10.03,False
Hyderabad,2016-03-07,100.0,False,38.93,False,8.1,False
Hyderabad,2016-03-08,98.0,False,41.44,False,9.64,False
Hyderabad,2016-03-09,118.0,False,50.81,False,13.18,False
Hyderabad,2016-03-10,121.0,False,60.66,False,15.99,False
Hyderabad,2016-03-11,117.0,False,63.93,False,16.48,False
Hyderabad,2016-03-12,135.0,False,63.41,False,13.84,False
Hyderabad,2016-03-13,121.0,False,57.96,False,8.84,False
Hyderabad,2016-03-14,126.0,False,63.41,False,8.98,False
Hyderabad,2016-03-15,109.0,False,48.22,False,8.51,False
Hyderabad,2016-03-16,106.0,False,49.29,False,13.73,False
Hyderabad,2016-03-17,111.0,False,45.8,False,13.46,False
Hyderabad,2016-03-18,98.0,False,54.89,False,8.02,True
Hyderabad,2016-03-19,95.0,False,52.53,False,2.57,False
Hyderabad,2016-03-20,111.0,False,65.12,False,2.69,False
Hyderabad,2016-03-21,112.0,False,56.19,False,3.0,False
Hyderabad,2016-03-22,121.0,False,56.72,False,3.09,False
Hyderabad,2016-03-23,123.0,False,77.4,False,14.08,False
Hyderabad,2016-03-24,160.0,False,73.6,False,10.41,False
Hyderabad,2016-03-25,151.0,False,73.9,False,11.53,False
Hyderabad,2016-03-26,134.0,False,61.09,False,11.4,False
Hyderabad,2016-03-27,141.0,False,69.37,False,9.86,False
Hyderabad,2016-03-28,138.0,False,64.25,False,9.19,False
Hyderabad,2016-03-29,123.0,False,58.28,False,11.1,False
Hyderabad,2016-03-30,125.0,False,55.96,False,11.15,False
Hyderabad,2016-03-31,92.0,False,43.84,False,10.39,False
Hyderabad,2016-04-01,103.0,False,57.97,False,11.52,False
Hyderabad,2016-04-02,102.0,False,56.44,False,17.9,True
Hyderabad,2016-04-03,103.0,False,70.8,False,24.28,False
Hyderabad,2016-04-04,146.0,False,53.75,False,24.81,False
Hyderabad,2016-04-05,103.0,False,52.91,False,34.56,False
Hyderabad,2016-04-06,117.0,False,50.6,False,33.59,False
Hyderabad,2016-04-07,120.0,False,42.22,False,31.94,False
Hyderabad,2016-04-08,88.0,False,31.46,False,35.11,False
Hyderabad,2016-04-09,77.0,False,31.88,False,32.42,False
Hyderabad,2016-04-10,79.0,False,28.04,False,34.6,False
Hyderabad,2016-04-11,99.0,False,46.8,False,34.5,False
Hyderabad,2016-04-12,117.0,False,48.99,False,34.56,False
Hyderabad,2016-04-13,116.0,False,55.96,False,31.16,False
Hyderabad,2016-04-14,131.0,False,66.47,False,37.0,False
Hyderabad,2016-04-15,121.0,False,54.58,False,23.02,False
Hyderabad,2016-04-16,125.0,False,70.92,False,21.28,False
Hyderabad,2016-04-17,151.0,False,63.68,False,20.25,False
Hyderabad,2016-04-18,139.0,False,51.86,False,28.92,False
Hyderabad,2016-04-19,107.0,False,37.66,False,27.73,False
Hyderabad,2016-04-20,105.0,False,45.0,False,33.13,False
Hyderabad,2016-04-21,120.0,False,48.65,False,33.5,False
Hyderabad,2016-04-22,100.0,False,41.99,False,41.0,False
Hyderabad,2016-04-23,101.0,False,26.0,False,21.79,False
Hyderabad,2016-04-24,91.0,False,31.71,True,40.48,True
Hyderabad,2016-04-25,96.5,True,37.42,False,59.18,False
Hyderabad,2016-04-26,102.0,False,56.86,False,44.83,False
Hyderabad,2016-04-27,129.0,False,52.96,False,34.44,False
Hyderabad,2016-04-28,110.0,False,44.3,False,34.53,False
Hyderabad,2016-04-29,99.0,False,40.1,False,32.79,False
Hyderabad,2016-04-30,100.0,False,33.33,False,31.35,False
Hyderabad,2016-05-01,108.0,False,46.08,False,31.1,False
Hyderabad,2016-05-02,104.0,False,37.28,False,26.57,False
Hyderabad,2016-05-03,116.0,False,40.37,False,35.95,False
Hyderabad,2016-05-04,92.0,False,30.1,False,20.72,False
Hyderabad,2016-05-05,67.0,False,29.22,False,29.21,False
Hyderabad,2016-05-06,72.0,False,60.88,False,44.45,False
Hyderabad,2016-05-07,90.0,False,89.48,False,59.85,False
Hyderabad,2016-05-08,156.0,False,40.12,False,35.16,False
Hyderabad,2016-05-09,167.0,False,50.76,False,33.2,False
Hyderabad,2016-05-10,105.0,False,30.45,False,44.42,False
Hyderabad,2016-05-11,105.0,False,60.7,False,51.24,False
Hyderabad,2016-05-12,135.0,False,51.09,False,46.69,False
Hyderabad,2016-05-13,110.0,False,45.67,False,38.21,False
Hyderabad,2016-05-14,110.0,False,46.24,False,35.88,False
Hyderabad,2016-05-15,95.0,False,31.02,False,25.0,False
Hyderabad,2016-05-16,92.0,False,28.39,False,29.68,False
Hyderabad,2016-05-17,83.0,False,23.03,False,28.72,False
Hyderabad,2016-05-18,84.0,False,29.65,False,28.29,False
Hyderabad,2016-05-19,86.0,False,34.57,False,26.2,False
Hyderabad,2016-05-20,92.0,False,29.56,False,19.21,False
Hyderabad,2016-05-21,105.0,False,32.82,False,16.81,False
Hyderabad,2016-05-22,93.0,False,34.45,False,22.97,False
Hyderabad,2016-05-23,95.0,False,30.51,False,22.26,False
Hyderabad,2016-05-24,87.0,False,31.95,False,24.79,False
Hyderabad,2016-05-25,104.0,False,48.62,False,23.86,False
Hyderabad,2016-05-26,147.0,False,42.25,False,22.65,False
Hyderabad,2016-05-27,85.0,False,26.64,False,19.09,False
Hyderabad,2016-05-28,80.0,False,25.43,False,20.32,False
Hyderabad,2016-05-29,85.0,False,26.04,False,21.04,False
Hyderabad,2016-05-30,189.0,False,29.5,False,13.95,False
Hyderabad,2016-05-31,100.0,False,31.88,False,18.0,False
Hyderabad,2016-06-01,111.0,False,39.88,False,22.05,False
Hyderabad,2016-06-02,88.0,False,35.64,False,17.85,False
Hyderabad,2016-06-03,112.0,False,39.59,False,22.33,False
Hyderabad,2016-06-04,112.0,False,29.21,False,12.83,False
Hyderabad,2016-06-05,101.0,False,36.13,False,13.02,False
Hyderabad,2016-06-06,107.0,False,37.4,False,14.63,False
Hyderabad,2016-06-07,131.0,False,40.65,False,25.02,False
Hyderabad,2016-06-08,150.0,False,35.65,False,15.98,False
Hyderabad,2016-06-09,106.0,False,34.02,False,13.95,False
Hyderabad,2016-06-10,108.0,False,31.34,False,10.86,False
Hyderabad,2016-06-11,117.0,False,29.75,False,11.1,False
Hyderabad,2016-06-12,100.0,False,27.26,False,12.64,False
Hyderabad,2016-06-13,109.0,False,63.07,False,10.21,False
Hyderabad,2016-06-14,125.0,False,27.86,False,9.75,False
Hyderabad,2016-06-15,199.0,False,363.14,False,10.54,False
Hyderabad,2016-06-16,737.0,False,571.02,False,10.7,False
Hyderabad,2016-06-17,295.0,False,41.17,False,8.3,False
Hyderabad,2016-06-18,67.0,False,34.72,False,15.23,False
Hyderabad,2016-06-19,115.0,False,34.07,False,12.21,False
Hyderabad,2016-06-20,131.0,False,29.26,False,10.64,False
Hyderabad,2016-06-21,105.0,False,33.96,False,15.16,False
Hyderabad,2016-06-22,146.0,False,24.56,False,11.26,False
Hyderabad,2016-06-23,90.0,False,22.38,False,10.11,False
Hyderabad,2016-06-24,88.0,False,18.01,False,10.22,False
Hyderabad,2016-06-25,88.0,False,21.54,False,9.74,False
Hyderabad,2016-06-26,90.0,False,24.5,False,9.42,False
Hyderabad,2016-06-27,123.0,False,20.94,False,9.17,False
Hyderabad,2016-06-28,106.0,False,66.04,False,10.91,False
Hyderabad,2016-06-29,126.0,False,20.5,False,11.42,False
Hyderabad,2016-06-30,88.0,False,19.67,False,8.87,False
Hyderabad,2016-07-01,88.0,False,22.42,False,11.55,False
Hyderabad,2016-07-02,97.0,False,34.0,False,8.84,False
Hyderabad,2016-07-03,104.0,False,34.0,False,8.37,False
Hyderabad,2016-07-04,163.0,False,121.18,False,7.2,False
Hyderabad,2016-07-05,252.0,False,21.64,False,7.53,False
Hyderabad,2016-07-06,37.0,False,163.16,False,10.55,False
Hyderabad,2016-07-07,205.0,False,30.92,False,9.64,False
Hyderabad,2016-07-08,99.0,False,26.24,False,8.32,False
Hyderabad,2016-07-09,91.0,False,22.79,False,8.77,False
Hyderabad,2016-07-10,107.0,False,62.03,False,8.55,False
Hyderabad,2016-07-11,307.0,False,357.85,False,6.94,False
Hyderabad,2016-07-12,495.0,False,206.93,False,7.81,False
Hyderabad,2016-07-13,194.0,False,9.92,False,8.48,False
Hyderabad,2016-07-14,88.0,False,16.89,False,10.87,False
Hyderabad,2016-07-15,94.0,False,20.57,False,12.83,False
Hyderabad,2016-07-16,120.0,False,19.97,False,14.16,False
Hyderabad,2016-07-17,98.0,False,22.85,False,18.06,False
Hyderabad,2016-07-18,92.0,False,14.22,False,17.92,False
Hyderabad,2016-07-19,36.0,False,8.95,False,14.39,False
Hyderabad,2016-07-20,155.0,False,10.6,False,8.3,False
Hyderabad,2016-07-21,120.0,False,13.04,False,8.78,False
Hyderabad,2016-07-22,138.0,False,49.97,False,9.3,False
Hyderabad,2016-07-23,127.0,False,11.62,False,7.29,False
Hyderabad,2016-07-24,204.0,False,14.36,False,7.94,False
Hyderabad,2016-07-25,131.0,False,13.15,False,10.61,False
Hyderabad,2016-07-26,135.0,False,15.94,False,11.71,False
Hyderabad,2016-07-27,66.0,False,52.59,False,15.72,False
Hyderabad,2016-07-28,248.0,False,20.6,False,15.87,False
Hyderabad,2016-07-29,247.0,False,16.93,False,12.04,False
Hyderabad,2016-07-30,265.0,False,21.67,False,10.55,False
Hyderabad,2016-07-31,240.0,False,10.64,False,8.5,False
Hyderabad,2016-08-01,232.0,False,10.24,False,8.01,False
Hyderabad,2016-08-02,242.0,False,6.01,False,7.35,False
Hyderabad,2016-08-03,234.0,False,4.83,False,7.3,False
Hyderabad,2016-08-04,121.0,False,6.41,False,7.9,False
Hyderabad,2016-08-05,117.0,False,5.81,False,7.43,False
Hyderabad,2016-08-06,22.0,False,7.29,False,8.52,False
Hyderabad,2016-08-07,82.0,False,6.38,False,7.69,False
Hyderabad,2016-08-08,119.0,False,9.67,False,9.49,False
Hyderabad,2016-08-09,86.0,False,8.86,False,8.99,False
Hyderabad,2016-08-10,84.0,False,9.41,False,8.64,False
Hyderabad,2016-08-11,63.0,False,7.81,False,9.11,False
Hyderabad,2016-08-12,120.0,False,9.77,False,8.03,False
Hyderabad,2016-08-13,118.43,True,9.8,True,11.43,True
Hyderabad,2016-08-14,116.86,True,9.84,True,14.83,True
Hyderabad,2016-08-15,115.29,True,9.87,True,18.23,True
Hyderabad,2016-08-16,113.71,True,9.91,True,21.64,True
Hyderabad,2016-08-17,112.14,True,9.94,True,25.04,True
Hyderabad,2016-08-18,110.57,True,9.98,True,28.44,True
Hyderabad,2016-08-19,109.0,True,10.01,True,31.84,True
Hyderabad,2016-08-20,107.43,True,10.05,True,35.24,True
Hyderabad,2016-08-21,105.86,True,10.08,True,38.64,True
Hyderabad,2016-08-22,104.29,True,10.12,True,42.04,True
Hyderabad,2016-08-23,102.71,True,10.15,True,45.45,True
Hyderabad,2016-08-24,101.14,True,10.18,True,48.85,True
Hyderabad,2016-08-25,99.57,True,10.22,True,52.25,True
Hyderabad,2016-08-26,98.0,True,10.25,True,55.65,True
Hyderabad,2016-08-27,96.43,True,10.29,True,59.05,True
Hyderabad,2016-08-28,94.86,True,10.32,True,62.45,True
Hyderabad,2016-08-29,93.29,True,10.36,True,65.86,True
Hyderabad,2016-08-30,91.71,True,10.39,True,69.26,True
Hyderabad,2016-08-31,90.14,True,10.43,True,72.66,True
Hyderabad,2016-09-01,88.57,True,10.46,False,76.06,False
Hyderabad,2016-09-02,87.0,False,6.31,False,44.71,False
Hyderabad,2016-09-03,78.0,False,10.4,False,57.09,False
Hyderabad,2016-09-04,49.0,False,23.0,False,46.21,False
Hyderabad,2016-09-05,67.0,True,15.46,False,52.18,False
Hyderabad,2016-09-06,85.0,False,28.28,False,74.51,False
Hyderabad,2016-09-07,97.0,False,37.15,False,84.52,False
Hyderabad,2016-09-08,93.0,False,25.0,False,78.74,False
Hyderabad,2016-09-09,92.5,True,35.34,False,74.42,False
Hyderabad,2016-09-10,92.0,False,37.09,False,78.98,False
Hyderabad,2016-09-11,66.0,False,24.59,False,70.69,False
Hyderabad,2016-09-12,65.0,False,30.49,False,59.25,False
Hyderabad,2016-09-13,66.0,False,23.2,False,42.07,False
Hyderabad,2016-09-14,55.0,False,23.25,False,42.44,False
Hyderabad,2016-09-15,70.0,False,15.79,False,46.68,False
Hyderabad,2016-09-16,59.0,False,10.75,False,35.0,False
Hyderabad,2016-09-17,59.75,True,9.5,False,38.39,False
Hyderabad,2016-09-18,60.5,True,8.31,True,34.39,True
Hyderabad,2016-09-19,61.25,True,7.12,False,30.4,False
Hyderabad,2016-09-20,62.0,False,9.93,False,31.44,False
Hyderabad,2016-09-21,52.0,False,17.82,False,38.08,False
Hyderabad,2016-09-22,52.0,False,13.08,False,37.98,False
Hyderabad,2016-09-23,34.0,False,7.0,False,43.87,False
Hyderabad,2016-09-24,50.0,True,11.61,False,32.33,False
Hyderabad,2016-09-25,66.0,False,21.28,False,43.64,False
Hyderabad,2016-09-26,82.0,False,31.01,False,49.62,False
Hyderabad,2016-09-27,78.0,False,33.84,False,51.19,False
Hyderabad,2016-09-28,86.0,False,42.99,False,57.36,False
Hyderabad,2016-09-29,100.0,False,39.5,False,53.2,False
Hyderabad,2016-09-30,103.0,False,37.67,False,45.98,False
Hyderabad,2016-10-01,70.0,False,16.68,False,42.12,False
Hyderabad,2016-10-02,55.0,False,13.57,False,41.65,False
Hyderabad,2016-10-03,72.0,False,12.72,False,26.93,False
Hyderabad,2016-10-04,47.0,False,11.98,False,42.12,False
Hyderabad,2016-10-05,73.0,False,9.83,False,35.58,False
Hyderabad,2016-10-06,56.0,False,15.29,False,47.47,False
Hyderabad,2016-10-07,63.0,False,15.45,False,40.95,False
Hyderabad,2016-10-08,55.0,False,16.38,False,39.15,False
Hyderabad,2016-10-09,65.0,False,12.88,False,45.99,False
Hyderabad,2016-10-10,78.67,True,42.0,False,32.55,False
Hyderabad,2016-10-11,92.33,True,45.28,True,39.02,True
Hyderabad,2016-10-12,106.0,False,48.55,False,45.48,False
Hyderabad,2016-10-13,104.0,False,50.52,False,63.89,False
Hyderabad,2016-10-14,97.0,False,44.48,False,73.13,False
Hyderabad,2016-10-15,97.0,False,45.06,False,61.79,False
Hyderabad,2016-10-16,108.0,False,56.83,False,75.39,False
Hyderabad,2016-10-17,100.0,False,54.95,False,87.44,False
Hyderabad,2016-10-18,97.0,False,60.17,False,92.33,False
Hyderabad,2016-10-19,103.0,False,58.85,False,75.82,False
Hyderabad,2016-10-20,104.0,False,61.53,False,77.75,False
Hyderabad,2016-10-21,102.0,False,59.04,False,71.09,False
Hyderabad,2016-10-22,104.0,False,54.48,False,79.11,False
Hyderabad,2016-10-23,111.0,False,56.36,True,86.29,False
Hyderabad,2016-10-24,107.0,False,58.23,False,66.72,False
Hyderabad,2016-10-25,114.0,False,64.18,False,68.11,False
Hyderabad,2016-10-26,107.0,False,61.11,False,60.83,False
Hyderabad,2016-10-27,117.0,False,64.35,False,50.97,False
Hyderabad,2016-10-28,116.0,False,62.16,False,41.2,False
Hyderabad,2016-10-29,130.0,False,73.11,False,49.76,False
Hyderabad,2016-10-30,129.0,False,63.6,False,25.39,False
Hyderabad,2016-10-31,106.0,False,58.15,False,24.36,False
Hyderabad,2016-11-01,118.0,False,73.45,False,35.18,False
Hyderabad,2016-11-02,134.0,False,64.93,False,22.8,False
Hyderabad,2016-11-03,104.0,False,61.75,False,23.49,False
Hyderabad,2016-11-04,113.0,False,65.1,False,13.74,False
Hyderabad,2016-11-05,151.0,False,67.23,False,31.41,False
Hyderabad,2016-11-06,119.0,False,65.76,False,25.01,False
Hyderabad,2016-11-07,124.0,False,66.65,False,18.35,False
Hyderabad,2016-11-08,112.0,False,60.51,False,36.85,False
Hyderabad,2016-11-09,147.0,False,65.33,False,42.02,False
Hyderabad,2016-11-10,144.0,False,71.55,False,56.07,False
Hyderabad,2016-11-11,129.0,False,62.24,False,52.96,False
Hyderabad,2016-11-12,152.0,False,61.83,False,53.12,False
Hyderabad,2016-11-13,163.0,False,60.96,False,48.17,False
Hyderabad,2016-11-14,122.0,False,61.46,False,45.51,False
Hyderabad,2016-11-15,125.0,False,67.56,False,35.21,False
Hyderabad,2016-11-16,140.0,False,59.73,False,36.72,False
Hyderabad,2016-11-17,104.0,False,63.35,False,38.09,False
Hyderabad,2016-11-18,133.0,False,61.71,False,41.53,False
Hyderabad,2016-11-19,141.0,False,61.8,False,58.71,False
Hyderabad,2016-11-20,122.0,False,61.0,False,63.32,False
Hyderabad,2016-11-21,105.0,False,55.76,False,59.47,False
Hyderabad,2016-11-22,98.0,False,60.32,False,65.82,False
Hyderabad,2016-11-23,124.0,False,62.65,False,51.12,False
Hyderabad,2016-11-24,162.0,False,64.38,False,60.39,False
Hyderabad,2016-11-25,136.0,False,63.41,False,37.87,False
Hyderabad,2016-11-26,109.0,False,52.96,False,8.25,False
Hyderabad,2016-11-27,106.0,False,59.95,False,5.3,False
Hyderabad,2016-11-28,105.0,False,63.92,False,5.31,False
Hyderabad,2016-11-29,113.0,False,55.4,False,27.3,False
Hyderabad,2016-11-30,100.0,False,58.98,False,72.0,False
Hyderabad,2016-12-01,103.0,False,58.86,False,54.03,False
Hyderabad,2016-12-02,96.0,False,61.32,False,54.28,False
Hyderabad,2016-12-03,112.0,False,57.06,False,38.29,False
Hyderabad,2016-12-04,94.0,False,59.44,False,40.89,False
Hyderabad,2016-12-05,112.0,False,66.0,False,46.01,False
Hyderabad,2016-12-06,115.0,False,65.98,False,43.82,False
Hyderabad,2016-12-07,109.0,False,58.07,False,58.31,False
Hyderabad,2016-12-08,110.0,False,60.69,False,64.12,False
Hyderabad,2016-12-09,126.0,False,63.73,False,60.81,False
Hyderabad,2016-12-10,117.0,False,61.83,False,60.63,False
Hyderabad,2016-12-11,104.0,False,61.79,False,68.61,False
Hyderabad,2016-12-12,103.0,False,48.86,False,58.18,False
Hyderabad,2016-12-13,105.0,False,60.56,False,55.27,False
Hyderabad,2016-12-14,82.0,False,44.66,False,27.18,False
Hyderabad,2016-12-15,96.0,False,57.33,False,49.45,False
Hyderabad,2016-12-16,133.0,False,64.61,False,48.99,False
Hyderabad,2016-12-17,117.0,False,56.65,False,60.92,False
Hyderabad,2016-12-18,96.0,False,54.74,False,62.77,False
Hyderabad,2016-12-19,102.0,False,61.36,False,65.8,False
Hyderabad,2016-12-20,117.0,False,60.03,False,67.81,False
Hyderabad,2016-12-21,106.0,False,54.24,False,73.32,False
Hyderabad,2016-12-22,102.0,False,58.12,False,67.71,False
Hyderabad,2016-12-23,101.0,False,60.2,False,67.78,False
Hyderabad,2016-12-24,104.0,False,60.28,False,70.51,False
Hyderabad,2016-12-25,106.0,False,61.28,False,58.82,False
Hyderabad,2016-12-26,106.0,False,53.5,False,55.26,False
Hyderabad,2016-12-27,95.0,False,54.32,False,69.63,False
Hyderabad,2016-12-28,160.0,False,62.67,False,73.53,False
Hyderabad,2016-12-29,124.0,False,60.05,False,58.31,False
Hyderabad,2016-12-30,160.0,False,61.49,False,49.74,False
Hyderabad,2016-12-31,173.0,False,61.98,False,40.04,False
Hyderabad,2017-01-01,110.0,False,61.25,False,39.37,False
Hyderabad,2017-01-02,103.0,False,47.21,False,52.0,False
Hyderabad,2017-01-03,103.0,False,65.45,False,58.68,False
Hyderabad,2017-01-04,215.0,False,116.03,False,58.2,False
Hyderabad,2017-01-05,276.0,False,96.21,False,57.6,False
Hyderabad,2017-01-06,158.0,False,75.89,False,69.76,False
Hyderabad,2017-01-07,137.0,False,63.83,False,37.49,False
Hyderabad,2017-01-08,102.0,False,62.34,False,34.38,False
Hyderabad,2017-01-09,96.0,False,51.67,False,30.24,False
Hyderabad,2017-01-10,98.0,False,61.42,False,36.21,False
Hyderabad,2017-01-11,163.0,False,82.34,False,49.71,False
Hyderabad,2017-01-12,236.0,False,115.47,False,55.94,False
Hyderabad,2017-01-13,281.0,False,108.41,False,49.01,False
Hyderabad,2017-01-14,183.0,False,73.75,False,38.15,False
Hyderabad,2017-01-15,164.0,False,81.72,False,39.02,False
Hyderabad,2017-01-16,184.0,False,83.39,False,52.77,False
Hyderabad,2017-01-17,133.0,False,64.14,False,49.49,False
Hyderabad,2017-01-18,126.0,False,54.56,False,34.26,False
Hyderabad,2017-01-19,104.0,False,67.09,False,38.78,False
Hyderabad,2017-01-20,150.0,False,76.51,False,49.29,False
Hyderabad,2017-01-21,156.0,False,69.51,False,63.8,False
Hyderabad,2017-01-22,113.0,False,60.61,False,49.44,False
Hyderabad,2017-01-23,156.0,False,83.79,False,52.58,False
Hyderabad,2017-01-24,151.0,False,71.49,False,50.58,False
Hyderabad,2017-01-25,149.0,False,76.94,False,47.79,False
Hyderabad,2017-01-26,132.0,False,64.21,False,32.92,False
Hyderabad,2017-01-27,100.0,False,56.14,False,41.9,False
Hyderabad,2017-01-28,115.0,False,68.79,False,43.74,False
Hyderabad,2017-01-29,199.0,False,85.73,False,53.72,False
Hyderabad,2017-01-30,129.0,False,62.96,False,60.35,False
Hyderabad,2017-01-31,110.0,False,54.98,False,46.64,False
Hyderabad,2017-02-01,151.0,False,44.56,False,35.7,False
Hyderabad,2017-02-02,102.0,False,52.36,False,37.44,False
Hyderabad,2017-02-03,113.0,False,58.81,False,42.23,False
Hyderabad,2017-02-04,149.0,False,68.29,False,52.03,False
Hyderabad,2017-02-05,164.0,False,56.73,False,45.95,False
Hyderabad,2017-02-06,118.0,False,64.14,False,52.4,False
Hyderabad,2017-02-07,185.0,False,93.54,False,60.66,False
Hyderabad,2017-02-08,180.0,False,83.13,False,51.31,False
Hyderabad,2017-02-09,161.0,False,70.3,False,45.89,False
Hyderabad,2017-02-10,121.0,False,64.97,False,35.98,False
Hyderabad,2017-02-11,115.0,False,41.77,False,27.85,False
Hyderabad,2017-02-12,78.0,False,39.67,False,32.34,False
Hyderabad,2017-02-13,107.5,True,42.59,False,24.07,False
Hyderabad,2017-02-14,137.0,False,62.32,False,35.19,False
Hyderabad,2017-02-15,123.0,False,66.1,False,40.94,False
Hyderabad,2017-02-16,158.0,False,85.12,False,46.28,False
Hyderabad,2017-02-17,193.0,False,82.76,False,46.37,False
Hyderabad,2017-02-18,179.0,False,75.46,False,46.97,False
Hyderabad,2017-02-19,141.0,False,63.58,False,40.25,False
Hyderabad,2017-02-20,160.0,False,57.61,False,35.93,False
Hyderabad,2017-02-21,128.0,False,53.34,False,44.31,False
Hyderabad,2017-02-22,161.0,False,65.52,False,46.93,False
Hyderabad,2017-02-23,164.0,False,72.0,False,48.13,False
Hyderabad,2017-02-24,183.0,False,68.68,False,44.73,False
Hyderabad,2017-02-25,165.0,False,80.73,False,46.49,False
Hyderabad,2017-02-26,165.0,False,64.09,False,44.5,False
Hyderabad,2017-02-27,179.0,False,55.13,False,39.79,False
Hyderabad,2017-02-28,197.0,False,69.06,False,45.33,False
Hyderabad,2017-03-01,166.0,False,63.3,False,38.86,False
Hyderabad,2017-03-02,147.0,False,57.86,False,29.63,False
Hyderabad,2017-03-03,142.0,False,28.95,False,25.79,False
Hyderabad,2017-03-04,116.0,False,32.73,False,25.01,False
Hyderabad,2017-03-05,102.0,False,31.06,False,19.79,False
Hyderabad,2017-03-06,106.0,False,42.16,False,28.0,False
Hyderabad,2017-03-07,109.0,False,35.62,False,17.76,False
Hyderabad,2017-03-08,124.0,False,45.6,False,28.85,False
Hyderabad,2017-03-09,181.0,False,77.14,False,45.09,False
Hyderabad,2017-03-10,113.0,False,30.97,False,24.09,False
Hyderabad,2017-03-11,108.0,False,30.33,False,33.13,False
Hyderabad,2017-03-12,117.0,False,43.8,False,41.87,False
Hyderabad,2017-03-13,143.0,False,63.7,False,42.87,False
Hyderabad,2017-03-14,161.0,False,50.64,False,37.51,False
Hyderabad,2017-03-15,95.0,False,21.27,False,18.26,False
Hyderabad,2017-03-16,76.0,False,27.44,False,24.38,False
Hyderabad,2017-03-17,97.0,False,54.73,False,45.98,False
Hyderabad,2017-03-18,146.0,False,67.57,False,52.24,False
Hyderabad,2017-03-19,167.0,False,63.1,False,54.07,False
Hyderabad,2017-03-20,144.0,False,52.04,False,43.35,False
Hyderabad,2017-03-21,145.0,False,61.33,False,50.59,False
Hyderabad,2017-03-22,171.0,False,60.92,False,52.0,False
Hyderabad,2017-03-23,175.0,False,60.33,False,48.25,False
Hyderabad,2017-03-24,148.0,False,54.59,False,42.79,False
Hyderabad,2017-03-25,137.0,False,60.55,False,41.27,False
Hyderabad,2017-03-26,140.0,False,62.45,False,38.24,False
Hyderabad,2017-03-27,164.0,False,57.61,False,39.4,False
Hyderabad,2017-03-28,154.0,False,51.42,False,38.28,False
Hyderabad,2017-03-29,127.0,False,49.28,False,33.72,False
Hyderabad,2017-03-30,114.0,False,47.02,False,35.07,False
Hyderabad,2017-03-31,150.0,False,45.77,False,35.7,False
Hyderabad,2017-04-01,136.0,False,44.15,False,30.98,False
Hyderabad,2017-04-02,123.0,False,51.9,False,41.35,False
Hyderabad,2017-04-03,132.0,False,50.37,False,34.02,False
Hyderabad,2017-04-04,123.0,False,43.52,False,30.44,False
Hyderabad,2017-04-05,103.0,False,47.15,False,29.71,False
Hyderabad,2017-04-06,92.0,False,44.33,False,36.95,False
Hyderabad,2017-04-07,136.0,False,48.68,False,32.91,False
Hyderabad,2017-04-08,128.0,False,68.34,False,38.38,False
Hyderabad,2017-04-09,175.0,False,77.56,False,49.22,False
Hyderabad,2017-04-10,164.0,False,67.48,False,39.61,False
Hyderabad,2017-04-11,192.0,False,77.94,False,52.07,False
Hyderabad,2017-04-12,199.0,False,158.04,False,70.52,False
Hyderabad,2017-04-13,173.0,False,59.32,False,37.36,False
Hyderabad,2017-04-14,165.0,False,60.92,False,32.52,False
Hyderabad,2017-04-15,152.0,False,57.68,False,29.2,False
Hyderabad,2017-04-16,148.0,False,56.31,False,28.75,False
Hyderabad,2017-04-17,173.0,False,68.97,False,41.41,False
Hyderabad,2017-04-18,191.0,False,70.99,False,45.1,False
Hyderabad,2017-04-19,166.0,False,57.04,False,27.79,False
Hyderabad,2017-04-20,131.0,False,49.73,False,35.29,False
Hyderabad,2017-04-21,136.0,False,45.5,False,37.88,False
Hyderabad,2017-04-22,143.0,False,53.51,False,42.5,False
Hyderabad,2017-04-23,156.0,False,58.3,False,42.34,False
Hyderabad,2017-04-24,162.0,False,57.26,False,40.89,False
Hyderabad,2017-04-25,156.0,False,55.63,False,42.61,False
Hyderabad,2017-04-26,151.0,False,61.48,False,51.82,False
Hyderabad,2017-04-27,171.0,False,63.36,False,45.42,False
Hyderabad,2017-04-28,142.0,False,37.64,False,23.58,False
Hyderabad,2017-04-29,127.0,False,27.39,False,29.07,False
Hyderabad,2017-04-30,99.0,False,24.73,False,25.71,False
Hyderabad,2017-05-01,99.0,False,24.54,False,26.4,False
Hyderabad,2017-05-02,110.0,False,29.34,False,21.73,False
Hyderabad,2017-05-03,118.0,False,37.31,False,25.09,False
Hyderabad,2017-05-04,130.0,False,43.24,False,26.06,False
Hyderabad,2017-05-05,138.0,False,40.48,False,24.97,False
Hyderabad,2017-05-06,122.0,False,38.11,False,25.56,False
Hyderabad,2017-05-07,98.0,False,29.4,False,12.86,False
Hyderabad,2017-05-08,131.0,False,27.81,False,18.72,False
Hyderabad,2017-05-09,109.0,False,32.95,False,41.36,False
Hyderabad,2017-05-10,165.0,False,31.54,False,56.78,False
Hyderabad,2017-05-11,123.0,False,30.22,False,72.96,False
Hyderabad,2017-05-12,86.0,False,34.8,False,36.6,False
Hyderabad,2017-05-13,84.0,False,36.41,False,38.77,False
Hyderabad,2017-05-14,107.0,False,40.68,False,42.42,False
Hyderabad,2017-05-15,85.0,False,35.14,False,30.94,False
Hyderabad,2017-05-16,98.0,False,37.13,False,41.07,False
Hyderabad,2017-05-17,102.0,False,37.23,False,38.74,False
Hyderabad,2017-05-18,118.0,False,48.21,False,50.64,False
Hyderabad,2017-05-19,148.0,False,45.73,False,49.46,False
Hyderabad,2017-05-20,126.0,False,41.91,False,48.49,False
Hyderabad,2017-05-21,131.0,False,35.78,False,47.98,False
Hyderabad,2017-05-22,115.0,False,38.13,False,51.56,False
Hyderabad,2017-05-23,130.0,False,49.56,False,66.04,False
Hyderabad,2017-05-24,156.0,False,57.16,False,70.75,False
Hyderabad,2017-05-25,127.0,False,39.09,False,45.01,False
Hyderabad,2017-05-26,119.0,False,43.73,False,47.81,False
Hyderabad,2017-05-27,103.0,False,26.99,False,30.37,False
Hyderabad,2017-05-28,93.0,False,26.35,False,35.91,False
Hyderabad,2017-05-29,76.0,False,19.02,False,42.99,False
Hyderabad,2017-05-30,82.0,False,17.31,False,46.38,False
Hyderabad,2017-05-31,80.0,False,11.35,False,22.84,False
Hyderabad,2017-06-01,79.0,False,10.04,False,25.83,False
Hyderabad,2017-06-02,109.0,False,13.75,False,22.7,False
Hyderabad,2017-06-03,103.0,False,13.78,False,19.42,False
Hyderabad,2017-06-04,84.0,False,14.36,False,24.08,False
Hyderabad,2017-06-05,106.0,False,16.11,False,19.2,False
Hyderabad,2017-06-06,97.0,False,17.77,False,21.89,False
Hyderabad,2017-06-07,74.0,False,12.3,False,11.7,False
Hyderabad,2017-06-08,67.0,False,11.78,False,19.22,False
Hyderabad,2017-06-09,69.0,False,17.05,False,20.03,False
Hyderabad,2017-06-10,68.0,False,7.84,False,15.62,False
Hyderabad,2017-06-11,61.0,False,7.85,False,15.56,False
Hyderabad,2017-06-12,50.0,False,5.56,False,8.47,False
Hyderabad,2017-06-13,63.0,False,6.92,False,17.19,False
Hyderabad,2017-06-14,84.0,False,19.65,False,16.5,False
Hyderabad,2017-06-15,75.0,False,13.54,False,18.12,False
Hyderabad,2017-06-16,72.0,False,9.71,False,14.66,False
Hyderabad,2017-06-17,94.0,False,13.07,False,16.86,False
Hyderabad,2017-06-18,86.0,False,12.88,False,15.24,False
Hyderabad,2017-06-19,82.0,False,7.61,False,11.6,False
Hyderabad,2017-06-20,83.0,False,7.38,False,12.26,False
Hyderabad,2017-06-21,70.0,False,8.66,False,14.39,False
Hyderabad,2017-06-22,59.0,False,11.4,False,18.0,False
Hyderabad,2017-06-23,67.0,False,11.48,False,15.64,False
Hyderabad,2017-06-24,63.0,False,10.85,False,11.31,False
Hyderabad,2017-06-25,60.0,False,11.81,False,13.1,False
Hyderabad,2017-06-26,63.0,False,11.79,False,10.8,False
Hyderabad,2017-06-27,53.0,False,11.82,False,11.63,False
Hyderabad,2017-06-28,60.0,False,8.84,False,14.13,False
Hyderabad,2017-06-29,62.0,False,10.38,False,12.42,False
Hyderabad,2017-06-30,61.0,False,13.08,False,11.15,False
Hyderabad,2017-07-01,63.0,False,10.98,False,12.28,False
Hyderabad,2017-07-02,66.0,False,9.75,False,11.87,False
Hyderabad,2017-07-03,66.0,False,11.8,False,13.33,False
Hyderabad,2017-07-04,57.0,False,15.53,False,13.28,False
Hyderabad,2017-07-05,58.0,False,10.4,False,12.88,False
Hyderabad,2017-07-06,57.0,False,14.66,False,14.12,False
Hyderabad,2017-07-07,63.0,False,14.77,False,16.09,False
Hyderabad,2017-07-08,66.0,False,18.19,False,15.37,False
Hyderabad,2017-07-09,61.0,False,18.1,False,14.82,False
Hyderabad,2017-07-10,60.0,False,15.0,False,17.03,False
Hyderabad,2017-07-11,60.0,False,19.31,False,16.31,False
Hyderabad,2017-07-12,66.0,False,14.29,False,15.3,False
Hyderabad,2017-07-13,58.0,False,14.49,False,12.53,False
Hyderabad,2017-07-14,53.0,False,13.9,False,13.56,False
Hyderabad,2017-07-15,74.0,False,16.53,False,11.48,False
Hyderabad,2017-07-16,86.0,False,10.24,False,8.45,False
Hyderabad,2017-07-17,93.0,False,10.78,False,12.06,False
Hyderabad,2017-07-18,47.0,False,8.48,False,10.62,False
Hyderabad,2017-07-19,46.0,False,5.72,False,12.4,False
Hyderabad,2017-07-20,48.0,False,6.54,False,9.5,False
Hyderabad,2017-07-21,50.0,False,10.83,False,9.71,False
Hyderabad,2017-07-22,55.0,False,13.37,False,10.08,False
Hyderabad,2017-07-23,71.0,False,15.97,False,11.72,False
Hyderabad,2017-07-24,65.0,False,15.62,False,12.84,False
Hyderabad,2017-07-25,55.0,False,14.04,False,10.9,False
Hyderabad,2017-07-26,62.0,False,16.55,False,12.98,False
Hyderabad,2017-07-27,60.0,False,14.43,False,13.97,False
Hyderabad,2017-07-28,56.0,False,12.62,False,14.04,False
Hyderabad,2017-07-29,55.0,False,15.28,False,14.93,False
Hyderabad,2017-07-30,63.0,False,17.5,False,16.64,False
Hyderabad,2017-07-31,69.0,False,17.42,False,18.87,False
Hyderabad,2017-08-01,60.0,False,16.85,False,17.0,False
Hyderabad,2017-08-02,61.0,False,16.78,False,13.74,False
Hyderabad,2017-08-03,51.0,False,11.79,False,10.34,False
Hyderabad,2017-08-04,49.0,False,13.35,False,18.12,False
Hyderabad,2017-08-05,67.0,False,20.34,False,20.12,False
Hyderabad,2017-08-06,75.0,False,23.03,False,22.47,False
Hyderabad,2017-08-07,90.0,False,26.22,False,21.64,False
Hyderabad,2017-08-08,83.0,False,24.87,False,19.65,False
Hyderabad,2017-08-09,80.0,False,20.47,False,16.75,False
Hyderabad,2017-08-10,71.0,False,14.91,False,11.51,False
Hyderabad,2017-08-11,65.0,False,17.76,False,15.61,False
Hyderabad,2017-08-12,67.0,False,15.1,False,14.19,False
Hyderabad,2017-08-13,55.0,False,17.08,False,15.64,False
Hyderabad,2017-08-14,60.0,False,20.36,False,14.29,False
Hyderabad,2017-08-15,58.0,False,16.4,False,13.37,False
Hyderabad,2017-08-16,63.0,False,20.12,False,12.73,False
Hyderabad,2017-08-17,70.0,False,21.77,False,15.13,False
Hyderabad,2017-08-18,85.0,False,26.6,False,16.09,False
Hyderabad,2017-08-19,65.0,False,17.35,False,11.78,False
Hyderabad,2017-08-20,59.0,False,7.42,False,8.85,False
Hyderabad,2017-08-21,62.0,False,10.89,False,11.31,False
Hyderabad,2017-08-22,60.0,False,12.56,False,15.13,False
Hyderabad,2017-08-23,62.0,False,15.41,False,16.07,False
Hyderabad,2017-08-24,72.0,False,23.63,False,17.43,False
Hyderabad,2017-08-25,72.0,False,13.53,False,11.42,False
Hyderabad,2017-08-26,55.0,False,11.58,False,9.53,False
Hyderabad,2017-08-27,52.0,False,13.1,False,10.5,False
Hyderabad,2017-08-28,56.0,False,8.26,False,9.12,False
Hyderabad,2017-08-29,56.0,False,6.57,False,9.26,False
Hyderabad,2017-08-30,56.0,False,12.26,False,10.14,False
Hyderabad,2017-08-31,60.0,False,14.63,False,13.14,False
Hyderabad,2017-09-01,71.0,False,19.92,False,14.34,False
Hyderabad,2017-09-02,87.0,False,24.42,False,16.47,False
Hyderabad,2017-09-03,64.0,False,12.96,False,12.0,False
Hyderabad,2017-09-04,59.0,False,17.26,False,16.95,False
Hyderabad,2017-09-05,79.0,False,19.86,False,14.47,False
Hyderabad,2017-09-06,86.0,False,29.32,False,19.22,False
Hyderabad,2017-09-07,82.0,False,40.82,False,19.8,False
Hyderabad,2017-09-08,74.0,False,32.63,False,19.17,False
Hyderabad,2017-09-09,72.0,False,32.88,False,15.23,False
Hyderabad,2017-09-10,60.0,False,18.58,False,15.66,False
Hyderabad,2017-09-11,51.0,False,12.34,False,15.36,False
Hyderabad,2017-09-12,55.0,False,10.33,False,15.27,False
Hyderabad,2017-09-13,55.0,False,17.29,False,17.06,False
Hyderabad,2017-09-14,60.0,False,10.44,False,15.62,False
Hyderabad,2017-09-15,56.0,False,12.64,False,15.22,False
Hyderabad,2017-09-16,56.0,False,10.27,False,13.77,False
Hyderabad,2017-09-17,39.0,False,15.67,False,12.72,False
Hyderabad,2017-09-18,53.0,False,9.17,False,10.48,False
Hyderabad,2017-09-19,54.0,False,10.28,False,10.5,False
Hyderabad,2017-09-20,57.0,False,9.76,False,10.86,False
Hyderabad,2017-09-21,59.0,False,14.88,False,11.41,False
Hyderabad,2017-09-22,58.0,False,20.5,False,15.36,False
Hyderabad,2017-09-23,54.0,False,29.61,False,17.97,False
Hyderabad,2017-09-24,95.0,False,42.0,False,19.98,False
Hyderabad,2017-09-25,99.0,False,39.68,False,20.38,False
Hyderabad,2017-09-26,80.0,False,45.69,False,20.98,False
Hyderabad,2017-09-27,107.0,False,50.36,False,23.27,False
Hyderabad,2017-09-28,98.0,False,45.9,False,20.69,False
Hyderabad,2017-09-29,74.0,False,41.57,False,18.5,False
Hyderabad,2017-09-30,70.0,False,41.26,False,17.45,False
Hyderabad,2017-10-01,110.0,False,31.08,False,11.81,False
Hyderabad,2017-10-02,81.5,True,24.6,False,11.9,False
Hyderabad,2017-10-03,53.0,False,24.16,False,18.96,False
Hyderabad,2017-10-04,102.0,False,49.75,False,22.44,False
Hyderabad,2017-10-05,164.0,False,55.88,False,22.79,False
Hyderabad,2017-10-06,102.0,False,28.48,False,19.44,False
Hyderabad,2017-10-07,94.0,False,22.6,False,24.12,False
Hyderabad,2017-10-08,100.0,False,32.08,False,24.14,False
Hyderabad,2017-10-09,111.0,False,25.79,False,17.7,False
Hyderabad,2017-10-10,103.0,False,28.04,False,24.18,False
Hyderabad,2017-10-11,113.0,False,27.38,False,25.01,False
Hyderabad,2017-10-12,102.0,False,41.74,False,26.83,False
Hyderabad,2017-10-13,147.0,False,20.48,False,19.29,False
Hyderabad,2017-10-14,123.0,False,33.32,False,25.1,False
Hyderabad,2017-10-15,97.0,False,35.59,False,22.1,False
Hyderabad,2017-10-16,125.5,True,81.29,False,45.32,False
Hyderabad,2017-10-17,154.0,False,72.18,False,36.5,False
Hyderabad,2017-10-18,150.0,False,69.53,False,34.49,False
Hyderabad,2017-10-19,151.0,False,75.46,False,30.6,False
Hyderabad,2017-10-20,247.0,False,78.69,False,20.04,False
Hyderabad,2017-10-21,141.0,False,67.18,False,18.74,False
Hyderabad,2017-10-22,121.0,False,65.39,False,17.27,False
Hyderabad,2017-10-23,113.0,False,53.78,False,21.46,False
Hyderabad,2017-10-24,111.0,False,63.35,False,24.35,False
Hyderabad,2017-10-25,117.8,True,74.57,False,48.16,False
Hyderabad,2017-10-26,124.6,True,66.55,False,34.37,False
Hyderabad,2017-10-27,131.4,True,64.05,False,24.22,False
Hyderabad,2017-10-28,138.2,True,71.27,False,40.69,False
Hyderabad,2017-10-29,145.0,False,70.46,False,25.47,False
Hyderabad,2017-10-30,130.0,False,66.92,True,34.42,True
Hyderabad,2017-10-31,128.0,False,63.38,False,43.37,False
Hyderabad,2017-11-01,150.0,False,68.21,False,46.37,False
Hyderabad,2017-11-02,156.0,False,69.73,False,37.68,False
Hyderabad,2017-11-03,158.0,False,66.51,False,37.44,False
Hyderabad,2017-11-04,114.0,False,49.62,False,35.86,False
Hyderabad,2017-11-05,91.0,False,32.45,False,31.18,False
Hyderabad,2017-11-06,80.0,False,29.33,False,39.1,False
Hyderabad,2017-11-07,94.0,False,34.96,False,43.63,False
Hyderabad,2017-11-08,105.0,False,38.84,False,40.59,False
Hyderabad,2017-11-09,95.0,False,39.57,False,39.12,False
Hyderabad,2017-11-10,100.0,False,44.44,False,35.39,False
Hyderabad,2017-11-11,123.0,False,61.84,False,42.21,False
Hyderabad,2017-11-12,123.0,False,57.58,False,42.84,False
Hyderabad,2017-11-13,111.0,False,55.36,False,37.83,False
Hyderabad,2017-11-14,111.0,False,58.41,False,39.01,False
Hyderabad,2017-11-15,104.0,False,51.08,False,36.07,False
Hyderabad,2017-11-16,92.0,False,41.31,False,34.29,False
Hyderabad,2017-11-17,82.0,False,37.72,False,33.87,False
Hyderabad,2017-11-18,106.0,False,66.82,False,32.58,False
Hyderabad,2017-11-19,112.0,False,36.53,False,34.18,False
Hyderabad,2017-11-20,86.0,False,43.64,False,36.84,False
Hyderabad,2017-11-21,106.0,False,44.65,False,39.07,False
Hyderabad,2017-11-22,102.0,False,40.48,False,32.25,False
Hyderabad,2017-11-23,133.0,False,96.83,False,37.91,False
Hyderabad,2017-11-24,149.0,False,69.5,False,35.4,False
Hyderabad,2017-11-25,140.0,False,70.91,False,37.5,False
Hyderabad,2017-11-26,147.0,False,84.08,False,50.36,False
Hyderabad,2017-11-27,166.0,False,73.25,False,52.99,False
Hyderabad,2017-11-28,171.0,False,91.39,False,54.18,False
Hyderabad,2017-11-29,164.0,False,66.49,False,45.7,False
Hyderabad,2017-11-30,140.0,False,64.72,False,45.03,False
Hyderabad,2017-12-01,139.0,False,70.03,False,37.15,False
Hyderabad,2017-12-02,135.0,False,69.44,False,35.14,False
Hyderabad,2017-12-03,140.0,False,70.83,False,38.05,False
Hyderabad,2017-12-04,144.0,False,70.47,False,37.31,False
Hyderabad,2017-12-05,128.0,False,58.07,False,29.67,False
Hyderabad,2017-12-06,100.0,False,51.81,False,30.32,False
Hyderabad,2017-12-07,122.0,False,69.33,False,40.86,False
Hyderabad,2017-12-08,145.0,False,74.79,False,39.18,False
Hyderabad,2017-12-09,142.0,False,67.7,False,38.26,False
Hyderabad,2017-12-10,120.0,False,48.99,False,37.26,False
Hyderabad,2017-12-11,117.0,False,55.7,False,48.48,False
Hyderabad,2017-12-12,144.0,False,66.78,False,62.23,False
Hyderabad,2017-12-13,143.0,False,69.33,False,50.13,False
Hyderabad,2017-12-14,132.0,False,66.12,False,39.48,False
Hyderabad,2017-12-15,126.0,False,68.48,False,38.85,False
Hyderabad,2017-12-16,133.0,False,68.87,False,48.12,False
Hyderabad,2017-12-17,136.0,False,71.38,False,47.26,False
Hyderabad,2017-12-18,140.0,False,73.33,False,37.36,False
Hyderabad,2017-12-19,138.0,False,59.35,False,49.48,False
Hyderabad,2017-12-20,151.0,False,88.14,False,67.71,False
Hyderabad,2017-12-21,164.0,False,74.94,False,68.63,False
Hyderabad,2017-12-22,195.0,False,130.23,False,73.32,False
Hyderabad,2017-12-23,180.0,False,82.05,False,65.66,False
Hyderabad,2017-12-24,169.0,False,79.19,False,63.74,False
Hyderabad,2017-12-25,163.0,False,76.47,False,56.9,False
Hyderabad,2017-12-26,164.0,False,76.08,False,53.18,False
Hyderabad,2017-12-27,136.0,False,63.18,False,55.68,False
Hyderabad,2017-12-28,132.0,False,68.65,False,60.71,False
Hyderabad,2017-12-29,184.0,False,112.35,False,67.12,False
Hyderabad,2017-12-30,156.0,False,65.09,False,67.32,False
Hyderabad,2017-12-31,138.0,False,68.45,False,62.26,False
Hyderabad,2018-01-01,122.0,False,57.7,False,54.46,False
Hyderabad,2018-01-02,126.0,False,68.55,False,51.51,False
Hyderabad,2018-01-03,163.0,False,77.77,False,46.8,False
Hyderabad,2018-01-04,174.0,False,79.18,False,60.89,False
Hyderabad,2018-01-05,164.0,False,76.33,False,63.88,False
Hyderabad,2018-01-06,158.0,False,73.15,False,63.11,False
Hyderabad,2018-01-07,146.0,False,72.41,False,55.39,False
Hyderabad,2018-01-08,146.0,False,72.66,False,51.85,False
Hyderabad,2018-01-09,160.0,False,77.65,False,53.96,False
Hyderabad,2018-01-10,165.0,False,74.08,False,53.36,False
Hyderabad,2018-01-11,160.0,False,76.19,False,59.3,False
Hyderabad,2018-01-12,155.0,False,74.76,False,64.97,False
Hyderabad,2018-01-13,150.0,False,70.48,False,59.98,False
Hyderabad,2018-01-14,140.0,False,72.38,False,54.79,False
Hyderabad,2018-01-15,143.0,False,70.98,False,37.89,False
Hyderabad,2018-01-16,132.0,False,65.1,False,39.7,False
Hyderabad,2018-01-17,125.0,False,64.2,False,45.06,False
Hyderabad,2018-01-18,129.0,False,65.86,False,55.84,False
Hyderabad,2018-01-19,129.0,False,61.1,False,56.03,False
Hyderabad,2018-01-20,131.0,False,64.18,False,60.93,False
Hyderabad,2018-01-21,133.0,False,68.52,False,56.67,False
Hyderabad,2018-01-22,142.0,False,72.01,False,50.74,False
Hyderabad,2018-01-23,125.0,False,60.4,False,46.04,False
Hyderabad,2018-01-24,121.0,False,67.07,False,42.71,False
Hyderabad,2018-01-25,139.0,False,68.8,False,54.52,False
Hyderabad,2018-01-26,146.0,False,66.84,False,56.49,False
Hyderabad,2018-01-27,167.0,False,69.43,False,55.38,False
Hyderabad,2018-01-28,138.0,False,68.84,False,49.3,False
Hyderabad,2018-01-29,140.0,False,67.69,False,46.08,False
Hyderabad,2018-01-30,137.0,False,59.46,False,51.91,False
Hyderabad,2018-01-31,130.0,False,53.45,False,59.99,False
Hyderabad,2018-02-01,129.0,False,50.88,False,67.8,False
Hyderabad,2018-02-02,125.0,False,47.46,False,68.01,False
Hyderabad,2018-02-03,114.0,False,43.48,False,53.31,False
Hyderabad,2018-02-04,104.0,False,39.14,False,41.49,False
Hyderabad,2018-02-05,111.0,False,41.79,False,43.96,False
Hyderabad,2018-02-06,111.0,False,48.86,False,58.09,False
Hyderabad,2018-02-07,125.0,False,56.76,False,72.8,False
Hyderabad,2018-02-08,114.0,False,46.18,False,59.37,False
Hyderabad,2018-02-09,108.0,False,50.05,False,55.81,False
Hyderabad,2018-02-10,113.0,False,52.28,False,53.5,False
Hyderabad,2018-02-11,100.0,False,50.55,False,28.9,False
Hyderabad,2018-02-12,102.0,False,54.34,False,20.55,False
Hyderabad,2018-02-13,94.0,False,46.38,False,31.98,False
Hyderabad,2018-02-14,100.0,False,50.52,False,44.77,False
Hyderabad,2018-02-15,113.0,False,52.88,False,48.93,False
Hyderabad,2018-02-16,110.0,False,51.84,False,51.24,False
Hyderabad,2018-02-17,108.0,False,49.86,False,60.23,False
Hyderabad,2018-02-18,116.0,False,55.87,False,58.63,False
Hyderabad,2018-02-19,111.0,False,46.22,False,44.16,False
Hyderabad,2018-02-20,103.0,False,47.64,False,41.75,False
Hyderabad,2018-02-21,107.0,False,54.76,False,46.91,False
Hyderabad,2018-02-22,114.0,False,57.85,False,49.21,False
Hyderabad,2018-02-23,123.0,False,56.99,False,48.0,False
Hyderabad,2018-02-24,106.0,False,43.57,False,43.62,False
Hyderabad,2018-02-25,104.0,False,43.37,False,51.65,False
Hyderabad,2018-02-26,118.0,False,56.87,False,65.82,False
Hyderabad,2018-02-27,134.0,False,57.66,False,67.65,False
Hyderabad,2018-02-28,129.0,False,62.25,False,70.43,False
Hyderabad,2018-03-01,124.0,False,54.84,False,65.26,False
Hyderabad,2018-03-02,118.0,False,52.72,False,56.01,False
Hyderabad,2018-03-03,119.0,False,51.59,False,45.04,False
Hyderabad,2018-03-04,122.0,False,54.72,False,49.19,False
Hyderabad,2018-03-05,114.0,False,47.44,False,45.37,False
Hyderabad,2018-03-06,106.0,False,47.97,False,38.91,False
Hyderabad,2018-03-07,108.0,False,50.78,False,43.04,False
Hyderabad,2018-03-08,107.0,False,53.81,False,49.93,False
Hyderabad,2018-03-09,118.0,False,57.28,False,52.67,False
Hyderabad,2018-03-10,122.0,False,66.37,False,49.74,False
Hyderabad,2018-03-11,124.0,False,53.02,False,35.56,False
Hyderabad,2018-03-12,95.0,False,38.87,False,40.44,False
Hyderabad,2018-03-13,88.0,False,39.69,False,41.84,False
Hyderabad,2018-03-14,103.0,False,47.34,False,45.05,False
Hyderabad,2018-03-15,96.0,False,47.88,False,37.4,False
Hyderabad,2018-03-16,115.0,False,60.25,False,39.37,False
Hyderabad,2018-03-17,105.0,False,51.0,False,33.36,False
Hyderabad,2018-03-18,80.0,False,41.38,False,32.85,False
Hyderabad,2018-03-19,93.0,False,48.07,False,41.03,False
Hyderabad,2018-03-20,103.0,False,54.74,False,47.03,False
Hyderabad,2018-03-21,108.0,False,57.87,False,45.49,False
Hyderabad,2018-03-22,126.0,False,57.07,False,52.52,False
Hyderabad,2018-03-23,128.0,False,56.64,False,58.35,False
Hyderabad,2018-03-24,131.0,False,59.91,False,63.27,False
Hyderabad,2018-03-25,135.0,False,71.4,False,49.1,False
Hyderabad,2018-03-26,126.0,False,61.47,False,39.51,False
Hyderabad,2018-03-27,123.0,False,59.53,False,44.63,False
Hyderabad,2018-03-28,116.0,False,53.11,False,40.84,False
Hyderabad,2018-03-29,122.0,False,62.27,False,48.19,False
Hyderabad,2018-03-30,120.0,False,54.62,False,40.32,False
Hyderabad,2018-03-31,110.0,False,50.15,False,41.99,False
Hyderabad,2018-04-01,103.0,False,43.05,False,31.47,False
Hyderabad,2018-04-02,84.0,False,37.91,False,38.98,False
Hyderabad,2018-04-03,99.0,False,51.35,False,40.96,False
Hyderabad,2018-04-04,101.0,False,44.94,False,39.39,False
Hyderabad,2018-04-05,92.0,False,41.51,False,36.55,False
Hyderabad,2018-04-06,98.0,False,46.87,False,42.39,False
Hyderabad,2018-04-07,93.0,False,35.9,False,50.76,False
Hyderabad,2018-04-08,85.0,False,30.27,False,35.94,False
Hyderabad,2018-04-09,95.0,False,40.26,False,41.16,False
Hyderabad,2018-04-10,98.0,False,35.54,False,38.69,False
Hyderabad,2018-04-11,88.0,False,27.63,False,31.01,False
Hyderabad,2018-04-12,83.0,False,31.58,False,42.54,False
Hyderabad,2018-04-13,83.0,False,25.24,False,33.9,False
Hyderabad,2018-04-14,79.0,False,23.05,False,30.02,False
Hyderabad,2018-04-15,73.0,False,29.71,False,31.86,False
Hyderabad,2018-04-16,100.0,False,45.86,False,45.36,False
Hyderabad,2018-04-17,99.0,False,34.29,False,38.79,False
Hyderabad,2018-04-18,93.0,False,37.19,False,35.18,False
Hyderabad,2018-04-19,108.0,False,43.52,False,44.05,False
Hyderabad,2018-04-20,117.0,False,42.38,False,44.88,False
Hyderabad,2018-04-21,122.0,False,49.14,False,51.13,False
Hyderabad,2018-04-22,117.0,False,42.97,False,39.3,False
Hyderabad,2018-04-23,90.0,False,33.12,False,28.02,False
Hyderabad,2018-04-24,90.0,False,33.09,False,35.48,False
Hyderabad,2018-04-25,104.0,False,35.61,False,29.59,False
Hyderabad,2018-04-26,94.0,False,38.11,False,35.66,False
Hyderabad,2018-04-27,101.0,False,39.78,False,35.85,False
Hyderabad,2018-04-28,94.0,False,39.85,False,30.66,False
Hyderabad,2018-04-29,102.0,False,43.44,False,30.99,False
Hyderabad,2018-04-30,103.0,False,44.84,False,39.52,False
Hyderabad,2018-05-01,116.0,False,43.83,False,32.08,False
Hyderabad,2018-05-02,101.0,False,36.08,False,31.21,False
Hyderabad,2018-05-03,98.0,False,31.39,False,27.73,False
Hyderabad,2018-05-04,81.0,False,19.59,False,31.67,False
Hyderabad,2018-05-05,74.0,False,28.81,False,30.11,False
Hyderabad,2018-05-06,83.0,False,31.91,False,28.95,False
Hyderabad,2018-05-07,93.0,False,33.68,False,28.72,False
Hyderabad,2018-05-08,111.0,False,43.05,False,43.5,False
Hyderabad,2018-05-09,112.0,False,44.32,False,37.73,False
Hyderabad,2018-05-10,101.0,False,33.83,False,31.53,False
Hyderabad,2018-05-11,95.0,False,32.76,False,31.48,False
Hyderabad,2018-05-12,96.0,False,33.05,False,31.04,False
Hyderabad,2018-05-13,101.0,False,31.85,False,32.48,False
Hyderabad,2018-05-14,100.0,False,29.86,False,26.02,False
Hyderabad,2018-05-15,87.0,False,24.49,False,24.04,False
Hyderabad,2018-05-16,85.0,False,41.89,False,33.42,False
Hyderabad,2018-05-17,106.0,False,43.47,False,41.31,False
Hyderabad,2018-05-18,89.0,False,37.31,False,35.51,False
Hyderabad,2018-05-19,103.0,False,47.42,False,37.25,False
Hyderabad,2018-05-20,117.0,False,38.59,False,29.22,False
Hyderabad,2018-05-21,132.0,False,48.33,False,32.24,False
Hyderabad,2018-05-22,120.0,False,42.68,False,27.06,False
Hyderabad,2018-05-23,110.0,False,47.5,False,33.71,False
Hyderabad,2018-05-24,104.0,False,36.41,False,32.39,False
Hyderabad,2018-05-25,119.0,False,42.17,False,31.54,False
Hyderabad,2018-05-26,91.0,False,23.65,False,25.79,False
Hyderabad,2018-05-27,83.0,False,26.11,False,26.65,False
Hyderabad,2018-05-28,87.0,False,31.17,False,25.45,False
Hyderabad,2018-05-29,84.0,False,34.68,False,28.48,False
Hyderabad,2018-05-30,89.0,False,31.7,False,26.77,False
Hyderabad,2018-05-31,93.0,False,32.57,False,25.25,False
Hyderabad,2018-06-01,110.0,False,37.26,False,31.53,False
Hyderabad,2018-06-02,82.0,False,36.7,False,35.45,False
Hyderabad,2018-06-03,83.0,False,34.85,False,29.14,False
Hyderabad,2018-06-04,89.0,False,30.95,False,26.22,False
Hyderabad,2018-06-05,83.0,False,31.51,False,30.16,False
Hyderabad,2018-06-06,84.0,False,31.33,False,29.59,False
Hyderabad,2018-06-07,69.0,False,19.68,False,22.53,False
Hyderabad,2018-06-08,68.0,False,19.43,False,22.16,False
Hyderabad,2018-06-09,64.0,False,20.03,False,22.16,False
Hyderabad,2018-06-10,52.0,False,16.49,False,20.62,False
Hyderabad,2018-06-11,53.0,False,22.31,False,23.24,False
Hyderabad,2018-06-12,70.0,False,29.92,False,23.7,False
Hyderabad,2018-06-13,84.0,False,30.85,False,21.31,False
Hyderabad,2018-06-14,86.0,False,34.44,False,23.31,False
Hyderabad,2018-06-15,86.0,False,27.83,False,20.05,False
Hyderabad,2018-06-16,67.0,False,22.9,False,20.48,False
Hyderabad,2018-06-17,67.0,False,21.99,False,20.32,False
Hyderabad,2018-06-18,59.0,False,17.2,False,20.17,False
Hyderabad,2018-06-19,50.0,False,14.61,False,18.2,False
Hyderabad,2018-06-20,58.0,False,15.27,False,21.39,False
Hyderabad,2018-06-21,52.0,False,10.31,False,22.02,False
Hyderabad,2018-06-22,56.0,False,21.26,False,28.03,False
Hyderabad,2018-06-23,56.0,False,20.07,False,23.78,False
Hyderabad,2018-06-24,41.0,False,16.99,False,20.56,False
Hyderabad,2018-06-25,41.0,False,16.31,False,20.7,False
Hyderabad,2018-06-26,41.0,False,16.23,False,23.21,False
Hyderabad,2018-06-27,44.0,False,17.64,False,28.07,False
Hyderabad,2018-06-28,46.0,False,18.93,False,24.39,False
Hyderabad,2018-06-29,65.0,False,18.18,False,22.68,False
Hyderabad,2018-06-30,62.0,False,20.85,False,26.4,False
Hyderabad,2018-07-01,60.0,False,16.91,False,27.03,False
Hyderabad,2018-07-02,53.0,False,16.48,False,24.21,False
Hyderabad,2018-07-03,59.0,False,16.28,False,23.43,False
Hyderabad,2018-07-04,71.0,False,15.97,False,22.07,False
Hyderabad,2018-07-05,68.0,False,13.22,False,22.74,False
Hyderabad,2018-07-06,49.0,False,20.05,False,26.0,False
Hyderabad,2018-07-07,59.0,False,22.74,False,27.25,False
Hyderabad,2018-07-08,62.0,False,19.92,False,25.11,False
Hyderabad,2018-07-09,44.0,False,16.63,False,23.21,False
Hyderabad,2018-07-10,48.0,False,19.7,False,21.7,False
Hyderabad,2018-07-11,54.0,False,19.05,False,23.04,False
Hyderabad,2018-07-12,49.0,False,11.93,False,22.14,False
Hyderabad,2018-07-13,37.0,False,13.21,False,20.22,False
Hyderabad,2018-07-14,42.0,False,17.97,False,26.02,False
Hyderabad,2018-07-15,58.0,False,16.12,False,25.58,False
Hyderabad,2018-07-16,72.0,False,11.04,False,21.19,False
Hyderabad,2018-07-17,38.0,False,12.14,False,20.54,False
Hyderabad,2018-07-18,33.0,False,14.13,False,22.64,False
Hyderabad,2018-07-19,45.0,False,14.39,False,21.97,False
Hyderabad,2018-07-20,37.0,False,12.58,False,22.18,False
Hyderabad,2018-07-21,41.0,False,19.61,False,23.18,False
Hyderabad,2018-07-22,55.0,False,19.54,False,22.42,False
Hyderabad,2018-07-23,49.0,False,17.69,False,21.69,False
Hyderabad,2018-07-24,54.0,False,15.64,False,21.03,False
Hyderabad,2018-07-25,52.0,False,17.88,False,20.4,False
Hyderabad,2018-07-26,54.0,False,14.41,False,20.64,False
Hyderabad,2018-07-27,54.0,False,14.52,False,24.38,False
Hyderabad,2018-07-28,53.0,False,18.23,False,22.38,False
Hyderabad,2018-07-29,72.0,False,26.09,False,28.86,False
Hyderabad,2018-07-30,87.0,False,26.02,False,25.61,False
Hyderabad,2018-07-31,73.0,False,19.21,False,25.13,False
Hyderabad,2018-08-01,72.0,False,21.88,False,25.54,False
Hyderabad,2018-08-02,72.0,False,25.77,False,27.27,False
Hyderabad,2018-08-03,92.0,False,30.8,False,28.85,False
Hyderabad,2018-08-04,90.0,False,23.43,False,25.39,False
Hyderabad,2018-08-05,66.0,False,20.2,False,27.06,False
Hyderabad,2018-08-06,72.0,False,26.91,False,23.75,False
Hyderabad,2018-08-07,54.0,False,18.92,False,24.24,False
Hyderabad,2018-08-08,53.0,False,16.17,False,24.82,False
Hyderabad,2018-08-09,49.0,False,18.07,False,27.7,False
Hyderabad,2018-08-10,48.0,False,17.09,False,24.89,False
Hyderabad,2018-08-11,43.0,False,16.39,False,24.46,False
Hyderabad,2018-08-12,47.0,False,11.98,False,18.71,False
Hyderabad,2018-08-13,42.0,False,11.66,False,17.79,False
Hyderabad,2018-08-14,41.0,False,16.97,False,27.16,False
Hyderabad,2018-08-15,65.0,False,22.11,False,17.62,False
Hyderabad,2018-08-16,40.0,False,7.78,False,19.87,False
Hyderabad,2018-08-17,35.0,False,18.56,False,20.71,False
Hyderabad,2018-08-18,44.0,False,15.3,False,17.73,False
Hyderabad,2018-08-19,48.0,False,15.28,False,24.8,False
Hyderabad,2018-08-20,47.0,False,13.19,False,21.95,False
Hyderabad,2018-08-21,34.0,False,10.08,False,19.61,False
Hyderabad,2018-08-22,39.0,False,10.33,False,22.71,False
Hyderabad,2018-08-23,40.0,False,12.51,False,23.7,False
Hyderabad,2018-08-24,48.0,False,14.36,False,24.14,False
Hyderabad,2018-08-25,52.0,False,15.34,False,25.68,False
Hyderabad,2018-08-26,50.0,False,14.61,False,24.79,False
Hyderabad,2018-08-27,48.0,False,15.31,False,27.1,False
Hyderabad,2018-08-28,48.0,False,16.51,False,27.6,False
Hyderabad,2018-08-29,53.0,False,20.98,False,26.87,False
Hyderabad,2018-08-30,68.0,False,24.66,False,26.52,False
Hyderabad,2018-08-31,77.0,False,22.43,False,27.25,False
Hyderabad,2018-09-01,70.0,False,23.16,False,26.37,False
Hyderabad,2018-09-02,50.0,False,18.51,False,25.86,False
Hyderabad,2018-09-03,48.0,False,15.84,False,23.73,False
Hyderabad,2018-09-04,50.0,False,20.36,False,25.6,False
Hyderabad,2018-09-05,72.0,False,27.05,False,26.36,False
Hyderabad,2018-09-06,76.0,False,25.36,False,26.76,False
Hyderabad,2018-09-07,82.0,False,25.42,False,22.74,False
Hyderabad,2018-09-08,62.0,False,21.61,False,18.35,False
Hyderabad,2018-09-09,79.0,False,34.85,False,24.19,False
Hyderabad,2018-09-10,86.0,False,38.35,False,32.15,False
Hyderabad,2018-09-11,79.0,False,33.85,False,38.45,False
Hyderabad,2018-09-12,71.0,False,35.06,False,35.45,False
Hyderabad,2018-09-13,78.0,False,41.83,False,36.44,False
Hyderabad,2018-09-14,85.0,False,42.24,False,36.56,False
Hyderabad,2018-09-15,92.0,False,43.69,False,36.45,False
Hyderabad,2018-09-16,101.0,False,48.98,False,33.93,False
Hyderabad,2018-09-17,85.0,False,35.58,False,22.67,False
Hyderabad,2018-09-18,68.0,False,39.68,False,25.48,False
Hyderabad,2018-09-19,79.0,False,38.6,False,31.56,False
Hyderabad,2018-09-20,81.0,False,40.88,False,30.3,False
Hyderabad,2018-09-21,91.0,False,37.91,False,27.55,False
Hyderabad,2018-09-22,62.0,False,27.29,False,23.11,False
Hyderabad,2018-09-23,65.0,False,32.25,False,27.46,False
Hyderabad,2018-09-24,62.0,False,34.94,False,36.88,False
Hyderabad,2018-09-25,84.0,False,41.46,False,38.18,False
Hyderabad,2018-09-26,108.0,False,53.68,False,44.83,False
Hyderabad,2018-09-27,95.0,False,43.09,False,36.52,False
Hyderabad,2018-09-28,92.0,False,45.92,False,38.03,False
Hyderabad,2018-09-29,100.0,False,55.39,False,38.38,False
Hyderabad,2018-09-30,118.0,False,67.69,False,37.28,False
Hyderabad,2018-10-01,128.0,False,63.16,False,38.16,False
Hyderabad,2018-10-02,94.0,False,37.8,False,33.16,False
Hyderabad,2018-10-03,72.0,False,36.5,False,32.41,False
Hyderabad,2018-10-04,79.0,False,39.63,False,33.83,False
Hyderabad,2018-10-05,84.0,False,39.8,False,34.47,False
Hyderabad,2018-10-06,109.0,False,56.36,False,42.33,False
Hyderabad,2018-10-07,124.0,False,65.91,False,39.75,False
Hyderabad,2018-10-08,130.0,False,64.44,False,40.33,False
Hyderabad,2018-10-09,124.0,False,60.07,False,46.53,False
Hyderabad,2018-10-10,128.0,False,56.5,False,48.32,False
Hyderabad,2018-10-11,120.0,False,52.63,False,43.03,False
Hyderabad,2018-10-12,121.0,False,54.39,False,42.79,False
Hyderabad,2018-10-13,118.0,False,58.56,False,46.54,False
Hyderabad,2018-10-14,108.0,False,54.35,False,36.76,False
Hyderabad,2018-10-15,100.0,False,58.24,False,35.21,False
Hyderabad,2018-10-16,105.0,False,53.26,False,32.39,False
Hyderabad,2018-10-17,83.0,False,41.03,False,34.67,False
Hyderabad,2018-10-18,73.0,False,40.35,False,31.81,False
Hyderabad,2018-10-19,74.0,False,43.99,False,37.92,False
Hyderabad,2018-10-20,105.0,False,58.44,False,47.2,False
Hyderabad,2018-10-21,119.0,False,61.34,False,44.57,False
Hyderabad,2018-10-22,125.0,False,66.82,False,51.4,False
Hyderabad,2018-10-23,133.0,False,67.12,False,45.12,False
Hyderabad,2018-10-24,142.0,False,67.52,False,46.11,False
Hyderabad,2018-10-25,128.0,False,60.72,False,45.35,False
Hyderabad,2018-10-26,107.0,False,48.68,False,47.97,False
Hyderabad,2018-10-27,117.0,False,57.44,False,60.75,False
Hyderabad,2018-10-28,120.0,False,56.51,False,46.84,False
Hyderabad,2018-10-29,110.0,False,56.02,False,46.3,False
Hyderabad,2018-10-30,115.0,False,57.32,False,47.35,False
Hyderabad,2018-10-31,117.0,False,56.98,False,47.69,False
Hyderabad,2018-11-01,106.0,False,50.87,False,45.19,False
Hyderabad,2018-11-02,86.0,False,34.07,False,37.54,False
Hyderabad,2018-11-03,58.0,False,25.96,False,32.84,False
Hyderabad,2018-11-04,55.0,False,24.88,False,30.95,False
Hyderabad,2018-11-05,64.0,False,32.8,False,36.41,False
Hyderabad,2018-11-06,80.0,False,44.66,False,39.76,False
Hyderabad,2018-11-07,95.0,False,54.63,False,38.84,False
Hyderabad,2018-11-08,107.0,False,59.82,False,35.89,False
Hyderabad,2018-11-09,114.0,False,64.36,False,42.33,False
Hyderabad,2018-11-10,129.0,False,69.5,False,44.02,False
Hyderabad,2018-11-11,131.0,False,61.15,False,44.85,False
Hyderabad,2018-11-12,127.0,False,62.68,False,50.55,False
Hyderabad,2018-11-13,134.0,False,66.08,False,56.68,False
Hyderabad,2018-11-14,139.0,False,67.28,False,60.17,False
Hyderabad,2018-11-15,133.0,False,58.4,False,52.31,False
Hyderabad,2018-11-16,118.0,False,46.2,False,45.12,False
Hyderabad,2018-11-17,76.0,False,23.09,False,32.04,False
Hyderabad,2018-11-18,57.0,False,19.06,False,29.19,False
Hyderabad,2018-11-19,53.0,False,26.04,False,32.18,False
Hyderabad,2018-11-20,86.0,False,52.12,False,43.52,False
Hyderabad,2018-11-21,129.0,False,63.08,False,44.09,False
Hyderabad,2018-11-22,131.0,False,66.0,False,46.07,False
Hyderabad,2018-11-23,133.0,False,71.81,False,47.8,False
Hyderabad,2018-11-24,148.0,False,72.98,False,53.95,False
Hyderabad,2018-11-25,140.0,False,69.28,False,50.29,False
Hyderabad,2018-11-26,135.0,False,63.01,False,53.44,False
Hyderabad,2018-11-27,138.0,False,69.91,False,59.24,False
Hyderabad,2018-11-28,142.0,False,73.48,False,59.43,False
Hyderabad,2018-11-29,146.0,False,72.26,False,65.02,False
Hyderabad,2018-11-30,139.0,False,67.69,False,56.72,False
Hyderabad,2018-12-01,135.0,False,69.94,False,56.11,False
Hyderabad,2018-12-02,137.0,False,71.17,False,52.98,False
Hyderabad,2018-12-03,140.0,False,74.62,False,48.78,False
Hyderabad,2018-12-04,154.0,False,77.72,False,47.55,False
Hyderabad,2018-12-05,146.0,False,67.3,False,40.48,False
Hyderabad,2018-12-06,123.0,False,62.87,False,41.39,False
Hyderabad,2018-12-07,108.0,False,61.66,False,32.11,False
Hyderabad,2018-12-08,132.0,False,76.14,False,34.16,False
Hyderabad,2018-12-09,159.0,False,78.36,False,33.76,False
Hyderabad,2018-12-10,161.0,False,77.94,False,30.74,False
Hyderabad,2018-12-11,158.0,False,76.22,False,39.51,False
Hyderabad,2018-12-12,153.0,False,74.78,False,36.07,False
Hyderabad,2018-12-13,145.0,False,74.19,False,37.39,False
Hyderabad,2018-12-14,144.0,False,74.48,False,41.82,False
Hyderabad,2018-12-15,157.0,False,75.15,False,38.42,False
Hyderabad,2018-12-16,151.0,False,76.15,False,39.24,False
Hyderabad,2018-12-17,141.0,False,59.61,False,33.95,False
Hyderabad,2018-12-18,67.0,False,22.35,False,29.09,False
Hyderabad,2018-12-19,54.0,False,32.77,False,33.97,False
Hyderabad,2018-12-20,76.0,False,44.72,False,43.69,False
Hyderabad,2018-12-21,104.0,False,55.1,False,48.47,False
Hyderabad,2018-12-22,127.0,False,72.66,False,52.59,False
Hyderabad,2018-12-23,151.0,False,78.01,False,41.45,False
Hyderabad,2018-12-24,159.0,False,76.81,False,44.67,False
Hyderabad,2018-12-25,153.0,False,73.18,False,46.1,False
Hyderabad,2018-12-26,136.0,False,67.91,False,36.25,False
Hyderabad,2018-12-27,126.0,False,68.06,False,38.87,False
Hyderabad,2018-12-28,131.0,False,64.1,False,44.84,False
Hyderabad,2018-12-29,132.0,False,68.76,False,44.93,False
Hyderabad,2018-12-30,139.0,False,71.7,False,45.42,False
Hyderabad,2018-12-31,134.0,False,65.24,False,52.86,False
Hyderabad,2019-01-01,132.0,False,66.79,False,63.82,False
Hyderabad,2019-01-02,133.0,False,71.55,False,67.44,False
Hyderabad,2019-01-03,141.0,False,69.7,False,67.01,False
Hyderabad,2019-01-04,142.0,False,75.25,False,63.58,False
Hyderabad,2019-01-05,148.0,False,73.03,False,50.4,False
Hyderabad,2019-01-06,149.0,False,77.71,False,40.96,False
Hyderabad,2019-01-07,155.0,False,76.5,False,49.16,False
Hyderabad,2019-01-08,151.0,False,73.78,False,62.35,False
Hyderabad,2019-01-09,146.0,False,74.7,False,71.55,False
Hyderabad,2019-01-10,146.0,False,75.43,False,64.0,False
Hyderabad,2019-01-11,153.0,False,75.77,False,47.6,False
Hyderabad,2019-01-12,154.0,False,78.62,False,39.74,False
Hyderabad,2019-01-13,154.0,False,72.03,False,37.2,False
Hyderabad,2019-01-14,146.0,False,74.37,False,39.21,False
Hyderabad,2019-01-15,147.0,False,75.13,False,42.04,False
Hyderabad,2019-01-16,152.0,False,75.55,False,44.72,False
Hyderabad,2019-01-17,150.0,False,73.51,False,57.06,False
Hyderabad,2019-01-18,148.0,False,75.34,False,53.23,False
Hyderabad,2019-01-19,153.0,False,78.12,False,51.49,False
Hyderabad,2019-01-20,155.0,False,70.0,False,58.07,False
Hyderabad,2019-01-21,132.0,False,66.4,False,46.24,False
Hyderabad,2019-01-22,105.0,False,47.29,False,33.37,False
Hyderabad,2019-01-23,105.0,False,60.93,False,37.74,False
Hyderabad,2019-01-24,112.0,False,59.22,False,40.03,False
Hyderabad,2019-01-25,96.0,False,36.51,False,29.33,False
Hyderabad,2019-01-26,73.0,False,36.21,False,28.89,False
Hyderabad,2019-01-27,72.0,False,51.29,False,32.05,False
Hyderabad,2019-01-28,124.0,False,71.62,False,38.41,False
Hyderabad,2019-01-29,136.0,False,64.42,False,39.62,False
Hyderabad,2019-01-30,108.0,False,55.6,False,49.58,False
Hyderabad,2019-01-31,114.0,False,63.8,False,51.35,False
Hyderabad,2019-02-01,131.0,False,66.44,False,45.36,False
Hyderabad,2019-02-02,118.0,False,62.22,False,47.27,False
Hyderabad,2019-02-03,120.0,False,60.26,False,41.85,False
Hyderabad,2019-02-04,110.0,False,63.75,False,42.48,False
Hyderabad,2019-02-05,115.0,False,63.26,False,45.85,False
Hyderabad,2019-02-06,130.0,False,68.06,False,45.84,False
Hyderabad,2019-02-07,120.0,False,58.46,False,35.49,False
Hyderabad,2019-02-08,114.0,False,58.24,False,48.41,False
Hyderabad,2019-02-09,128.0,False,55.67,False,43.21,False
Hyderabad,2019-02-10,130.0,False,58.82,False,39.43,False
Hyderabad,2019-02-11,118.0,False,58.64,False,35.55,False
Hyderabad,2019-02-12,122.0,False,64.14,False,46.13,False
Hyderabad,2019-02-13,130.0,False,64.94,False,56.54,False
Hyderabad,2019-02-14,127.0,False,62.79,False,47.79,False
Hyderabad,2019-02-15,102.0,False,38.84,False,38.74,False
Hyderabad,2019-02-16,91.0,False,48.34,False,46.78,False
Hyderabad,2019-02-17,101.0,False,45.12,False,44.87,False
Hyderabad,2019-02-18,109.0,False,65.14,False,51.92,False
Hyderabad,2019-02-19,123.0,False,55.8,False,38.85,False
Hyderabad,2019-02-20,87.0,False,35.07,False,31.3,False
Hyderabad,2019-02-21,82.0,False,39.32,False,35.72,False
Hyderabad,2019-02-22,94.0,False,44.63,False,43.43,False
Hyderabad,2019-02-23,115.0,False,57.13,False,51.31,False
Hyderabad,2019-02-24,114.0,False,46.64,False,39.75,False
Hyderabad,2019-02-25,100.0,False,49.41,False,37.02,False
Hyderabad,2019-02-26,117.0,False,54.83,False,46.58,False
Hyderabad,2019-02-27,111.0,False,57.06,False,44.72,False
Hyderabad,2019-02-28,112.0,False,50.34,False,37.89,False
Hyderabad,2019-03-01,120.0,False,55.59,False,45.3,False
Hyderabad,2019-03-02,85.0,False,33.05,False,30.47,False
Hyderabad,2019-03-03,68.0,False,35.27,False,28.79,False
Hyderabad,2019-03-04,80.0,False,40.97,False,34.92,False
Hyderabad,2019-03-05,117.0,False,59.27,False,42.82,False
Hyderabad,2019-03-06,136.0,False,62.5,False,51.51,False
Hyderabad,2019-03-07,143.0,False,66.8,False,57.64,False
Hyderabad,2019-03-08,143.0,False,66.34,False,45.68,False
Hyderabad,2019-03-09,122.0,False,49.68,False,39.57,False
Hyderabad,2019-03-10,102.0,False,45.2,False,32.1,False
Hyderabad,2019-03-11,92.0,False,36.59,False,29.5,False
Hyderabad,2019-03-12,97.0,False,40.84,False,30.23,False
Hyderabad,2019-03-13,101.0,False,41.23,False,30.87,False
Hyderabad,2019-03-14,101.0,False,41.63,False,34.6,False
Hyderabad,2019-03-15,104.0,False,48.94,False,35.69,False
Hyderabad,2019-03-16,101.0,False,39.06,False,31.2,False
Hyderabad,2019-03-17,97.0,False,37.73,False,31.16,False
Hyderabad,2019-03-18,93.0,False,39.82,False,36.09,False
Hyderabad,2019-03-19,85.0,False,30.77,False,29.56,False
Hyderabad,2019-03-20,86.0,False,41.63,False,30.7,False
Hyderabad,2019-03-21,95.0,False,41.06,False,26.62,False
Hyderabad,2019-03-22,87.0,False,36.35,False,28.41,False
Hyderabad,2019-03-23,101.0,False,43.36,False,37.47,False
Hyderabad,2019-03-24,111.0,False,50.52,False,36.62,False
Hyderabad,2019-03-25,107.0,False,50.06,False,38.91,False
Hyderabad,2019-03-26,113.0,False,51.5,False,40.1,False
Hyderabad,2019-03-27,107.0,False,48.51,False,36.61,False
Hyderabad,2019-03-28,114.0,False,55.2,False,40.49,False
Hyderabad,2019-03-29,127.0,False,59.8,False,47.46,False
Hyderabad,2019-03-30,132.0,False,59.21,False,37.75,False
Hyderabad,2019-03-31,124.0,False,48.49,False,34.71,False
Hyderabad,2019-04-01,106.0,False,37.8,False,36.39,False
Hyderabad,2019-04-02,114.0,False,43.82,False,35.96,False
Hyderabad,2019-04-03,106.0,False,45.6,False,34.95,False
Hyderabad,2019-04-04,102.0,False,39.01,False,32.84,False
Hyderabad,2019-04-05,93.0,False,31.28,False,27.38,False
Hyderabad,2019-04-06,89.0,False,37.69,False,34.78,False
Hyderabad,2019-04-07,78.0,False,33.48,False,25.54,False
Hyderabad,2019-04-08,80.0,False,33.08,False,34.43,False
Hyderabad,2019-04-09,91.0,False,40.63,False,41.49,False
Hyderabad,2019-04-10,100.0,False,42.14,False,41.35,False
Hyderabad,2019-04-11,87.0,False,31.45,False,29.76,False
Hyderabad,2019-04-12,82.0,False,36.35,False,32.58,False
Hyderabad,2019-04-13,91.0,False,32.69,False,40.08,False
Hyderabad,2019-04-14,102.0,False,41.0,False,41.38,False
Hyderabad,2019-04-15,95.0,False,37.57,False,35.15,False
Hyderabad,2019-04-16,104.0,False,39.47,False,34.63,False
Hyderabad,2019-04-17,91.0,False,33.26,False,28.9,False
Hyderabad,2019-04-18,96.0,False,43.07,False,33.19,False
Hyderabad,2019-04-19,94.0,False,30.74,False,30.7,False
Hyderabad,2019-04-20,69.0,False,25.52,False,28.22,False
Hyderabad,2019-04-21,69.0,False,24.77,False,25.56,False
Hyderabad,2019-04-22,70.0,False,27.5,False,26.94,False
Hyderabad,2019-04-23,96.0,False,34.65,False,38.86,False
Hyderabad,2019-04-24,92.0,False,29.87,False,32.63,False
Hyderabad,2019-04-25,102.0,False,36.16,False,34.65,False
Hyderabad,2019-04-26,108.0,False,43.87,False,30.94,False
Hyderabad,2019-04-27,124.0,False,51.92,False,37.2,False
Hyderabad,2019-04-28,112.0,False,41.82,False,27.4,False
Hyderabad,2019-04-29,103.0,False,39.66,False,26.75,False
Hyderabad,2019-04-30,98.0,False,38.87,False,24.08,False
Hyderabad,2019-05-01,96.0,False,36.43,False,24.25,False
Hyderabad,2019-05-02,111.0,False,38.41,False,26.61,False
Hyderabad,2019-05-03,119.0,False,36.05,False,23.87,False
Hyderabad,2019-05-04,110.0,False,32.12,False,25.55,False
Hyderabad,2019-05-05,106.0,False,36.53,False,32.84,False
Hyderabad,2019-05-06,118.0,False,43.68,False,41.05,False
Hyderabad,2019-05-07,130.0,False,52.95,False,54.4,False
Hyderabad,2019-05-08,133.0,False,47.23,False,42.65,False
Hyderabad,2019-05-09,132.0,False,46.82,False,40.85,False
Hyderabad,2019-05-10,125.0,False,46.39,False,44.32,False
Hyderabad,2019-05-11,121.0,False,48.29,False,27.81,False
Hyderabad,2019-05-12,104.0,False,37.24,False,24.18,False
Hyderabad,2019-05-13,109.0,False,41.34,False,26.81,False
Hyderabad,2019-05-14,98.0,False,38.89,False,24.57,False
Hyderabad,2019-05-15,110.0,False,42.5,False,28.26,False
Hyderabad,2019-05-16,93.0,False,36.62,False,28.08,False
Hyderabad,2019-05-17,109.0,False,43.35,False,25.97,False
Hyderabad,2019-05-18,112.0,False,48.5,False,29.47,False
Hyderabad,2019-05-19,134.0,False,55.84,False,39.35,False
Hyderabad,2019-05-20,120.0,False,48.9,False,22.09,False
Hyderabad,2019-05-21,111.0,False,43.6,False,20.39,False
Hyderabad,2019-05-22,109.0,False,36.78,False,22.19,False
Hyderabad,2019-05-23,104.0,False,44.73,False,21.49,False
Hyderabad,2019-05-24,92.0,False,37.62,False,24.68,False
Hyderabad,2019-05-25,112.0,False,46.56,False,33.57,False
Hyderabad,2019-05-26,124.0,False,49.91,False,44.65,False
Hyderabad,2019-05-27,114.0,False,41.93,False,32.43,False
Hyderabad,2019-05-28,112.0,False,41.88,False,33.95,False
Hyderabad,2019-05-29,124.0,False,52.22,False,41.52,False
Hyderabad,2019-05-30,119.0,False,42.3,False,23.98,False
Hyderabad,2019-05-31,105.0,False,39.47,False,24.28,False
Hyderabad,2019-06-01,95.0,False,34.95,False,25.81,False
Hyderabad,2019-06-02,111.0,False,44.33,False,30.78,False
Hyderabad,2019-06-03,91.0,False,27.67,False,19.27,False
Hyderabad,2019-06-04,75.0,False,24.01,False,23.84,False
Hyderabad,2019-06-05,86.0,False,35.63,False,30.32,False
Hyderabad,2019-06-06,103.0,False,35.67,False,23.98,False
Hyderabad,2019-06-07,89.0,False,28.41,False,22.08,False
Hyderabad,2019-06-08,78.0,False,32.08,False,30.99,False
Hyderabad,2019-06-09,88.0,False,31.14,False,23.4,False
Hyderabad,2019-06-10,75.0,False,23.71,False,20.71,False
Hyderabad,2019-06-11,60.0,False,12.39,False,19.18,False
Hyderabad,2019-06-12,48.0,False,8.7,False,15.47,False
Hyderabad,2019-06-13,39.0,False,11.21,False,17.24,False
Hyderabad,2019-06-14,40.0,False,15.94,False,14.46,False
Hyderabad,2019-06-15,55.0,False,22.29,False,13.52,False
Hyderabad,2019-06-16,57.0,False,19.58,False,9.26,False
Hyderabad,2019-06-17,60.0,False,23.78,False,12.02,False
Hyderabad,2019-06-18,60.0,False,22.29,False,10.98,False
Hyderabad,2019-06-19,60.0,False,21.59,False,11.54,False
Hyderabad,2019-06-20,54.0,False,18.96,False,11.05,False
Hyderabad,2019-06-21,65.0,False,28.11,False,16.83,False
Hyderabad,2019-06-22,60.0,False,24.75,False,15.01,False
Hyderabad,2019-06-23,60.0,False,26.44,False,19.64,False
Hyderabad,2019-06-24,62.0,False,25.45,False,19.86,False
Hyderabad,2019-06-25,62.0,False,27.0,False,23.58,False
Hyderabad,2019-06-26,60.0,False,18.07,False,13.79,False
Hyderabad,2019-06-27,38.0,False,9.85,False,11.88,False
Hyderabad,2019-06-28,35.0,False,9.89,False,9.71,False
Hyderabad,2019-06-29,35.0,False,12.75,False,13.54,False
Hyderabad,2019-06-30,39.0,False,18.55,False,16.94,False
Hyderabad,2019-07-01,44.0,False,18.32,False,14.66,False
Hyderabad,2019-07-02,36.0,False,17.75,False,14.34,False
Hyderabad,2019-07-03,46.0,False,20.08,False,12.48,False
Hyderabad,2019-07-04,49.0,False,17.71,False,13.84,False
Hyderabad,2019-07-05,46.0,False,16.27,False,13.5,False
Hyderabad,2019-07-06,42.0,False,15.95,False,8.82,False
Hyderabad,2019-07-07,47.0,False,15.22,False,7.09,False
Hyderabad,2019-07-08,36.0,False,16.51,False,10.33,False
Hyderabad,2019-07-09,43.0,False,15.35,False,10.7,False
Hyderabad,2019-07-10,36.0,False,12.67,False,9.99,False
Hyderabad,2019-07-11,40.0,False,16.54,False,12.01,False
Hyderabad,2019-07-12,45.0,False,18.41,False,15.07,False
Hyderabad,2019-07-13,46.0,False,12.8,False,12.2,False
Hyderabad,2019-07-14,36.0,False,14.43,False,14.78,False
Hyderabad,2019-07-15,44.0,False,15.96,False,13.46,False
Hyderabad,2019-07-16,60.0,False,24.07,False,15.32,False
Hyderabad,2019-07-17,68.0,False,22.29,False,13.96,False
Hyderabad,2019-07-18,70.0,False,26.43,False,14.91,False
Hyderabad,2019-07-19,89.0,False,31.27,False,17.52,False
Hyderabad,2019-07-20,64.0,False,20.12,False,13.94,False
Hyderabad,2019-07-21,54.0,False,14.08,False,13.32,False
Hyderabad,2019-07-22,48.0,False,12.01,False,15.41,False
Hyderabad,2019-07-23,48.0,False,8.13,False,10.58,False
Hyderabad,2019-07-24,47.0,False,10.24,False,11.32,False
Hyderabad,2019-07-25,49.0,False,12.86,False,12.51,False
Hyderabad,2019-07-26,50.0,False,14.72,False,14.61,False
Hyderabad,2019-07-27,47.0,False,12.96,False,11.87,False
Hyderabad,2019-07-28,47.0,False,13.46,False,11.57,False
Hyderabad,2019-07-29,42.0,False,8.99,False,11.77,False
Hyderabad,2019-07-30,35.0,False,8.48,False,12.12,False
Hyderabad,2019-07-31,37.0,False,10.95,False,13.33,False
Hyderabad,2019-08-01,41.0,False,10.31,False,14.94,False
Hyderabad,2019-08-02,37.0,False,8.01,False,13.12,False
Hyderabad,2019-08-03,39.0,False,6.75,False,11.92,False
Hyderabad,2019-08-04,36.0,False,6.24,False,12.57,False
Hyderabad,2019-08-05,37.0,False,7.95,False,12.93,False
Hyderabad,2019-08-06,51.0,False,10.01,False,15.18,False
Hyderabad,2019-08-07,46.0,False,9.72,False,16.76,False
Hyderabad,2019-08-08,47.0,False,12.45,False,19.4,False
Hyderabad,2019-08-09,46.0,False,12.46,False,13.58,False
Hyderabad,2019-08-10,45.0,False,11.94,False,15.1,False
Hyderabad,2019-08-11,50.0,False,17.37,False,16.94,False
Hyderabad,2019-08-12,63.0,False,24.17,False,19.45,False
Hyderabad,2019-08-13,72.0,False,29.79,False,29.89,False
Hyderabad,2019-08-14,75.0,False,23.12,False,25.02,False
Hyderabad,2019-08-15,58.0,False,19.11,False,21.68,False
Hyderabad,2019-08-16,53.0,False,17.17,False,24.22,False
Hyderabad,2019-08-17,69.0,False,23.03,False,24.44,False
Hyderabad,2019-08-18,89.0,False,29.92,False,32.88,False
Hyderabad,2019-08-19,85.0,False,25.94,False,30.57,False
Hyderabad,2019-08-20,82.0,False,31.38,False,29.66,False
Hyderabad,2019-08-21,75.0,False,27.23,False,23.96,False
Hyderabad,2019-08-22,67.0,False,20.35,False,19.28,False
Hyderabad,2019-08-23,65.0,False,23.71,False,16.82,False
Hyderabad,2019-08-24,51.0,False,14.82,False,16.19,False
Hyderabad,2019-08-25,51.0,False,14.89,False,17.27,False
Hyderabad,2019-08-26,52.0,False,17.16,False,19.36,False
Hyderabad,2019-08-27,65.0,False,18.86,False,15.9,False
Hyderabad,2019-08-28,68.0,False,19.35,False,16.68,False
Hyderabad,2019-08-29,65.0,False,16.92,False,17.85,False
Hyderabad,2019-08-30,54.0,False,16.5,False,16.99,False
Hyderabad,2019-08-31,41.0,False,13.98,False,15.96,False
Hyderabad,2019-09-01,44.0,False,11.85,False,12.75,False
Hyderabad,2019-09-02,38.0,False,15.72,False,11.79,False
Hyderabad,2019-09-03,38.0,False,12.92,False,12.69,False
Hyderabad,2019-09-04,35.0,False,12.2,False,12.34,False
Hyderabad,2019-09-05,32.0,False,11.14,False,15.09,False
Hyderabad,2019-09-06,34.0,False,11.92,False,12.37,False
Hyderabad,2019-09-07,32.0,False,13.65,False,12.65,False
Hyderabad,2019-09-08,33.0,False,10.31,False,11.43,False
Hyderabad,2019-09-09,36.0,False,13.26,False,13.38,False
Hyderabad,2019-09-10,39.0,False,14.98,False,13.26,False
Hyderabad,2019-09-11,50.0,False,18.19,False,16.45,False
Hyderabad,2019-09-12,57.0,False,21.73,False,14.72,False
Hyderabad,2019-09-13,49.0,False,16.32,False,13.08,False
Hyderabad,2019-09-14,48.0,False,18.39,False,15.41,False
Hyderabad,2019-09-15,61.0,False,22.47,False,16.52,False
Hyderabad,2019-09-16,65.0,False,28.23,False,15.93,False
Hyderabad,2019-09-17,65.0,False,28.85,False,14.76,False
Hyderabad,2019-09-18,65.0,False,25.01,False,22.53,False
Hyderabad,2019-09-19,56.0,False,25.6,False,21.02,False
Hyderabad,2019-09-20,53.0,False,20.54,False,21.37,False
Hyderabad,2019-09-21,61.0,False,25.81,False,19.01,False
Hyderabad,2019-09-22,61.0,False,27.01,False,22.14,False
Hyderabad,2019-09-23,65.0,False,32.95,False,25.85,False
Hyderabad,2019-09-24,60.0,False,28.07,False,25.87,False
Hyderabad,2019-09-25,49.0,False,22.37,False,21.84,False
Hyderabad,2019-09-26,53.0,False,20.4,False,15.21,False
Hyderabad,2019-09-27,38.0,False,15.49,False,14.23,False
Hyderabad,2019-09-28,44.0,False,25.85,False,15.5,False
Hyderabad,2019-09-29,63.0,False,33.27,False,21.56,False
Hyderabad,2019-09-30,75.0,False,41.11,False,28.89,False
Hyderabad,2019-10-01,87.0,False,39.12,False,21.75,False
Hyderabad,2019-10-02,72.0,False,31.98,False,21.43,False
Hyderabad,2019-10-03,85.0,False,32.24,False,24.9,False
Hyderabad,2019-10-04,81.0,False,34.73,False,24.27,False
Hyderabad,2019-10-05,71.0,False,40.22,False,26.37,False
Hyderabad,2019-10-06,82.0,False,42.99,False,26.42,False
Hyderabad,2019-10-07,86.0,False,50.79,False,23.98,False
Hyderabad,2019-10-08,95.0,False,56.9,False,21.05,False
Hyderabad,2019-10-09,92.0,False,54.17,False,25.34,False
Hyderabad,2019-10-10,80.0,False,39.07,False,32.44,False
Hyderabad,2019-10-11,70.0,False,34.57,False,26.75,False
Hyderabad,2019-10-12,67.0,False,34.91,False,27.6,False
Hyderabad,2019-10-13,70.0,False,36.35,False,24.49,False
Hyderabad,2019-10-14,88.0,False,53.22,False,24.54,False
Hyderabad,2019-10-15,98.0,False,52.62,False,23.13,False
Hyderabad,2019-10-16,98.0,False,59.41,False,28.52,False
Hyderabad,2019-10-17,117.0,False,48.12,False,27.32,False
Hyderabad,2019-10-18,64.0,False,24.3,False,20.85,False
Hyderabad,2019-10-19,54.0,False,22.92,False,21.67,False
Hyderabad,2019-10-20,63.0,False,28.04,False,23.54,False
Hyderabad,2019-10-21,53.0,False,22.03,False,21.12,False
Hyderabad,2019-10-22,71.0,False,41.03,False,27.1,False
Hyderabad,2019-10-23,78.0,False,37.8,False,23.75,False
Hyderabad,2019-10-24,72.0,False,22.53,False,19.81,False
Hyderabad,2019-10-25,51.0,False,23.54,False,22.14,False
Hyderabad,2019-10-26,52.0,False,18.81,False,18.42,False
Hyderabad,2019-10-27,59.0,False,40.65,False,21.39,False
Hyderabad,2019-10-28,126.0,False,64.09,False,24.01,False
Hyderabad,2019-10-29,94.0,False,42.04,False,25.96,False
Hyderabad,2019-10-30,82.0,False,40.41,False,26.24,False
Hyderabad,2019-10-31,76.0,False,21.39,False,19.89,False
Hyderabad,2019-11-01,54.0,False,22.51,False,20.95,False
Hyderabad,2019-11-02,66.0,False,29.98,False,25.34,False
Hyderabad,2019-11-03,84.0,False,37.22,False,22.49,False
Hyderabad,2019-11-04,96.0,False,57.61,False,25.82,False
Hyderabad,2019-11-05,155.0,False,84.85,False,36.15,False
Hyderabad,2019-11-06,177.0,False,84.0,False,35.47,False
Hyderabad,2019-11-07,155.0,False,70.7,False,27.89,False
Hyderabad,2019-11-08,131.0,False,69.8,False,29.95,False
Hyderabad,2019-11-09,156.0,False,81.35,False,29.9,False
Hyderabad,2019-11-10,169.0,False,72.38,False,28.07,False
Hyderabad,2019-11-11,122.0,False,60.06,False,30.62,False
Hyderabad,2019-11-12,104.0,False,56.27,False,27.67,False
Hyderabad,2019-11-13,123.0,False,62.64,False,32.29,False
Hyderabad,2019-11-14,125.0,False,67.77,False,28.91,False
Hyderabad,2019-11-15,127.0,False,69.15,False,34.06,False
Hyderabad,2019-11-16,141.0,False,66.42,False,33.39,False
Hyderabad,2019-11-17,131.0,False,70.79,False,30.37,False
Hyderabad,2019-11-18,145.0,False,76.03,False,35.4,False
Hyderabad,2019-11-19,165.0,False,82.72,False,32.85,False
Hyderabad,2019-11-20,181.0,False,84.11,False,38.32,False
Hyderabad,2019-11-21,161.0,False,78.63,False,38.44,False
Hyderabad,2019-11-22,161.0,False,76.7,False,40.26,False
Hyderabad,2019-11-23,159.0,False,75.82,False,42.14,False
Hyderabad,2019-11-24,156.0,False,80.31,False,38.39,False
Hyderabad,2019-11-25,163.0,False,86.18,False,35.5,False
Hyderabad,2019-11-26,176.0,False,80.88,False,31.01,False
Hyderabad,2019-11-27,154.0,False,71.3,False,38.76,False
Hyderabad,2019-11-28,146.0,False,74.49,False,49.64,False
Hyderabad,2019-11-29,129.0,False,62.42,False,44.76,False
Hyderabad,2019-11-30,127.0,False,63.81,False,40.93,False
Hyderabad,2019-12-01,127.0,False,61.97,False,32.04,False
Hyderabad,2019-12-02,92.0,False,45.57,False,26.88,False
Hyderabad,2019-12-03,75.0,False,47.66,False,36.08,False
Hyderabad,2019-12-04,144.0,False,79.37,False,38.31,False
Hyderabad,2019-12-05,172.0,False,82.44,False,47.96,False
Hyderabad,2019-12-06,178.0,False,85.82,False,46.9,False
Hyderabad,2019-12-07,186.0,False,83.29,False,49.14,False
Hyderabad,2019-12-08,156.0,False,67.07,False,42.75,False
Hyderabad,2019-12-09,119.0,False,57.77,False,41.58,False
Hyderabad,2019-12-10,117.0,False,58.14,False,43.91,False
Hyderabad,2019-12-11,125.0,False,64.73,False,45.83,False
Hyderabad,2019-12-12,125.0,False,55.77,False,44.15,False
Hyderabad,2019-12-13,85.0,False,31.86,False,32.41,False
Hyderabad,2019-12-14,78.0,False,40.8,False,35.37,False
Hyderabad,2019-12-15,87.0,False,43.43,False,31.45,False
Hyderabad,2019-12-16,96.0,False,50.84,False,39.89,False
Hyderabad,2019-12-17,120.0,False,69.16,False,45.94,False
Hyderabad,2019-12-18,150.0,False,75.72,False,48.4,False
Hyderabad,2019-12-19,147.0,False,75.66,False,45.84,False
Hyderabad,2019-12-20,151.0,False,78.86,False,52.39,False
Hyderabad,2019-12-21,172.0,False,82.1,False,45.79,False
Hyderabad,2019-12-22,166.0,False,77.15,False,41.34,False
Hyderabad,2019-12-23,157.0,False,74.42,False,41.57,False
Hyderabad,2019-12-24,130.0,False,62.38,False,34.51,False
Hyderabad,2019-12-25,131.0,False,72.06,False,33.0,False
Hyderabad,2019-12-26,128.0,False,62.79,False,33.93,False
Hyderabad,2019-12-27,119.0,False,56.3,False,36.66,False
Hyderabad,2019-12-28,130.0,False,73.73,False,39.62,False
Hyderabad,2019-12-29,158.0,False,80.23,False,44.53,False
Hyderabad,2019-12-30,143.0,False,72.02,False,36.32,False
Hyderabad,2019-12-31,107.0,False,47.37,False,30.94,False
Hyderabad,2020-01-01,82.0,False,41.19,False,25.88,False
Hyderabad,2020-01-02,64.0,False,30.8,False,27.43,False
Hyderabad,2020-01-03,64.0,False,33.09,False,25.24,False
Hyderabad,2020-01-04,87.0,False,57.96,False,29.78,False
Hyderabad,2020-01-05,112.0,False,64.52,False,34.05,False
Hyderabad,2020-01-06,125.0,False,56.86,False,36.85,False
Hyderabad,2020-01-07,93.0,False,51.1,False,30.38,False
Hyderabad,2020-01-08,82.0,False,40.04,False,25.03,False
Hyderabad,2020-01-09,84.0,False,46.45,False,29.5,False
Hyderabad,2020-01-10,123.0,False,74.35,False,29.58,False
Hyderabad,2020-01-11,149.0,False,74.55,False,41.69,False
Hyderabad,2020-01-12,140.0,False,67.37,False,42.49,False
Hyderabad,2020-01-13,128.0,False,65.69,False,46.15,False
Hyderabad,2020-01-14,134.0,False,72.24,False,40.97,False
Hyderabad,2020-01-15,119.0,False,50.23,False,25.29,False
Hyderabad,2020-01-16,76.0,False,35.28,False,22.05,False
Hyderabad,2020-01-17,66.0,False,31.16,False,27.84,False
Hyderabad,2020-01-18,69.0,False,35.01,False,29.5,False
Hyderabad,2020-01-19,74.0,False,34.14,False,27.74,False
Hyderabad,2020-01-20,77.0,False,39.98,False,30.46,False
Hyderabad,2020-01-21,84.0,False,37.27,False,32.37,False
Hyderabad,2020-01-22,84.0,False,38.79,False,31.8,False
Hyderabad,2020-01-23,106.0,False,56.38,False,43.87,False
Hyderabad,2020-01-24,125.0,False,63.09,False,49.49,False
Hyderabad,2020-01-25,133.0,False,67.01,False,47.05,False
Hyderabad,2020-01-26,131.0,False,62.52,False,43.0,False
Hyderabad,2020-01-27,128.0,False,57.99,False,38.53,False
Hyderabad,2020-01-28,107.0,False,51.37,False,29.77,False
Hyderabad,2020-01-29,128.0,False,58.15,False,38.77,False
Hyderabad,2020-01-30,126.0,False,68.2,False,36.66,False
Hyderabad,2020-01-31,141.0,False,59.22,False,38.18,False
Hyderabad,2020-02-01,99.0,False,38.88,False,40.69,False
Hyderabad,2020-02-02,77.0,False,40.2,False,29.28,False
Hyderabad,2020-02-03,76.0,False,36.94,False,30.21,False
Hyderabad,2020-02-04,71.0,False,27.77,False,31.23,False
Hyderabad,2020-02-05,70.0,False,32.73,False,34.88,False
Hyderabad,2020-02-06,80.0,False,30.56,False,41.17,False
Hyderabad,2020-02-07,80.0,False,32.21,False,28.37,False
Hyderabad,2020-02-08,79.0,False,38.5,False,28.55,False
Hyderabad,2020-02-09,82.0,False,41.49,False,27.11,False
Hyderabad,2020-02-10,68.0,False,39.28,False,29.29,False
Hyderabad,2020-02-11,75.0,False,42.7,False,29.93,False
Hyderabad,2020-02-12,94.0,False,56.38,False,36.64,False
Hyderabad,2020-02-13,122.0,False,61.85,False,43.3,False
Hyderabad,2020-02-14,146.0,False,74.29,False,60.15,False
Hyderabad,2020-02-15,154.0,False,66.96,False,57.58,False
Hyderabad,2020-02-16,140.0,False,65.61,False,43.19,False
Hyderabad,2020-02-17,126.0,False,59.75,False,44.99,False
Hyderabad,2020-02-18,116.0,False,45.93,False,47.25,False
Hyderabad,2020-02-19,112.0,False,49.6,False,44.57,False
Hyderabad,2020-02-20,97.0,False,45.57,False,27.45,False
Hyderabad,2020-02-21,86.0,False,35.27,False,22.96,False
Hyderabad,2020-02-22,72.0,False,28.81,False,27.78,False
Hyderabad,2020-02-23,68.0,False,25.6,False,24.85,False
Hyderabad,2020-02-24,70.0,False,32.51,False,27.31,False
Hyderabad,2020-02-25,86.0,False,42.14,False,28.15,False
Hyderabad,2020-02-26,112.0,False,55.84,False,34.26,False
Hyderabad,2020-02-27,108.0,False,38.49,False,33.43,False
Hyderabad,2020-02-28,97.0,False,40.35,False,29.75,False
Hyderabad,2020-02-29,91.0,False,42.44,False,25.56,False
Hyderabad,2020-03-01,92.0,False,43.21,False,27.41,False
Hyderabad,2020-03-02,95.0,False,48.6,False,31.95,False
Hyderabad,2020-03-03,97.0,False,49.59,False,27.73,False
Hyderabad,2020-03-04,106.0,False,46.51,False,29.56,False
Hyderabad,2020-03-05,113.0,False,57.23,False,37.61,False
Hyderabad,2020-03-06,100.0,False,33.87,False,23.4,False
Hyderabad,2020-03-07,85.0,False,38.58,False,25.4,False
Hyderabad,2020-03-08,77.0,False,33.94,False,22.05,False
Hyderabad,2020-03-09,70.0,False,32.84,False,22.79,False
Hyderabad,2020-03-10,65.0,False,25.67,False,21.21,False
Hyderabad,2020-03-11,62.0,False,29.93,False,26.85,False
Hyderabad,2020-03-12,78.0,False,31.53,False,30.61,False
Hyderabad,2020-03-13,79.0,False,27.51,False,25.71,False
Hyderabad,2020-03-14,75.0,False,33.45,False,28.19,False
Hyderabad,2020-03-15,82.0,False,32.03,False,27.55,False
Hyderabad,2020-03-16,71.0,False,27.86,False,28.5,False
Hyderabad,2020-03-17,67.0,False,25.08,False,29.65,False
Hyderabad,2020-03-18,67.0,False,26.32,False,31.53,False
Hyderabad,2020-03-19,87.0,False,43.39,False,33.52,False
Hyderabad,2020-03-20,79.0,False,33.71,False,25.04,False
Hyderabad,2020-03-21,84.0,False,39.85,False,24.68,False
Hyderabad,2020-03-22,102.0,False,38.0,False,20.45,False
Hyderabad,2020-03-23,73.0,False,37.97,False,14.21,False
Hyderabad,2020-03-24,66.0,False,28.75,False,12.33,False
Hyderabad,2020-03-25,60.0,False,28.47,False,12.7,False
Hyderabad,2020-03-26,59.0,False,29.0,False,12.23,False
Hyderabad,2020-03-27,65.0,False,34.09,False,12.16,False
Hyderabad,2020-03-28,70.0,False,36.17,False,11.67,False
Hyderabad,2020-03-29,75.0,False,42.07,False,19.37,False
Hyderabad,2020-03-30,72.0,False,34.79,False,19.35,False
Hyderabad,2020-03-31,68.0,False,42.42,False,19.9,False
Hyderabad,2020-04-01,87.0,False,47.96,False,19.98,False
Hyderabad,2020-04-02,88.0,False,48.05,False,19.75,False
Hyderabad,2020-04-03,73.0,False,38.13,False,18.95,False
Hyderabad,2020-04-04,67.0,False,37.34,False,21.26,False
Hyderabad,2020-04-05,66.0,False,30.18,False,16.71,False
Hyderabad,2020-04-06,64.0,False,27.87,False,18.52,False
Hyderabad,2020-04-07,77.0,False,19.76,False,22.67,False
Hyderabad,2020-04-08,56.0,False,19.94,False,20.46,False
Hyderabad,2020-04-09,59.0,False,29.36,False,25.74,False
Hyderabad,2020-04-10,62.0,False,18.95,False,31.96,False
Hyderabad,2020-04-11,55.0,False,23.99,False,27.24,False
Hyderabad,2020-04-12,61.0,False,33.4,False,21.68,False
Hyderabad,2020-04-13,68.0,False,35.21,False,18.03,False
Hyderabad,2020-04-14,74.0,False,38.07,False,19.72,False
Hyderabad,2020-04-15,74.0,False,33.99,False,18.3,False
Hyderabad,2020-04-16,70.0,False,37.13,False,18.82,False
Hyderabad,2020-04-17,74.0,False,38.44,False,21.35,False
Hyderabad,2020-04-18,75.0,False,35.67,False,25.01,False
Hyderabad,2020-04-19,67.0,False,30.21,False,24.42,False
Hyderabad,2020-04-20,58.0,False,26.47,False,25.39,False
Hyderabad,2020-04-21,54.0,False,22.83,False,29.99,False
Hyderabad,2020-04-22,50.0,False,25.12,False,26.18,False
Hyderabad,2020-04-23,53.0,False,27.57,False,24.7,False
Hyderabad,2020-04-24,63.0,False,28.99,False,22.09,False
Hyderabad,2020-04-25,62.0,False,31.76,False,24.4,False
Hyderabad,2020-04-26,71.0,False,29.9,False,20.64,False
Hyderabad,2020-04-27,56.0,False,23.51,False,21.98,False
Hyderabad,2020-04-28,56.0,False,23.36,False,19.73,False
Hyderabad,2020-04-29,51.0,False,16.03,False,22.21,False
Hyderabad,2020-04-30,59.0,False,21.12,False,24.27,False
Hyderabad,2020-05-01,67.0,False,22.69,False,22.43,False
Hyderabad,2020-05-02,54.0,False,24.62,False,25.22,False
Hyderabad,2020-05-03,70.0,False,33.03,False,26.32,False
Hyderabad,2020-05-04,77.0,False,28.18,False,22.57,False
Hyderabad,2020-05-05,71.0,False,31.36,False,24.86,False
Hyderabad,2020-05-06,73.0,False,25.18,False,21.51,False
Hyderabad,2020-05-07,59.0,False,26.84,False,21.67,False
Hyderabad,2020-05-08,65.0,False,27.46,False,22.97,False
Hyderabad,2020-05-09,69.0,False,29.56,False,21.1,False
Hyderabad,2020-05-10,65.0,False,28.15,False,26.08,False
Hyderabad,2020-05-11,83.0,False,38.65,False,30.29,False
Hyderabad,2020-05-12,74.0,False,32.09,False,27.82,False
Hyderabad,2020-05-13,64.0,False,24.1,False,24.07,False
Hyderabad,2020-05-14,60.0,False,25.06,False,21.85,False
Hyderabad,2020-05-15,60.0,False,24.12,False,23.33,False
Hyderabad,2020-05-16,67.0,False,27.65,False,26.37,False
Hyderabad,2020-05-17,70.0,False,32.47,False,28.5,False
Hyderabad,2020-05-18,72.0,False,31.05,False,27.66,False
Hyderabad,2020-05-19,93.0,False,42.41,False,30.17,False
Hyderabad,2020-05-20,106.0,False,36.62,False,31.45,False
Hyderabad,2020-05-21,109.0,False,31.59,False,33.69,False
Hyderabad,2020-05-22,114.0,False,39.91,False,38.9,False
Hyderabad,2020-05-23,122.0,False,44.09,False,35.83,False
Hyderabad,2020-05-24,116.0,False,41.03,False,26.38,False
Hyderabad,2020-05-25,102.0,False,33.07,False,22.72,False
Hyderabad,2020-05-26,89.0,False,32.51,False,23.19,False
Hyderabad,2020-05-27,87.0,False,28.66,False,24.26,False
Hyderabad,2020-05-28,86.0,False,26.7,False,26.37,False
Hyderabad,2020-05-29,84.0,False,21.07,False,24.05,False
Hyderabad,2020-05-30,65.0,False,18.56,False,23.9,False
Hyderabad,2020-05-31,67.0,False,25.17,False,27.75,False
Hyderabad,2020-06-01,55.0,False,30.0,False,30.48,False
Hyderabad,2020-06-02,79.0,False,16.47,False,23.75,False
Hyderabad,2020-06-03,38.0,False,11.74,False,20.72,False
Hyderabad,2020-06-04,33.0,False,13.93,False,18.89,False
Hyderabad,2020-06-05,38.0,False,19.57,False,22.78,False
Hyderabad,2020-06-06,58.0,False,23.02,False,20.88,False
Hyderabad,2020-06-07,64.0,False,19.49,False,18.0,False
Hyderabad,2020-06-08,54.0,False,20.2,False,19.5,False
Hyderabad,2020-06-09,57.0,False,17.96,False,19.43,False
Hyderabad,2020-06-10,48.0,False,20.26,False,21.57,False
Hyderabad,2020-06-11,42.0,False,19.96,False,23.97,False
Hyderabad,2020-06-12,42.0,False,17.19,False,21.01,False
Hyderabad,2020-06-13,38.0,False,9.87,False,19.35,False
Hyderabad,2020-06-14,32.0,False,9.8,False,19.97,False
Hyderabad,2020-06-15,33.0,False,13.53,False,19.95,False
Hyderabad,2020-06-16,31.0,False,10.31,False,17.7,False
Hyderabad,2020-06-17,29.0,False,10.31,False,18.86,False
Hyderabad,2020-06-18,30.0,False,14.04,False,18.92,False
Hyderabad,2020-06-19,37.0,False,20.19,False,20.73,False
Hyderabad,2020-06-20,52.0,False,22.5,False,19.96,False
Hyderabad,2020-06-21,56.0,False,24.0,False,21.8,False
Hyderabad,2020-06-22,60.0,False,22.91,False,21.71,False
Hyderabad,2020-06-23,51.0,False,22.36,False,22.45,False
Hyderabad,2020-06-24,51.0,False,21.25,False,24.72,False
Hyderabad,2020-06-25,52.0,False,22.41,False,25.42,False
Hyderabad,2020-06-26,52.0,False,27.05,False,21.78,False
Hyderabad,2020-06-27,58.0,False,23.29,False,22.64,False
Hyderabad,2020-06-28,49.0,False,15.8,False,22.73,False
Hyderabad,2020-06-29,47.0,False,20.24,False,27.59,False
Hyderabad,2020-06-30,46.0,False,19.38,False,24.58,False
Hyderabad,2020-07-01,48.0,False,26.83,False,27.18,False
Lucknow,2015-01-01,,,,,13.46,False
Lucknow,2015-01-02,,,,,10.76,False
Lucknow,2015-01-03,,,,,12.43,False
Lucknow,2015-01-04,,,,,12.46,False
Lucknow,2015-01-05,,,,,12.27,False
Lucknow,2015-01-06,,,,,12.91,False
Lucknow,2015-01-07,,,,,17.12,False
Lucknow,2015-01-08,,,,,24.45,False
Lucknow,2015-01-09,,,,,24.74,False
Lucknow,2015-01-10,,,,,20.67,False
Lucknow,2015-01-11,,,,,18.77,False
Lucknow,2015-01-12,,,,,17.52,False
Lucknow,2015-01-13,,,,,15.84,False
Lucknow,2015-01-14,,,,,15.26,False
Lucknow,2015-01-15,,,,,8.73,False
Lucknow,2015-01-16,,,,,8.72,False
Lucknow,2015-01-17,,,,,5.4,False
Lucknow,2015-01-18,,,,,4.89,False
Lucknow,2015-01-19,,,,,8.14,False
Lucknow,2015-01-20,,,,,11.63,False
Lucknow,2015-01-21,,,,,19.67,False
Lucknow,2015-01-22,,,,,17.07,False
Lucknow,2015-01-23,,,,,15.33,False
Lucknow,2015-01-24,,,,,12.79,False
Lucknow,2015-01-25,,,,,10.64,False
Lucknow,2015-01-26,,,,,13.62,False
Lucknow,2015-01-27,,,,,20.12,False
Lucknow,2015-01-28,,,,,28.51,False
Lucknow,2015-01-29,,,,,21.54,False
Lucknow,2015-01-30,,,,,16.56,False
Lucknow,2015-01-31,,,,,18.36,False
Lucknow,2015-02-01,,,,,20.19,False
Lucknow,2015-02-02,,,,,18.3,False
Lucknow,2015-02-03,,,,,14.16,False
Lucknow,2015-02-04,,,,,13.12,False
Lucknow,2015-02-05,,,,,14.52,False
Lucknow,2015-02-06,,,,,19.2,False
Lucknow,2015-02-07,,,,,31.35,False
Lucknow,2015-02-08,,,,,33.06,False
Lucknow,2015-02-09,,,,,33.45,False
Lucknow,2015-02-10,,,,,17.01,False
Lucknow,2015-02-11,,,,,28.63,False
Lucknow,2015-02-12,,,,,33.18,False
Lucknow,2015-02-13,,,,,16.65,False
Lucknow,2015-02-14,,,,,35.7,False
Lucknow,2015-02-15,,,,,21.52,False
Lucknow,2015-02-16,,,,,26.65,False
Lucknow,2015-02-17,,,,,25.15,False
Lucknow,2015-02-18,,,,,28.35,False
Lucknow,2015-02-19,,,,,29.61,False
Lucknow,2015-02-20,,,,,18.41,False
Lucknow,2015-02-21,,,,,26.09,False
Lucknow,2015-02-22,,,,,20.97,False
Lucknow,2015-02-23,,,,,27.46,False
Lucknow,2015-02-24,,,,,28.73,False
Lucknow,2015-02-25,,,,,18.02,False
Lucknow,2015-02-26,,,,,10.35,False
Lucknow,2015-02-27,,,,,11.42,False
Lucknow,2015-02-28,,,,,13.83,False
Lucknow,2015-03-01,,,,,16.82,False
Lucknow,2015-03-02,,,,,27.26,False
Lucknow,2015-03-03,,,,,21.85,False
Lucknow,2015-03-04,,,,,12.38,False
Lucknow,2015-03-05,,,,,20.08,False
Lucknow,2015-03-06,,,,,19.54,False
Lucknow,2015-03-07,,,,,21.08,False
Lucknow,2015-03-08,,,,,19.58,False
Lucknow,2015-03-09,,,,,19.51,False
Lucknow,2015-03-10,,,,,22.78,False
Lucknow,2015-03-11,,,,,24.66,False
Lucknow,2015-03-12,,,,,25.05,False
Lucknow,2015-03-13,,,,,26.42,False
Lucknow,2015-03-14,,,,,24.89,False
Lucknow,2015-03-15,,,,,18.44,False
Lucknow,2015-03-16,,,,,28.15,False
Lucknow,2015-03-17,,,,,28.12,False
Lucknow,2015-03-18,,,,,21.83,False
Lucknow,2015-03-19,,,,,22.57,False
Lucknow,2015-03-20,,,742.67,False,24.78,False
Lucknow,2015-03-21,607.0,False,518.1,False,25.91,False
Lucknow,2015-03-22,707.0,False,674.43,False,22.05,False
Lucknow,2015-03-23,699.0,False,41.71,False,23.95,False
Lucknow,2015-03-24,108.0,False,63.06,False,26.69,False
Lucknow,2015-03-25,111.0,False,50.6,False,39.66,False
Lucknow,2015-03-26,116.0,False,55.31,False,33.29,False
Lucknow,2015-03-27,104.0,False,60.99,False,25.41,False
Lucknow,2015-03-28,114.0,False,58.69,False,27.05,False
Lucknow,2015-03-29,124.0,False,56.07,False,25.32,False
Lucknow,2015-03-30,113.0,False,53.07,False,18.07,False
Lucknow,2015-03-31,104.0,False,40.51,False,25.01,False
Lucknow,2015-04-01,124.0,False,60.06,False,22.11,False
Lucknow,2015-04-02,157.0,False,59.78,False,23.79,False
Lucknow,2015-04-03,122.0,False,75.52,False,27.25,False
Lucknow,2015-04-04,144.0,False,41.71,False,22.35,False
Lucknow,2015-04-05,123.0,False,50.51,False,23.39,False
Lucknow,2015-04-06,114.0,False,37.74,False,27.38,False
Lucknow,2015-04-07,120.0,False,49.06,False,31.87,False
Lucknow,2015-04-08,117.0,False,36.35,False,28.02,False
Lucknow,2015-04-09,104.0,False,37.09,False,22.89,False
Lucknow,2015-04-10,108.0,False,48.37,False,25.37,False
Lucknow,2015-04-11,114.0,False,63.86,False,31.48,False
Lucknow,2015-04-12,134.0,False,54.17,False,23.58,False
Lucknow,2015-04-13,103.0,False,44.54,False,29.51,False
Lucknow,2015-04-14,103.0,False,45.94,False,32.21,False
Lucknow,2015-04-15,104.0,False,44.87,False,30.76,False
Lucknow,2015-04-16,104.0,False,47.12,False,33.17,False
Lucknow,2015-04-17,103.0,False,43.82,False,23.53,False
Lucknow,2015-04-18,104.0,True,44.13,False,27.93,False
Lucknow,2015-04-19,105.0,False,43.04,False,23.35,False
Lucknow,2015-04-20,167.0,False,36.72,False,25.96,False
Lucknow,2015-04-21,122.0,False,44.07,False,31.36,False
Lucknow,2015-04-22,133.0,False,32.86,False,17.77,False
Lucknow,2015-04-23,102.0,False,50.1,False,24.3,False
Lucknow,2015-04-24,113.0,False,44.39,False,16.54,False
Lucknow,2015-04-25,160.0,False,39.98,False,12.56,False
Lucknow,2015-04-26,105.0,False,44.83,False,10.99,False
Lucknow,2015-04-27,104.0,False,46.26,False,15.12,False
Lucknow,2015-04-28,111.0,False,42.06,False,13.56,False
Lucknow,2015-04-29,110.0,False,34.93,False,16.37,False
Lucknow,2015-04-30,109.0,False,46.02,False,14.83,False
Lucknow,2015-05-01,162.0,False,105.39,False,12.12,False
Lucknow,2015-05-02,175.0,False,49.21,False,14.35,False
Lucknow,2015-05-03,133.0,False,42.74,False,20.79,False
Lucknow,2015-05-04,118.0,False,44.41,False,25.14,False
Lucknow,2015-05-05,119.0,False,33.52,False,22.69,False
Lucknow,2015-05-06,114.0,False,29.95,False,16.42,False
Lucknow,2015-05-07,115.0,False,29.69,False,16.32,False
Lucknow,2015-05-08,148.0,False,28.56,False,14.08,False
Lucknow,2015-05-09,176.0,False,28.45,False,13.6,False
Lucknow,2015-05-10,150.0,False,32.08,False,19.08,False
Lucknow,2015-05-11,163.0,False,36.26,False,18.29,False
Lucknow,2015-05-12,138.0,False,29.07,False,12.68,False
Lucknow,2015-05-13,119.0,False,32.94,False,13.9,False
Lucknow,2015-05-14,112.0,False,33.4,False,13.48,False
Lucknow,2015-05-15,119.0,False,28.85,False,12.03,False
Lucknow,2015-05-16,118.0,False,36.88,False,13.78,False
Lucknow,2015-05-17,127.0,False,36.01,False,12.87,False
Lucknow,2015-05-18,169.0,False,34.55,False,13.04,False
Lucknow,2015-05-19,118.0,False,34.76,False,10.78,False
Lucknow,2015-05-20,106.0,False,32.51,False,11.77,False
Lucknow,2015-05-21,115.0,False,42.98,False,12.15,False
Lucknow,2015-05-22,187.0,False,34.6,False,12.48,False
Lucknow,2015-05-23,135.0,False,46.62,False,14.1,False
Lucknow,2015-05-24,125.0,False,39.74,False,11.67,False
Lucknow,2015-05-25,128.0,False,45.86,False,10.83,False
Lucknow,2015-05-26,136.0,False,39.79,False,11.18,False
Lucknow,2015-05-27,163.0,False,39.79,False,10.08,False
Lucknow,2015-05-28,127.0,False,40.78,False,11.21,False
Lucknow,2015-05-29,127.0,False,56.01,False,11.77,False
Lucknow,2015-05-30,198.0,False,41.14,False,12.7,False
Lucknow,2015-05-31,107.0,False,25.56,False,16.47,False
Lucknow,2015-06-01,112.0,False,23.1,False,10.86,False
Lucknow,2015-06-02,116.0,False,44.99,False,10.87,False
Lucknow,2015-06-03,189.0,False,71.26,False,15.29,False
Lucknow,2015-06-04,198.0,False,61.85,False,12.77,False
Lucknow,2015-06-05,203.0,False,77.49,False,11.71,False
Lucknow,2015-06-06,193.0,False,76.8,False,10.79,False
Lucknow,2015-06-07,191.0,False,70.64,False,9.95,False
Lucknow,2015-06-08,211.0,False,78.15,False,11.42,False
Lucknow,2015-06-09,161.0,False,53.52,False,13.08,False
Lucknow,2015-06-10,217.0,False,52.4,False,11.27,False
Lucknow,2015-06-11,119.0,False,53.19,False,11.98,False
Lucknow,2015-06-12,139.0,False,47.72,False,12.5,False
Lucknow,2015-06-13,106.0,False,52.73,False,11.89,False
Lucknow,2015-06-14,101.0,False,42.28,False,12.6,False
Lucknow,2015-06-15,229.0,False,97.19,False,14.6,False
Lucknow,2015-06-16,270.0,False,95.8,False,13.26,False
Lucknow,2015-06-17,103.0,False,32.33,False,10.69,False
Lucknow,2015-06-18,94.0,False,34.61,False,10.34,False
Lucknow,2015-06-19,102.0,False,37.29,False,11.97,False
Lucknow,2015-06-20,104.0,False,123.5,False,8.84,False
Lucknow,2015-06-21,218.0,False,38.13,False,8.89,False
Lucknow,2015-06-22,159.0,False,64.33,False,9.11,False
Lucknow,2015-06-23,157.0,False,71.33,False,9.33,False
Lucknow,2015-06-24,132.0,False,35.56,False,8.92,False
Lucknow,2015-06-25,70.0,False,37.82,False,8.84,False
Lucknow,2015-06-26,188.0,False,35.19,False,9.24,False
Lucknow,2015-06-27,167.0,False,19.15,False,9.31,False
Lucknow,2015-06-28,59.0,False,18.09,False,8.72,False
Lucknow,2015-06-29,51.0,False,17.86,False,8.78,False
Lucknow,2015-06-30,131.0,False,17.81,False,9.11,False
Lucknow,2015-07-01,95.0,False,19.69,False,8.54,False
Lucknow,2015-07-02,80.0,False,23.32,False,8.82,False
Lucknow,2015-07-03,75.0,False,18.64,False,11.83,False
Lucknow,2015-07-04,115.0,False,19.77,False,9.48,False
Lucknow,2015-07-05,152.0,False,21.85,False,9.41,False
Lucknow,2015-07-06,153.0,False,27.82,False,15.94,False
Lucknow,2015-07-07,210.0,False,18.85,False,8.53,False
Lucknow,2015-07-08,112.0,False,18.47,False,8.56,False
Lucknow,2015-07-09,65.0,False,20.98,False,7.95,False
Lucknow,2015-07-10,80.0,False,21.6,False,8.15,False
Lucknow,2015-07-11,112.0,False,29.6,False,7.8,False
Lucknow,2015-07-12,47.0,False,32.43,True,7.98,True
Lucknow,2015-07-13,126.0,True,35.26,False,8.15,False
Lucknow,2015-07-14,205.0,False,37.85,False,8.59,False
Lucknow,2015-07-15,149.0,False,34.86,False,9.73,False
Lucknow,2015-07-16,136.0,False,24.42,False,9.61,False
Lucknow,2015-07-17,133.0,False,23.99,False,7.74,False
Lucknow,2015-07-18,123.0,False,24.5,False,8.83,False
Lucknow,2015-07-19,120.0,False,25.45,False,9.37,False
Lucknow,2015-07-20,165.0,False,25.49,False,9.44,False
Lucknow,2015-07-21,136.0,False,24.02,False,8.93,False
Lucknow,2015-07-22,97.0,False,30.2,False,7.73,False
Lucknow,2015-07-23,141.0,False,62.19,False,12.36,False
Lucknow,2015-07-24,156.0,False,52.39,False,9.08,False
Lucknow,2015-07-25,139.0,False,49.34,False,12.14,False
Lucknow,2015-07-26,127.0,False,35.5,False,7.94,False
Lucknow,2015-07-27,116.0,False,44.01,False,6.4,False
Lucknow,2015-07-28,139.0,False,51.09,False,12.94,False
Lucknow,2015-07-29,139.0,False,43.47,False,7.81,False
Lucknow,2015-07-30,136.0,False,41.28,False,7.26,False
Lucknow,2015-07-31,104.0,False,48.46,False,7.82,False
Lucknow,2015-08-01,194.0,False,48.58,False,7.87,False
Lucknow,2015-08-02,105.0,False,49.0,False,8.32,False
Lucknow,2015-08-03,86.0,False,43.58,False,7.52,False
Lucknow,2015-08-04,99.0,False,51.67,False,8.02,False
Lucknow,2015-08-05,118.0,False,46.36,False,7.47,False
Lucknow,2015-08-06,107.0,False,55.45,False,7.19,False
Lucknow,2015-08-07,110.0,False,43.3,False,8.39,False
Lucknow,2015-08-08,142.0,False,44.99,False,8.44,False
Lucknow,2015-08-09,101.0,False,68.06,False,8.81,False
Lucknow,2015-08-10,150.0,False,63.08,False,9.44,False
Lucknow,2015-08-11,175.0,False,50.4,False,8.13,False
Lucknow,2015-08-12,78.0,False,34.61,False,9.57,False
Lucknow,2015-08-13,119.0,False,57.71,False,8.88,False
Lucknow,2015-08-14,83.0,False,30.81,False,7.99,False
Lucknow,2015-08-15,82.0,False,32.36,False,9.07,False
Lucknow,2015-08-16,94.0,False,32.23,False,7.63,False
Lucknow,2015-08-17,84.0,False,31.72,False,7.54,False
Lucknow,2015-08-18,140.0,False,31.98,False,8.21,False
Lucknow,2015-08-19,103.0,False,33.01,False,9.09,False
Lucknow,2015-08-20,80.0,False,34.33,False,9.36,False
Lucknow,2015-08-21,75.0,False,21.08,False,10.27,False
Lucknow,2015-08-22,78.0,False,40.93,False,8.53,False
Lucknow,2015-08-23,77.0,False,43.9,False,8.32,False
Lucknow,2015-08-24,82.0,False,56.57,False,8.03,False
Lucknow,2015-08-25,158.0,False,46.62,False,8.26,False
Lucknow,2015-08-26,75.0,False,45.44,False,8.5,False
Lucknow,2015-08-27,106.0,False,40.47,False,8.71,False
Lucknow,2015-08-28,105.0,False,44.58,False,11.77,False
Lucknow,2015-08-29,82.0,False,42.75,False,11.37,False
Lucknow,2015-08-30,89.0,False,46.2,False,9.23,False
Lucknow,2015-08-31,94.0,False,45.17,False,7.36,False
Lucknow,2015-09-01,80.0,False,46.76,False,7.21,False
Lucknow,2015-09-02,86.0,False,47.64,False,7.64,False
Lucknow,2015-09-03,107.0,False,52.43,False,8.46,False
Lucknow,2015-09-04,113.0,False,57.1,False,8.64,False
Lucknow,2015-09-05,108.0,False,51.36,False,10.81,False
Lucknow,2015-09-06,117.0,False,62.46,False,11.82,False
Lucknow,2015-09-07,114.0,False,57.19,False,10.96,False
Lucknow,2015-09-08,143.0,False,66.99,False,9.99,False
Lucknow,2015-09-09,151.0,False,66.88,False,9.82,False
Lucknow,2015-09-10,132.0,False,62.73,False,9.76,False
Lucknow,2015-09-11,148.0,False,65.64,False,12.2,False
Lucknow,2015-09-12,149.0,False,72.15,False,9.92,False
Lucknow,2015-09-13,232.0,False,68.23,False,9.36,False
Lucknow,2015-09-14,154.0,False,66.15,False,9.69,False
Lucknow,2015-09-15,171.0,False,71.73,False,9.83,False
Lucknow,2015-09-16,152.0,False,64.24,False,13.09,False
Lucknow,2015-09-17,145.0,False,66.17,False,31.55,False
Lucknow,2015-09-18,160.0,False,64.64,False,21.08,False
Lucknow,2015-09-19,154.0,False,70.56,False,10.97,False
Lucknow,2015-09-20,196.0,False,74.68,False,10.38,False
Lucknow,2015-09-21,130.0,False,28.82,False,6.75,False
Lucknow,2015-09-22,90.0,False,28.26,False,5.87,False
Lucknow,2015-09-23,91.0,False,39.66,False,6.08,False
Lucknow,2015-09-24,85.0,False,48.54,False,4.55,False
Lucknow,2015-09-25,91.0,False,49.65,False,4.54,False
Lucknow,2015-09-26,86.0,False,42.27,False,4.6,False
Lucknow,2015-09-27,89.0,False,49.92,False,5.08,False
Lucknow,2015-09-28,101.0,False,63.28,False,5.27,False
Lucknow,2015-09-29,116.0,False,51.42,False,7.1,False
Lucknow,2015-09-30,223.0,False,47.21,False,8.34,False
Lucknow,2015-10-01,244.0,False,47.78,False,9.97,False
Lucknow,2015-10-02,143.0,False,54.13,False,9.75,False
Lucknow,2015-10-03,220.0,False,60.88,False,14.19,False
Lucknow,2015-10-04,154.0,False,65.59,False,17.08,False
Lucknow,2015-10-05,118.0,False,59.33,False,7.63,False
Lucknow,2015-10-06,148.0,False,34.68,False,6.72,False
Lucknow,2015-10-07,100.0,False,53.63,False,10.14,False
Lucknow,2015-10-08,183.0,False,68.67,False,22.65,False
Lucknow,2015-10-09,228.0,False,57.76,False,24.06,False
Lucknow,2015-10-10,171.0,False,44.58,False,19.22,False
Lucknow,2015-10-11,191.0,False,28.45,False,10.31,False
Lucknow,2015-10-12,156.0,False,70.75,False,9.63,False
Lucknow,2015-10-13,146.0,False,72.43,False,7.7,False
Lucknow,2015-10-14,164.0,False,73.52,False,4.09,False
Lucknow,2015-10-15,240.0,False,82.39,False,3.77,False
Lucknow,2015-10-16,188.0,False,95.47,False,15.55,False
Lucknow,2015-10-17,230.0,False,112.56,False,3.45,False
Lucknow,2015-10-18,267.0,False,133.81,False,4.48,False
Lucknow,2015-10-19,231.0,False,133.94,False,7.6,False
Lucknow,2015-10-20,323.0,False,188.69,False,7.78,False
Lucknow,2015-10-21,334.0,False,185.78,False,6.24,False
Lucknow,2015-10-22,324.0,False,166.1,False,10.89,False
Lucknow,2015-10-23,253.0,False,120.87,False,24.63,False
Lucknow,2015-10-24,331.0,False,155.09,False,43.54,False
Lucknow,2015-10-25,345.0,False,162.6,False,28.63,False
Lucknow,2015-10-26,340.0,False,190.97,False,32.94,False
Lucknow,2015-10-27,365.0,False,192.37,False,39.5,False
Lucknow,2015-10-28,345.0,False,156.6,False,31.43,False
Lucknow,2015-10-29,341.0,False,123.29,False,15.4,False
Lucknow,2015-10-30,319.0,False,123.44,False,16.92,False
Lucknow,2015-10-31,305.0,False,140.75,False,29.73,False
Lucknow,2015-11-01,329.0,False,154.01,False,25.19,False
Lucknow,2015-11-02,328.0,False,162.51,False,34.31,False
Lucknow,2015-11-03,329.0,False,147.9,False,32.52,False
Lucknow,2015-11-04,356.0,False,205.62,False,34.75,False
Lucknow,2015-11-05,389.0,False,187.6,False,28.61,False
Lucknow,2015-11-06,321.0,False,127.49,False,24.22,False
Lucknow,2015-11-07,333.0,False,192.7,False,32.98,False
Lucknow,2015-11-08,361.0,False,186.9,False,28.81,False
Lucknow,2015-11-09,264.0,False,143.47,False,32.0,False
Lucknow,2015-11-10,288.0,False,247.11,False,31.56,False
Lucknow,2015-11-11,427.0,False,325.72,False,22.08,False
Lucknow,2015-11-12,472.0,False,344.93,False,21.89,False
Lucknow,2015-11-13,482.0,False,333.82,False,21.3,False
Lucknow,2015-11-14,486.0,False,384.4,False,22.72,False
Lucknow,2015-11-15,478.0,False,306.59,False,19.84,False
Lucknow,2015-11-16,409.0,False,258.7,False,20.43,False
Lucknow,2015-11-17,402.0,False,226.73,False,19.15,False
Lucknow,2015-11-18,365.0,False,217.75,False,20.83,False
Lucknow,2015-11-19,395.0,False,264.18,False,21.42,False
Lucknow,2015-11-20,450.0,False,305.64,False,17.38,False
Lucknow,2015-11-21,422.0,False,268.78,False,18.37,False
Lucknow,2015-11-22,443.0,False,302.85,False,16.83,False
Lucknow,2015-11-23,427.0,False,281.45,False,14.84,False
Lucknow,2015-11-24,420.0,False,287.55,False,15.51,False
Lucknow,2015-11-25,427.0,False,243.68,False,18.58,False
Lucknow,2015-11-26,410.0,False,234.54,False,20.79,False
Lucknow,2015-11-27,443.0,False,320.88,False,19.83,False
Lucknow,2015-11-28,466.0,False,327.45,False,59.08,False
Lucknow,2015-11-29,424.0,False,226.18,False,16.61,False
Lucknow,2015-11-30,387.0,False,246.37,False,16.73,False
Lucknow,2015-12-01,417.0,False,213.96,False,70.48,False
Lucknow,2015-12-02,239.0,False,60.54,False,63.58,False
Lucknow,2015-12-03,259.0,False,196.55,False,33.38,False
Lucknow,2015-12-04,381.0,False,245.14,False,36.25,False
Lucknow,2015-12-05,452.0,False,358.43,False,35.22,False
Lucknow,2015-12-06,508.0,False,371.89,False,40.73,False
Lucknow,2015-12-07,508.0,False,506.04,False,48.17,False
Lucknow,2015-12-08,584.0,False,467.37,False,20.77,False
Lucknow,2015-12-09,532.0,False,385.13,False,18.69,False
Lucknow,2015-12-10,510.0,False,384.13,False,27.29,False
Lucknow,2015-12-11,426.0,False,240.85,False,36.73,False
Lucknow,2015-12-12,455.0,False,343.82,False,31.23,False
Lucknow,2015-12-13,418.0,False,245.71,False,20.29,False
Lucknow,2015-12-14,421.0,False,269.97,False,8.73,False
Lucknow,2015-12-15,372.0,False,206.35,False,8.79,False
Lucknow,2015-12-16,377.0,False,207.43,False,9.44,False
Lucknow,2015-12-17,344.0,False,174.5,False,11.88,False
Lucknow,2015-12-18,339.0,False,171.81,False,9.87,False
Lucknow,2015-12-19,270.0,False,130.02,False,9.73,False
Lucknow,2015-12-20,376.0,False,216.6,False,11.33,False
Lucknow,2015-12-21,362.0,False,209.5,False,10.65,False
Lucknow,2015-12-22,381.0,False,263.23,False,11.61,False
Lucknow,2015-12-23,442.0,False,277.97,False,13.02,False
Lucknow,2015-12-24,366.0,False,176.88,False,13.01,False
Lucknow,2015-12-25,325.0,False,119.88,False,12.53,False
Lucknow,2015-12-26,291.0,False,143.01,False,12.78,False
Lucknow,2015-12-27,332.0,False,145.11,False,11.88,False
Lucknow,2015-12-28,314.0,False,157.54,False,16.34,False
Lucknow,2015-12-29,346.0,False,152.87,False,15.2,False
Lucknow,2015-12-30,324.0,False,162.39,False,18.2,False
Lucknow,2015-12-31,359.0,False,207.99,False,17.98,False
Lucknow,2016-01-01,375.0,False,203.43,False,13.27,False
Lucknow,2016-01-02,366.0,False,188.05,False,14.56,False
Lucknow,2016-01-03,315.0,False,135.82,False,15.12,False
Lucknow,2016-01-04,304.0,False,137.98,False,15.24,False
Lucknow,2016-01-05,313.0,False,137.01,False,13.94,False
Lucknow,2016-01-06,327.0,False,173.33,False,14.34,False
Lucknow,2016-01-07,336.0,False,149.68,False,11.58,False
Lucknow,2016-01-08,318.0,False,155.57,False,10.45,False
Lucknow,2016-01-09,322.0,False,119.03,False,12.75,False
Lucknow,2016-01-10,245.0,False,120.45,False,12.88,False
Lucknow,2016-01-11,337.0,False,192.61,False,11.88,False
Lucknow,2016-01-12,376.0,False,237.84,False,10.01,False
Lucknow,2016-01-13,403.0,False,250.73,False,10.49,False
Lucknow,2016-01-14,402.0,False,250.67,False,9.74,False
Lucknow,2016-01-15,362.0,False,169.86,False,10.83,False
Lucknow,2016-01-16,349.0,False,174.76,False,11.94,False
Lucknow,2016-01-17,338.0,False,168.21,False,11.81,False
Lucknow,2016-01-18,369.0,False,232.46,False,11.48,False
Lucknow,2016-01-19,404.0,False,273.85,False,12.37,False
Lucknow,2016-01-20,375.0,False,139.7,False,12.38,False
Lucknow,2016-01-21,330.0,False,166.38,False,12.16,False
Lucknow,2016-01-22,372.0,False,255.63,False,12.22,False
Lucknow,2016-01-23,415.0,False,253.71,False,11.06,False
Lucknow,2016-01-24,404.0,False,241.9,False,9.29,False
Lucknow,2016-01-25,388.0,False,238.8,False,10.09,False
Lucknow,2016-01-26,404.0,False,248.76,False,9.88,False
Lucknow,2016-01-27,372.0,False,212.94,False,11.53,False
Lucknow,2016-01-28,393.0,False,255.85,False,13.93,False
Lucknow,2016-01-29,407.0,False,259.11,False,12.09,False
Lucknow,2016-01-30,418.0,False,277.66,False,14.85,False
Lucknow,2016-01-31,399.0,False,210.94,False,15.64,False
Lucknow,2016-02-01,337.0,False,151.38,False,14.99,False
Lucknow,2016-02-02,339.0,False,153.42,False,14.34,False
Lucknow,2016-02-03,316.0,False,130.88,False,15.06,False
Lucknow,2016-02-04,252.0,False,115.55,False,14.03,False
Lucknow,2016-02-05,315.0,False,178.06,False,13.51,False
Lucknow,2016-02-06,384.0,False,253.19,False,10.93,False
Lucknow,2016-02-07,394.0,False,255.81,False,14.19,False
Lucknow,2016-02-08,420.0,False,290.47,False,16.52,False
Lucknow,2016-02-09,394.0,False,206.49,False,13.74,False
Lucknow,2016-02-10,366.0,False,206.95,False,11.6,False
Lucknow,2016-02-11,392.0,False,209.99,False,8.03,False
Lucknow,2016-02-12,377.0,False,168.23,False,13.61,False
Lucknow,2016-02-13,319.0,False,147.08,False,13.14,False
Lucknow,2016-02-14,335.0,False,162.7,False,13.6,False
Lucknow,2016-02-15,330.0,False,171.76,False,13.81,False
Lucknow,2016-02-16,344.0,False,186.0,False,12.22,False
Lucknow,2016-02-17,358.0,False,195.12,False,10.89,False
Lucknow,2016-02-18,320.0,False,112.33,False,16.21,False
Lucknow,2016-02-19,252.0,False,105.53,False,16.33,False
Lucknow,2016-02-20,245.0,False,109.4,False,27.77,False
Lucknow,2016-02-21,238.0,False,86.47,False,41.05,False
Lucknow,2016-02-22,172.0,False,72.62,False,39.03,False
Lucknow,2016-02-23,190.0,False,94.93,False,39.06,False
Lucknow,2016-02-24,303.0,False,147.59,False,44.96,False
Lucknow,2016-02-25,322.0,False,151.15,False,35.68,False
Lucknow,2016-02-26,327.0,False,161.14,False,26.25,False
Lucknow,2016-02-27,335.0,False,152.14,False,22.59,False
Lucknow,2016-02-28,323.0,False,155.6,False,19.55,False
Lucknow,2016-02-29,349.0,False,203.51,False,15.05,False
Lucknow,2016-03-01,326.0,False,132.24,False,0.97,False
Lucknow,2016-03-02,314.0,False,166.73,False,12.9,False
Lucknow,2016-03-03,347.0,False,180.27,False,18.53,False
Lucknow,2016-03-04,332.0,False,164.73,False,20.65,False
Lucknow,2016-03-05,337.0,False,182.82,False,13.21,False
Lucknow,2016-03-06,305.0,False,122.08,False,17.37,False
Lucknow,2016-03-07,335.0,False,141.32,False,27.7,False
Lucknow,2016-03-08,228.0,False,79.23,False,15.65,False
Lucknow,2016-03-09,229.0,False,106.54,False,12.33,False
Lucknow,2016-03-10,220.0,False,87.27,False,24.98,False
Lucknow,2016-03-11,243.0,False,110.24,False,46.44,False
Lucknow,2016-03-12,229.0,False,85.74,False,39.66,False
Lucknow,2016-03-13,140.0,False,59.85,False,33.58,False
Lucknow,2016-03-14,100.0,False,58.33,False,35.99,False
Lucknow,2016-03-15,173.0,False,79.82,False,37.32,False
Lucknow,2016-03-16,134.0,False,76.06,False,36.12,False
Lucknow,2016-03-17,194.0,False,67.43,False,37.83,False
Lucknow,2016-03-18,120.0,False,65.14,False,33.51,False
Lucknow,2016-03-19,215.0,False,89.05,False,24.13,False
Lucknow,2016-03-20,178.0,False,86.68,False,30.2,False
Lucknow,2016-03-21,194.0,False,91.67,False,38.62,False
Lucknow,2016-03-22,173.0,False,79.28,False,36.03,False
Lucknow,2016-03-23,201.0,False,84.62,False,35.94,False
Lucknow,2016-03-24,232.0,False,97.75,False,49.13,False
Lucknow,2016-03-25,219.0,False,73.09,False,51.44,False
Lucknow,2016-03-26,194.0,False,85.56,False,41.59,False
Lucknow,2016-03-27,188.0,False,64.82,False,32.51,False
Lucknow,2016-03-28,137.0,False,75.89,False,40.51,False
Lucknow,2016-03-29,149.0,False,67.0,False,48.25,False
Lucknow,2016-03-30,186.0,False,76.98,False,49.12,False
Lucknow,2016-03-31,171.0,False,72.23,False,57.98,False
Lucknow,2016-04-01,185.0,False,83.71,False,41.42,False
Lucknow,2016-04-02,165.0,False,79.49,False,2.36,False
Lucknow,2016-04-03,165.0,False,75.75,False,10.04,False
Lucknow,2016-04-04,199.0,False,99.67,False,46.94,False
Lucknow,2016-04-05,253.0,False,117.04,False,57.12,False
Lucknow,2016-04-06,248.0,False,99.19,False,46.52,False
Lucknow,2016-04-07,218.0,False,82.81,False,54.52,False
Lucknow,2016-04-08,191.0,False,101.32,False,50.45,False
Lucknow,2016-04-09,221.0,False,103.59,False,52.17,False
Lucknow,2016-04-10,274.0,False,111.2,False,53.1,False
Lucknow,2016-04-11,254.0,False,119.16,False,49.47,False
Lucknow,2016-04-12,322.0,False,112.53,False,46.78,False
Lucknow,2016-04-13,258.0,False,110.04,False,49.29,False
Lucknow,2016-04-14,302.0,False,119.51,False,66.31,False
Lucknow,2016-04-15,256.0,False,109.97,False,64.66,False
Lucknow,2016-04-16,297.0,False,139.58,False,54.43,False
Lucknow,2016-04-17,321.0,False,145.96,False,56.17,False
Lucknow,2016-04-18,308.0,False,138.17,False,53.53,False
Lucknow,2016-04-19,293.0,False,105.97,False,74.75,False
Lucknow,2016-04-20,239.0,False,90.36,False,58.03,False
Lucknow,2016-04-21,175.0,False,86.79,False,40.59,False
Lucknow,2016-04-22,225.0,False,98.82,False,42.45,False
Lucknow,2016-04-23,258.0,False,108.68,False,44.97,False
Lucknow,2016-04-24,219.0,False,73.52,False,46.08,False
Lucknow,2016-04-25,152.0,False,78.87,False,50.39,False
Lucknow,2016-04-26,240.0,False,99.92,False,49.62,False
Lucknow,2016-04-27,221.0,False,86.41,False,84.12,False
Lucknow,2016-04-28,211.0,False,98.31,False,77.6,False
Lucknow,2016-04-29,232.0,False,95.0,False,76.07,False
Lucknow,2016-04-30,257.0,False,126.96,False,105.8,False
Lucknow,2016-05-01,261.0,False,101.39,False,74.63,False
Lucknow,2016-05-02,224.0,False,99.74,False,82.57,False
Lucknow,2016-05-03,232.0,False,94.7,False,44.48,False
Lucknow,2016-05-04,196.0,False,86.62,False,45.42,False
Lucknow,2016-05-05,175.0,False,70.07,False,47.45,False
Lucknow,2016-05-06,143.0,False,77.91,False,63.46,False
Lucknow,2016-05-07,161.0,False,102.44,False,41.6,False
Lucknow,2016-05-08,234.0,False,81.73,False,39.84,False
Lucknow,2016-05-09,170.0,False,77.87,False,55.2,False
Lucknow,2016-05-10,173.89,True,60.81,True,47.0,True
Lucknow,2016-05-11,177.78,True,43.76,True,38.81,True
Lucknow,2016-05-12,181.67,True,26.7,False,30.61,False
Lucknow,2016-05-13,185.56,True,29.37,True,31.13,True
Lucknow,2016-05-14,189.44,True,32.04,True,31.65,True
Lucknow,2016-05-15,193.33,True,34.71,True,32.17,True
Lucknow,2016-05-16,197.22,True,37.39,True,32.7,True
Lucknow,2016-05-17,201.11,True,40.06,True,33.22,True
Lucknow,2016-05-18,205.0,True,42.73,True,33.74,True
Lucknow,2016-05-19,208.89,True,45.4,True,34.26,True
Lucknow,2016-05-20,212.78,True,48.07,True,34.78,True
Lucknow,2016-05-21,216.67,True,50.74,True,35.3,True
Lucknow,2016-05-22,220.56,True,53.41,True,35.82,True
Lucknow,2016-05-23,224.44,True,56.09,True,36.35,True
Lucknow,2016-05-24,228.33,True,58.76,True,36.87,True
Lucknow,2016-05-25,232.22,True,61.43,True,37.39,True
Lucknow,2016-05-26,236.11,True,64.1,False,37.91,False
Lucknow,2016-05-27,240.0,False,118.85,False,46.4,False
Lucknow,2016-05-28,192.0,False,163.59,False,39.84,False
Lucknow,2016-05-29,329.0,False,46.87,False,43.08,False
Lucknow,2016-05-30,106.0,False,55.2,False,27.6,False
Lucknow,2016-05-31,207.0,False,77.29,False,52.8,False
Lucknow,2016-06-01,207.0,False,138.37,False,27.15,False
Lucknow,2016-06-02,330.0,False,143.4,False,12.32,False
Lucknow,2016-06-03,442.0,False,42.82,False,5.97,False
Lucknow,2016-06-04,274.0,True,60.66,False,6.38,False
Lucknow,2016-06-05,106.0,False,45.28,False,6.36,False
Lucknow,2016-06-06,106.0,False,65.55,False,5.79,False
Lucknow,2016-06-07,124.0,False,45.09,False,6.3,False
Lucknow,2016-06-08,121.33,True,52.68,False,6.36,False
Lucknow,2016-06-09,118.67,True,62.91,False,35.56,False
Lucknow,2016-06-10,116.0,False,56.17,False,27.61,False
Lucknow,2016-06-11,113.0,False,70.14,False,28.17,False
Lucknow,2016-06-12,185.0,False,94.7,False,45.97,False
Lucknow,2016-06-13,151.0,False,64.0,False,35.9,False
Lucknow,2016-06-14,179.0,False,84.02,False,30.46,False
Lucknow,2016-06-15,144.0,False,64.23,False,38.29,False
Lucknow,2016-06-16,105.0,False,59.3,False,32.5,False
Lucknow,2016-06-17,172.0,False,63.49,False,33.62,False
Lucknow,2016-06-18,121.0,False,94.36,False,36.28,False
Lucknow,2016-06-19,308.0,False,246.56,False,27.47,False
Lucknow,2016-06-20,203.0,False,59.89,False,29.41,False
Lucknow,2016-06-21,244.0,False,151.3,False,37.76,False
Lucknow,2016-06-22,141.0,False,35.58,False,47.24,False
Lucknow,2016-06-23,49.0,False,33.78,False,23.23,False
Lucknow,2016-06-24,46.0,False,25.9,False,30.18,False
Lucknow,2016-06-25,43.0,False,49.23,True,29.46,True
Lucknow,2016-06-26,53.67,True,72.56,True,28.74,True
Lucknow,2016-06-27,64.33,True,95.89,False,28.02,False
Lucknow,2016-06-28,75.0,False,180.93,False,31.37,False
Lucknow,2016-06-29,47.0,False,45.45,False,33.81,False
Lucknow,2016-06-30,59.0,False,89.0,False,31.34,False
Lucknow,2016-07-01,181.0,False,53.51,False,26.72,False
Lucknow,2016-07-02,99.0,False,49.41,False,25.36,False
Lucknow,2016-07-03,122.0,False,69.19,False,17.43,False
Lucknow,2016-07-04,147.0,False,65.4,False,17.83,False
Lucknow,2016-07-05,149.0,True,48.63,False,26.22,False
Lucknow,2016-07-06,151.0,False,76.9,False,14.35,False
Lucknow,2016-07-07,179.0,False,61.42,False,23.6,False
Lucknow,2016-07-08,136.0,False,71.74,False,23.9,False
Lucknow,2016-07-09,160.0,False,54.5,False,28.82,False
Lucknow,2016-07-10,133.0,False,66.78,False,24.47,False
Lucknow,2016-07-11,192.0,False,71.22,False,17.15,False
Lucknow,2016-07-12,177.0,False,87.96,False,15.03,False
Lucknow,2016-07-13,186.0,False,76.73,False,17.17,False
Lucknow,2016-07-14,175.0,False,82.95,False,19.61,False
Lucknow,2016-07-15,164.0,False,67.3,False,17.1,False
Lucknow,2016-07-16,157.0,False,80.77,False,24.37,False
Lucknow,2016-07-17,168.0,False,53.21,False,26.23,False
Lucknow,2016-07-18,67.0,False,28.6,False,25.83,False
Lucknow,2016-07-19,62.0,False,31.64,False,32.15,False
Lucknow,2016-07-20,72.0,False,35.35,False,21.94,False
Lucknow,2016-07-21,52.0,False,27.85,False,22.38,False
Lucknow,2016-07-22,60.0,True,28.41,False,28.17,False
Lucknow,2016-07-23,68.0,False,21.57,False,18.83,False
Lucknow,2016-07-24,65.5,True,30.83,False,25.51,False
Lucknow,2016-07-25,63.0,False,37.68,False,24.6,False
Lucknow,2016-07-26,56.0,False,28.88,False,12.82,False
Lucknow,2016-07-27,51.5,True,31.22,False,18.66,False
Lucknow,2016-07-28,47.0,False,17.17,False,25.08,False
Lucknow,2016-07-29,46.0,False,41.88,False,17.17,False
Lucknow,2016-07-30,64.0,False,17.7,False,16.99,False
Lucknow,2016-07-31,39.0,False,41.89,False,16.52,False
Lucknow,2016-08-01,115.0,True,46.72,False,20.48,False
Lucknow,2016-08-02,191.0,False,99.97,False,17.95,False
Lucknow,2016-08-03,129.0,False,18.79,False,19.46,False
Lucknow,2016-08-04,58.0,False,23.47,False,13.44,False
Lucknow,2016-08-05,67.0,False,38.89,False,26.34,False
Lucknow,2016-08-06,72.0,False,31.9,False,10.59,False
Lucknow,2016-08-07,71.5,True,29.93,True,13.31,True
Lucknow,2016-08-08,71.0,True,27.96,True,16.04,True
Lucknow,2016-08-09,70.5,True,26.0,True,18.76,True
Lucknow,2016-08-10,70.0,True,24.03,True,21.49,True
Lucknow,2016-08-11,69.5,True,22.06,False,24.21,False
Lucknow,2016-08-12,69.0,False,42.06,False,20.21,False
Lucknow,2016-08-13,155.0,False,37.8,False,13.62,False
Lucknow,2016-08-14,109.0,False,44.97,False,15.24,False
Lucknow,2016-08-15,126.0,False,30.92,False,22.15,False
Lucknow,2016-08-16,223.0,False,119.04,False,8.68,False
Lucknow,2016-08-17,125.0,False,16.79,False,21.77,False
Lucknow,2016-08-18,72.0,False,16.3,False,11.54,False
Lucknow,2016-08-19,53.0,False,18.26,False,9.67,False
Lucknow,2016-08-20,51.0,False,21.68,False,15.75,False
Lucknow,2016-08-21,125.0,False,21.64,False,16.3,False
Lucknow,2016-08-22,69.0,False,22.27,False,16.84,False
Lucknow,2016-08-23,52.0,False,20.59,False,12.05,False
Lucknow,2016-08-24,49.0,False,29.38,False,23.54,False
Lucknow,2016-08-25,78.0,False,60.75,False,23.63,False
Lucknow,2016-08-26,91.0,False,43.91,False,17.78,False
Lucknow,2016-08-27,96.0,False,32.56,False,12.76,False
Lucknow,2016-08-28,85.0,False,40.9,False,15.78,False
Lucknow,2016-08-29,110.0,False,59.7,False,32.1,False
Lucknow,2016-08-30,97.0,False,46.78,False,34.22,False
Lucknow,2016-08-31,59.0,False,22.25,False,18.85,False
Lucknow,2016-09-01,92.0,False,30.06,False,22.34,False
Lucknow,2016-09-02,71.0,False,39.09,False,22.75,False
Lucknow,2016-09-03,89.0,False,52.59,False,27.45,False
Lucknow,2016-09-04,93.0,False,41.44,False,25.43,False
Lucknow,2016-09-05,85.0,False,35.94,False,23.35,False
Lucknow,2016-09-06,87.0,False,38.71,False,25.44,False
Lucknow,2016-09-07,76.0,False,45.48,False,21.88,False
Lucknow,2016-09-08,136.0,False,63.59,False,37.1,False
Lucknow,2016-09-09,129.0,False,67.75,False,44.96,False
Lucknow,2016-09-10,109.0,False,54.84,False,49.57,False
Lucknow,2016-09-11,115.0,False,50.96,False,32.46,False
Lucknow,2016-09-12,123.0,False,51.27,False,21.9,False
Lucknow,2016-09-13,102.0,False,28.89,False,13.71,False
Lucknow,2016-09-14,91.0,False,21.04,False,17.45,False
Lucknow,2016-09-15,125.0,False,25.22,False,19.81,False
Lucknow,2016-09-16,135.0,False,45.14,False,22.41,False
Lucknow,2016-09-17,138.0,False,23.79,False,24.01,False
Lucknow,2016-09-18,62.0,False,36.25,False,31.16,False
Lucknow,2016-09-19,89.0,False,55.18,False,26.15,False
Lucknow,2016-09-20,284.0,False,192.52,False,31.96,False
Lucknow,2016-09-21,191.0,False,36.62,False,24.82,False
Lucknow,2016-09-22,44.0,False,17.39,False,15.27,False
Lucknow,2016-09-23,100.0,False,28.4,False,25.35,False
Lucknow,2016-09-24,73.0,False,17.35,False,20.01,False
Lucknow,2016-09-25,154.0,False,11.39,False,14.24,False
Lucknow,2016-09-26,48.0,False,16.44,False,13.81,False
Lucknow,2016-09-27,85.0,False,29.35,False,12.62,False
Lucknow,2016-09-28,96.0,False,36.11,False,14.55,False
Lucknow,2016-09-29,75.0,False,26.86,False,14.36,False
Lucknow,2016-09-30,74.0,False,37.28,False,18.13,False
Lucknow,2016-10-01,90.0,False,60.08,False,16.2,False
Lucknow,2016-10-02,110.0,False,59.63,False,29.33,False
Lucknow,2016-10-03,104.0,False,55.53,False,30.87,False
Lucknow,2016-10-04,94.0,False,54.69,False,27.75,False
Lucknow,2016-10-05,127.0,False,63.44,False,35.31,False
Lucknow,2016-10-06,97.0,False,32.21,False,36.03,False
Lucknow,2016-10-07,95.0,False,60.85,False,40.89,False
Lucknow,2016-10-08,178.0,False,81.43,False,38.01,False
Lucknow,2016-10-09,98.0,False,47.15,False,23.52,False
Lucknow,2016-10-10,142.0,False,89.92,False,35.56,False
Lucknow,2016-10-11,223.0,False,111.37,False,42.49,False
Lucknow,2016-10-12,301.0,False,125.86,False,41.1,False
Lucknow,2016-10-13,265.0,False,108.06,False,57.39,False
Lucknow,2016-10-14,244.0,False,113.77,False,67.74,False
Lucknow,2016-10-15,312.0,False,141.57,False,93.07,False
Lucknow,2016-10-16,333.0,False,172.85,False,93.99,False
Lucknow,2016-10-17,349.0,False,175.18,False,67.34,False
Lucknow,2016-10-18,326.0,False,147.37,False,60.78,False
Lucknow,2016-10-19,322.0,False,134.61,False,67.39,False
Lucknow,2016-10-20,310.0,False,142.65,False,60.91,False
Lucknow,2016-10-21,317.0,False,126.14,False,62.02,False
Lucknow,2016-10-22,222.0,False,85.04,False,52.25,False
Lucknow,2016-10-23,200.0,False,123.78,False,65.88,False
Lucknow,2016-10-24,323.0,False,141.16,False,58.26,False
Lucknow,2016-10-25,292.0,False,130.7,False,67.37,False
Lucknow,2016-10-26,302.0,False,120.82,False,56.94,False
Lucknow,2016-10-27,305.0,False,139.8,False,70.97,False
Lucknow,2016-10-28,308.0,False,141.16,False,67.32,False
Lucknow,2016-10-29,341.0,False,189.77,False,95.0,False
Lucknow,2016-10-30,357.0,False,238.17,False,70.32,False
Lucknow,2016-10-31,509.0,False,431.69,False,62.38,False
Lucknow,2016-11-01,448.0,False,243.78,False,56.84,False
Lucknow,2016-11-02,359.0,False,153.13,False,52.36,False
Lucknow,2016-11-03,299.0,False,152.95,False,65.56,False
Lucknow,2016-11-04,301.0,False,139.46,False,68.03,False
Lucknow,2016-11-05,280.0,False,159.87,False,68.85,False
Lucknow,2016-11-06,450.0,False,411.23,False,69.86,False
Lucknow,2016-11-07,526.0,False,495.65,False,74.57,False
Lucknow,2016-11-08,604.0,False,499.06,False,75.44,False
Lucknow,2016-11-09,568.0,False,345.54,False,63.08,False
Lucknow,2016-11-10,398.0,False,290.26,False,69.81,False
Lucknow,2016-11-11,450.0,False,305.4,False,98.34,False
Lucknow,2016-11-12,390.0,False,214.41,False,121.8,False
Lucknow,2016-11-13,311.0,False,133.9,False,71.31,False
Lucknow,2016-11-14,272.0,False,116.66,False,69.78,False
Lucknow,2016-11-15,236.0,False,128.79,False,80.58,False
Lucknow,2016-11-16,312.0,False,149.73,False,78.27,False
Lucknow,2016-11-17,346.0,False,206.45,False,71.35,False
Lucknow,2016-11-18,394.0,False,251.32,False,77.78,False
Lucknow,2016-11-19,423.0,False,331.04,False,88.03,False
Lucknow,2016-11-20,487.0,False,314.46,False,108.12,False
Lucknow,2016-11-21,416.0,False,244.33,False,92.85,False
Lucknow,2016-11-22,369.0,False,179.82,False,72.6,False
Lucknow,2016-11-23,329.0,False,152.49,False,70.17,False
Lucknow,2016-11-24,343.0,False,193.96,False,69.22,False
Lucknow,2016-11-25,359.0,False,183.51,False,65.28,False
Lucknow,2016-11-26,337.0,False,188.38,False,100.59,False
Lucknow,2016-11-27,382.0,False,232.64,False,83.64,False
Lucknow,2016-11-28,358.0,False,181.25,False,91.36,False
Lucknow,2016-11-29,401.0,False,309.53,False,91.0,False
Lucknow,2016-11-30,421.0,False,221.57,False,73.28,False
Lucknow,2016-12-01,370.0,False,238.99,False,65.72,False
Lucknow,2016-12-02,396.0,False,213.29,False,35.7,False
Lucknow,2016-12-03,354.0,False,192.84,False,29.62,False
Lucknow,2016-12-04,347.0,False,171.01,False,47.52,False
Lucknow,2016-12-05,339.0,False,171.8,False,62.38,False
Lucknow,2016-12-06,359.0,False,231.07,False,40.01,False
Lucknow,2016-12-07,360.0,False,145.09,False,35.84,False
Lucknow,2016-12-08,309.0,False,147.56,False,42.41,False
Lucknow,2016-12-09,328.0,False,184.44,False,55.06,False
Lucknow,2016-12-10,423.0,False,345.98,False,62.0,False
Lucknow,2016-12-11,431.0,False,235.85,False,47.37,False
Lucknow,2016-12-12,391.0,False,236.24,False,49.75,False
Lucknow,2016-12-13,395.0,False,237.81,False,60.86,False
Lucknow,2016-12-14,430.0,False,271.83,False,57.11,False
Lucknow,2016-12-15,364.0,False,188.21,False,54.76,False
Lucknow,2016-12-16,386.0,False,256.7,False,52.84,False
Lucknow,2016-12-17,408.0,False,273.9,False,47.51,False
Lucknow,2016-12-18,432.0,False,274.78,False,43.05,False
Lucknow,2016-12-19,394.0,False,221.75,False,47.66,False
Lucknow,2016-12-20,370.0,False,212.41,False,51.85,False
Lucknow,2016-12-21,358.0,False,203.62,False,54.12,False
Lucknow,2016-12-22,436.0,False,373.48,False,76.98,False
Lucknow,2016-12-23,478.0,False,266.72,False,58.2,False
Lucknow,2016-12-24,410.0,False,276.9,False,72.76,False
Lucknow,2016-12-25,441.0,False,329.55,False,67.21,False
Lucknow,2016-12-26,444.0,False,294.09,False,48.04,False
Lucknow,2016-12-27,389.0,False,208.2,False,69.58,False
Lucknow,2016-12-28,425.0,False,292.53,False,53.82,False
Lucknow,2016-12-29,389.0,False,225.89,False,40.65,False
Lucknow,2016-12-30,371.0,False,184.15,False,40.82,False
Lucknow,2016-12-31,342.0,False,171.27,False,50.95,False
Lucknow,2017-01-01,350.0,False,166.35,False,33.39,False
Lucknow,2017-01-02,324.0,False,183.84,False,37.34,False
Lucknow,2017-01-03,360.0,False,159.29,False,31.69,False
Lucknow,2017-01-04,296.0,False,154.3,False,35.61,False
Lucknow,2017-01-05,357.0,False,197.95,False,42.66,False
Lucknow,2017-01-06,365.0,False,189.36,False,36.81,False
Lucknow,2017-01-07,346.0,False,181.88,False,37.62,False
Lucknow,2017-01-08,366.0,False,215.86,False,48.27,False
Lucknow,2017-01-09,366.0,False,171.95,False,46.3,False
Lucknow,2017-01-10,318.0,False,115.7,False,36.47,False
Lucknow,2017-01-11,251.0,False,109.72,False,43.28,False
Lucknow,2017-01-12,306.0,False,145.41,False,54.4,False
Lucknow,2017-01-13,350.0,False,222.28,False,70.21,False
Lucknow,2017-01-14,404.0,False,256.58,False,73.21,False
Lucknow,2017-01-15,407.0,False,272.01,False,73.74,False
Lucknow,2017-01-16,455.0,False,336.07,False,83.21,False
Lucknow,2017-01-17,419.0,False,240.42,False,50.7,False
Lucknow,2017-01-18,373.0,False,222.17,False,47.68,False
Lucknow,2017-01-19,394.0,False,245.59,False,57.49,False
Lucknow,2017-01-20,362.0,False,132.55,False,41.19,False
Lucknow,2017-01-21,282.0,False,143.2,False,50.02,False
Lucknow,2017-01-22,352.0,False,211.77,False,48.61,False
Lucknow,2017-01-23,342.0,False,153.33,False,40.84,False
Lucknow,2017-01-24,324.0,False,158.46,False,44.38,False
Lucknow,2017-01-25,368.0,False,222.64,False,53.87,False
Lucknow,2017-01-26,373.0,False,198.86,False,48.81,False
Lucknow,2017-01-27,258.0,False,70.65,False,30.22,False
Lucknow,2017-01-28,138.0,False,61.96,False,22.32,False
Lucknow,2017-01-29,111.0,False,81.64,False,19.92,False
Lucknow,2017-01-30,203.0,False,116.04,False,36.55,False
Lucknow,2017-01-31,328.0,False,179.6,False,39.97,False
Lucknow,2017-02-01,345.0,False,175.53,False,40.42,False
Lucknow,2017-02-02,383.0,False,207.97,False,54.15,False
Lucknow,2017-02-03,360.0,False,172.73,False,46.63,False
Lucknow,2017-02-04,337.0,False,161.52,False,52.27,False
Lucknow,2017-02-05,263.0,False,89.37,False,47.91,False
Lucknow,2017-02-06,238.0,False,108.07,False,44.83,False
Lucknow,2017-02-07,243.0,False,88.79,False,17.18,False
Lucknow,2017-02-08,178.0,False,95.98,False,29.4,False
Lucknow,2017-02-09,286.0,False,118.4,False,31.12,False
Lucknow,2017-02-10,264.0,False,112.25,False,31.71,False
Lucknow,2017-02-11,300.0,False,153.45,False,41.02,False
Lucknow,2017-02-12,358.0,False,202.86,False,52.5,False
Lucknow,2017-02-13,351.0,False,175.3,False,44.47,False
Lucknow,2017-02-14,327.0,False,145.02,False,37.16,False
Lucknow,2017-02-15,321.0,False,154.22,False,49.81,False
Lucknow,2017-02-16,341.0,False,197.39,False,52.52,False
Lucknow,2017-02-17,378.0,False,237.51,False,45.82,False
Lucknow,2017-02-18,388.0,False,226.67,False,32.84,False
Lucknow,2017-02-19,371.0,False,184.29,False,29.58,False
Lucknow,2017-02-20,309.0,False,115.03,False,29.67,False
Lucknow,2017-02-21,356.0,False,143.07,False,32.36,False
Lucknow,2017-02-22,273.0,False,102.52,False,27.71,False
Lucknow,2017-02-23,223.0,False,93.39,False,26.39,False
Lucknow,2017-02-24,216.0,False,81.25,False,25.61,False
Lucknow,2017-02-25,204.0,False,88.87,False,30.81,False
Lucknow,2017-02-26,224.0,False,94.81,False,30.64,False
Lucknow,2017-02-27,205.0,False,96.22,False,30.62,False
Lucknow,2017-02-28,257.0,False,116.96,False,40.06,False
Lucknow,2017-03-01,339.0,False,148.25,False,55.62,False
Lucknow,2017-03-02,342.0,False,147.23,False,33.49,False
Lucknow,2017-03-03,218.0,False,96.8,False,26.56,False
Lucknow,2017-03-04,214.0,False,89.16,False,29.14,False
Lucknow,2017-03-05,190.0,False,89.04,False,26.44,False
Lucknow,2017-03-06,197.0,False,84.15,False,29.89,False
Lucknow,2017-03-07,211.0,False,108.32,False,43.83,False
Lucknow,2017-03-08,321.0,False,163.19,False,57.12,False
Lucknow,2017-03-09,321.0,False,140.39,False,38.71,False
Lucknow,2017-03-10,202.0,False,51.28,False,23.45,False
Lucknow,2017-03-11,97.0,False,58.33,False,29.05,False
Lucknow,2017-03-12,88.0,False,48.32,False,19.35,False
Lucknow,2017-03-13,144.0,False,79.11,False,19.42,False
Lucknow,2017-03-14,148.0,False,75.43,False,23.71,False
Lucknow,2017-03-15,138.0,False,75.27,False,33.1,False
Lucknow,2017-03-16,173.0,False,92.96,False,39.88,False
Lucknow,2017-03-17,262.0,False,105.21,False,37.09,False
Lucknow,2017-03-18,227.0,False,79.46,False,32.9,False
Lucknow,2017-03-19,226.0,False,113.28,False,48.87,False
Lucknow,2017-03-20,285.0,False,106.88,False,41.73,False
Lucknow,2017-03-21,232.0,False,110.31,False,35.25,False
Lucknow,2017-03-22,303.0,False,142.68,False,52.59,False
Lucknow,2017-03-23,325.0,False,172.13,False,40.43,False
Lucknow,2017-03-24,349.0,False,187.46,False,41.96,False
Lucknow,2017-03-25,329.0,False,118.0,False,27.9,False
Lucknow,2017-03-26,230.0,False,96.39,False,31.85,False
Lucknow,2017-03-27,254.0,False,122.3,False,37.1,False
Lucknow,2017-03-28,335.0,False,168.85,False,38.27,False
Lucknow,2017-03-29,335.0,False,161.81,False,34.5,False
Lucknow,2017-03-30,325.0,False,120.82,False,29.76,False
Lucknow,2017-03-31,299.0,False,133.84,False,40.63,False
Lucknow,2017-04-01,318.0,False,128.32,False,43.23,False
Lucknow,2017-04-02,240.0,False,92.48,False,32.52,False
Lucknow,2017-04-03,212.0,False,88.72,False,39.43,False
Lucknow,2017-04-04,252.0,False,103.43,False,39.06,False
Lucknow,2017-04-05,196.0,False,81.51,False,26.48,False
Lucknow,2017-04-06,174.0,False,82.94,False,24.61,False
Lucknow,2017-04-07,215.0,False,107.18,False,27.98,False
Lucknow,2017-04-08,230.0,False,119.46,False,25.03,False
Lucknow,2017-04-09,298.0,False,102.6,False,25.85,False
Lucknow,2017-04-10,202.0,False,77.6,False,36.26,False
Lucknow,2017-04-11,208.0,False,70.96,False,41.23,False
Lucknow,2017-04-12,186.0,False,93.58,False,63.25,False
Lucknow,2017-04-13,246.0,False,123.91,False,58.3,False
Lucknow,2017-04-14,287.0,False,80.27,False,29.7,False
Lucknow,2017-04-15,194.0,False,72.42,False,23.5,False
Lucknow,2017-04-16,180.0,False,72.64,False,19.11,False
Lucknow,2017-04-17,198.0,False,87.25,False,19.82,False
Lucknow,2017-04-18,254.0,False,122.86,False,27.02,False
Lucknow,2017-04-19,317.0,False,151.83,False,29.38,False
Lucknow,2017-04-20,321.0,False,130.52,False,23.19,False
Lucknow,2017-04-21,239.0,False,79.89,False,13.74,False
Lucknow,2017-04-22,235.0,False,112.19,False,11.9,False
Lucknow,2017-04-23,278.0,False,122.7,False,22.56,False
Lucknow,2017-04-24,290.0,False,122.53,False,35.52,False
Lucknow,2017-04-25,272.0,False,143.97,False,38.64,False
Lucknow,2017-04-26,313.0,False,130.82,False,40.52,False
Lucknow,2017-04-27,304.0,False,119.93,False,36.53,False
Lucknow,2017-04-28,260.0,False,100.51,False,31.68,False
Lucknow,2017-04-29,264.0,False,124.07,False,57.45,False
Lucknow,2017-04-30,302.0,False,83.5,False,46.16,False
Lucknow,2017-05-01,226.0,False,95.31,False,45.99,False
Lucknow,2017-05-02,234.0,False,113.81,False,59.07,False
Lucknow,2017-05-03,309.0,False,138.46,False,82.86,False
Lucknow,2017-05-04,312.0,False,100.95,False,66.08,False
Lucknow,2017-05-05,302.0,False,140.85,False,57.5,False
Lucknow,2017-05-06,346.0,False,208.65,False,79.26,False
Lucknow,2017-05-07,422.0,False,301.46,False,54.86,False
Lucknow,2017-05-08,350.0,False,140.01,False,23.93,False
Lucknow,2017-05-09,237.0,False,71.84,False,25.41,False
Lucknow,2017-05-10,137.0,False,56.41,False,19.99,False
Lucknow,2017-05-11,125.0,False,71.62,False,35.11,False
Lucknow,2017-05-12,205.0,False,99.51,False,38.81,False
Lucknow,2017-05-13,227.0,False,98.49,False,38.54,False
Lucknow,2017-05-14,279.0,False,117.21,False,24.15,False
Lucknow,2017-05-15,319.0,False,137.79,False,30.67,False
Lucknow,2017-05-16,314.0,False,157.17,False,34.09,False
Lucknow,2017-05-17,263.0,False,79.81,False,8.75,False
Lucknow,2017-05-18,146.0,False,102.13,False,18.73,False
Lucknow,2017-05-19,289.0,False,143.66,False,34.67,False
Lucknow,2017-05-20,326.0,False,122.47,False,34.29,False
Lucknow,2017-05-21,288.0,False,139.19,False,23.7,False
Lucknow,2017-05-22,317.0,False,163.59,False,23.25,False
Lucknow,2017-05-23,314.0,False,125.66,False,23.33,False
Lucknow,2017-05-24,312.0,False,152.46,False,41.85,False
Lucknow,2017-05-25,346.0,False,151.47,False,39.1,False
Lucknow,2017-05-26,339.0,False,131.7,False,30.43,False
Lucknow,2017-05-27,210.0,False,65.4,False,7.83,False
Lucknow,2017-05-28,81.0,False,57.72,False,8.69,False
Lucknow,2017-05-29,100.0,False,60.92,False,14.29,False
Lucknow,2017-05-30,74.0,False,40.0,False,9.02,False
Lucknow,2017-05-31,70.0,False,39.74,False,10.23,False
Lucknow,2017-06-01,101.0,False,85.74,False,32.57,False
Lucknow,2017-06-02,182.0,False,77.99,False,16.37,False
Lucknow,2017-06-03,179.0,False,115.52,False,26.03,False
Lucknow,2017-06-04,304.0,False,150.57,False,45.77,False
Lucknow,2017-06-05,321.0,False,147.38,False,27.01,False
Lucknow,2017-06-06,221.0,False,54.14,False,13.17,False
Lucknow,2017-06-07,73.0,False,45.04,False,12.7,False
Lucknow,2017-06-08,106.0,False,74.54,False,17.12,False
Lucknow,2017-06-09,150.0,False,70.03,False,17.65,False
Lucknow,2017-06-10,253.0,False,99.83,False,18.44,False
Lucknow,2017-06-11,190.0,False,95.04,False,16.05,False
Lucknow,2017-06-12,231.0,False,111.82,False,21.52,False
Lucknow,2017-06-13,256.0,False,144.61,False,40.14,False
Lucknow,2017-06-14,306.5,True,167.13,True,36.64,True
Lucknow,2017-06-15,357.0,True,189.65,True,33.15,True
Lucknow,2017-06-16,407.5,True,212.17,False,29.65,False
Lucknow,2017-06-17,458.0,False,402.47,False,24.59,False
Lucknow,2017-06-18,323.0,False,54.0,False,27.83,False
Lucknow,2017-06-19,93.0,False,71.85,False,23.64,False
Lucknow,2017-06-20,328.0,False,55.41,False,11.26,False
Lucknow,2017-06-21,183.0,False,67.89,False,14.44,False
Lucknow,2017-06-22,97.0,False,51.28,False,14.26,False
Lucknow,2017-06-23,111.0,False,66.93,False,19.39,False
Lucknow,2017-06-24,152.0,False,72.07,False,20.75,False
Lucknow,2017-06-25,128.0,False,54.58,False,14.33,False
Lucknow,2017-06-26,78.0,False,39.02,False,12.17,False
Lucknow,2017-06-27,66.0,False,38.85,False,12.47,False
Lucknow,2017-06-28,70.0,False,44.5,False,15.31,False
Lucknow,2017-06-29,80.0,False,47.07,False,14.71,False
Lucknow,2017-06-30,79.0,False,39.21,False,16.37,False
Lucknow,2017-07-01,89.0,False,38.16,False,20.32,False
Lucknow,2017-07-02,106.0,False,34.75,False,18.36,False
Lucknow,2017-07-03,78.0,False,28.98,False,17.27,False
Lucknow,2017-07-04,61.0,False,28.2,False,13.45,False
Lucknow,2017-07-05,61.0,False,30.74,False,13.2,False
Lucknow,2017-07-06,53.0,False,24.48,False,21.06,False
Lucknow,2017-07-07,58.0,False,29.46,False,13.61,False
Lucknow,2017-07-08,69.0,False,25.21,False,13.3,False
Lucknow,2017-07-09,64.0,False,18.4,False,14.22,False
Lucknow,2017-07-10,75.0,False,30.2,False,16.64,False
Lucknow,2017-07-11,58.0,False,16.02,False,11.99,False
Lucknow,2017-07-12,43.0,False,21.53,False,14.36,False
Lucknow,2017-07-13,55.0,False,28.37,False,15.31,False
Lucknow,2017-07-14,82.0,False,55.44,False,13.94,False
Lucknow,2017-07-15,96.0,False,57.07,False,15.99,False
Lucknow,2017-07-16,87.0,False,47.24,False,11.49,False
Lucknow,2017-07-17,73.0,False,40.79,False,14.62,False
Lucknow,2017-07-18,78.0,False,46.12,False,26.27,False
Lucknow,2017-07-19,83.0,False,41.46,False,29.1,False
Lucknow,2017-07-20,69.0,False,41.48,False,24.74,False
Lucknow,2017-07-21,83.0,False,56.67,False,25.77,False
Lucknow,2017-07-22,122.0,False,47.17,False,24.2,False
Lucknow,2017-07-23,79.0,False,47.46,False,23.2,False
Lucknow,2017-07-24,80.0,False,45.11,False,26.67,False
Lucknow,2017-07-25,68.0,False,37.14,False,25.15,False
Lucknow,2017-07-26,66.0,False,46.49,False,31.82,False
Lucknow,2017-07-27,149.0,False,47.36,False,14.54,False
Lucknow,2017-07-28,84.0,False,49.58,False,14.39,False
Lucknow,2017-07-29,85.0,False,38.49,False,21.49,False
Lucknow,2017-07-30,78.0,False,40.43,False,23.18,False
Lucknow,2017-07-31,64.0,False,28.38,False,14.31,False
Lucknow,2017-08-01,57.0,False,32.39,False,17.62,False
Lucknow,2017-08-02,76.0,False,37.85,False,23.02,False
Lucknow,2017-08-03,78.0,False,42.88,False,21.6,False
Lucknow,2017-08-04,125.0,False,57.19,False,22.19,False
Lucknow,2017-08-05,156.0,False,66.28,False,21.63,False
Lucknow,2017-08-06,158.0,False,35.62,False,18.3,False
Lucknow,2017-08-07,126.0,False,46.27,False,74.77,False
Lucknow,2017-08-08,80.0,False,26.24,False,24.89,False
Lucknow,2017-08-09,70.0,False,42.18,False,17.26,False
Lucknow,2017-08-10,146.0,False,88.74,False,22.55,False
Lucknow,2017-08-11,126.0,False,39.71,False,31.26,False
Lucknow,2017-08-12,84.0,False,38.97,False,30.55,False
Lucknow,2017-08-13,81.0,False,46.39,False,24.96,False
Lucknow,2017-08-14,175.0,False,119.08,False,27.26,False
Lucknow,2017-08-15,134.0,False,50.79,False,27.91,False
Lucknow,2017-08-16,97.0,False,67.23,False,41.39,False
Lucknow,2017-08-17,172.0,False,76.76,False,43.53,False
Lucknow,2017-08-18,129.0,False,39.01,False,57.74,False
Lucknow,2017-08-19,66.0,False,44.23,False,16.23,False
Lucknow,2017-08-20,110.0,False,45.75,False,13.93,False
Lucknow,2017-08-21,72.0,False,47.44,False,40.65,False
Lucknow,2017-08-22,75.0,False,43.99,False,47.89,False
Lucknow,2017-08-23,75.0,False,43.33,False,46.85,False
Lucknow,2017-08-24,73.0,False,49.51,False,32.88,False
Lucknow,2017-08-25,76.0,False,34.82,False,50.54,False
Lucknow,2017-08-26,63.0,False,36.6,False,29.57,False
Lucknow,2017-08-27,56.0,False,21.59,False,72.49,False
Lucknow,2017-08-28,50.0,False,11.61,False,17.95,False
Lucknow,2017-08-29,41.0,False,22.21,False,15.26,False
Lucknow,2017-08-30,55.0,False,33.11,False,13.48,False
Lucknow,2017-08-31,108.0,False,31.44,False,16.14,False
Lucknow,2017-09-01,70.0,False,20.76,False,14.04,False
Lucknow,2017-09-02,72.0,False,21.69,False,13.09,False
Lucknow,2017-09-03,66.0,False,25.72,False,11.18,False
Lucknow,2017-09-04,83.0,False,32.27,False,14.94,False
Lucknow,2017-09-05,73.0,False,41.31,False,19.7,False
Lucknow,2017-09-06,84.0,False,47.98,False,33.03,False
Lucknow,2017-09-07,77.0,False,48.66,False,31.39,False
Lucknow,2017-09-08,96.0,False,57.46,False,32.49,False
Lucknow,2017-09-09,95.0,False,59.67,False,43.52,False
Lucknow,2017-09-10,116.0,False,72.6,False,48.73,False
Lucknow,2017-09-11,171.0,False,86.0,False,29.13,False
Lucknow,2017-09-12,163.0,False,74.71,False,52.22,False
Lucknow,2017-09-13,153.0,False,81.77,False,51.42,False
Lucknow,2017-09-14,173.0,False,76.58,False,18.06,False
Lucknow,2017-09-15,120.0,False,53.51,False,24.96,False
Lucknow,2017-09-16,79.0,False,43.46,False,32.36,False
Lucknow,2017-09-17,76.0,False,44.81,False,33.74,False
Lucknow,2017-09-18,75.0,False,40.76,False,34.34,False
Lucknow,2017-09-19,141.0,False,22.15,False,23.0,False
Lucknow,2017-09-20,61.0,False,41.19,False,25.2,False
Lucknow,2017-09-21,67.0,False,21.08,False,22.99,False
Lucknow,2017-09-22,176.0,False,23.0,False,16.09,False
Lucknow,2017-09-23,59.0,False,30.87,False,13.79,False
Lucknow,2017-09-24,79.0,False,40.25,False,11.11,False
Lucknow,2017-09-25,76.0,False,33.76,False,12.3,False
Lucknow,2017-09-26,89.0,False,68.45,False,16.86,False
Lucknow,2017-09-27,151.0,False,80.19,False,19.01,False
Lucknow,2017-09-28,160.0,False,75.01,False,37.57,False
Lucknow,2017-09-29,140.0,False,65.98,False,34.9,False
Lucknow,2017-09-30,135.0,False,77.33,False,31.24,False
Lucknow,2017-10-01,140.0,False,61.56,False,26.32,False
Lucknow,2017-10-02,115.0,False,68.78,False,24.24,False
Lucknow,2017-10-03,122.0,False,58.8,False,34.36,False
Lucknow,2017-10-04,100.0,False,42.05,False,25.47,False
Lucknow,2017-10-05,95.0,False,59.02,False,36.5,False
Lucknow,2017-10-06,103.0,False,60.54,False,37.58,False
Lucknow,2017-10-07,138.0,False,83.04,False,43.59,False
Lucknow,2017-10-08,188.0,False,82.36,False,34.46,False
Lucknow,2017-10-09,165.0,False,81.08,False,41.3,False
Lucknow,2017-10-10,207.0,False,100.7,False,34.8,False
Lucknow,2017-10-11,200.0,False,73.41,False,30.57,False
Lucknow,2017-10-12,182.0,False,95.02,False,44.26,False
Lucknow,2017-10-13,259.0,False,140.41,False,62.28,False
Lucknow,2017-10-14,311.0,False,138.31,False,53.25,False
Lucknow,2017-10-15,308.0,False,128.71,False,59.68,False
Lucknow,2017-10-16,319.0,False,169.38,False,72.26,False
Lucknow,2017-10-17,348.0,False,176.38,False,71.24,False
Lucknow,2017-10-18,354.0,False,194.31,False,55.68,False
Lucknow,2017-10-19,330.0,False,173.5,False,36.49,False
Lucknow,2017-10-20,362.0,False,172.87,False,29.79,False
Lucknow,2017-10-21,265.0,False,130.42,False,30.05,False
Lucknow,2017-10-22,339.0,False,229.03,False,57.38,False
Lucknow,2017-10-23,391.0,False,196.91,False,80.44,False
Lucknow,2017-10-24,353.0,False,199.31,False,75.27,False
Lucknow,2017-10-25,363.0,False,209.09,False,86.12,False
Lucknow,2017-10-26,379.0,False,204.12,False,89.66,False
Lucknow,2017-10-27,343.0,False,161.98,False,83.17,False
Lucknow,2017-10-28,338.0,False,171.39,False,84.41,False
Lucknow,2017-10-29,333.0,False,184.47,False,55.4,False
Lucknow,2017-10-30,344.0,False,155.1,False,59.52,False
Lucknow,2017-10-31,237.0,False,136.84,False,61.21,False
Lucknow,2017-11-01,312.0,False,151.16,False,44.85,False
Lucknow,2017-11-02,323.0,False,172.33,False,51.53,False
Lucknow,2017-11-03,354.0,False,195.75,False,56.67,False
Lucknow,2017-11-04,369.0,False,198.64,False,52.58,False
Lucknow,2017-11-05,388.0,False,195.99,False,49.04,False
Lucknow,2017-11-06,339.0,False,200.8,False,50.59,False
Lucknow,2017-11-07,362.0,False,230.94,False,59.57,False
Lucknow,2017-11-08,425.0,False,334.9,False,60.72,False
Lucknow,2017-11-09,495.0,False,387.84,False,55.77,False
Lucknow,2017-11-10,503.0,False,378.39,False,51.14,False
Lucknow,2017-11-11,463.0,False,258.15,False,52.54,False
Lucknow,2017-11-12,386.0,False,239.63,False,38.8,False
Lucknow,2017-11-13,454.0,False,446.68,False,62.1,False
Lucknow,2017-11-14,581.0,False,425.31,False,60.79,False
Lucknow,2017-11-15,444.0,False,237.11,False,56.89,False
Lucknow,2017-11-16,360.0,False,191.15,False,54.05,False
Lucknow,2017-11-17,361.0,False,181.72,False,46.83,False
Lucknow,2017-11-18,341.0,False,190.16,False,50.47,False
Lucknow,2017-11-19,360.0,False,192.63,False,49.27,False
Lucknow,2017-11-20,324.0,False,139.29,False,42.64,False
Lucknow,2017-11-21,316.0,False,171.74,False,48.07,False
Lucknow,2017-11-22,350.0,False,187.09,False,59.73,False
Lucknow,2017-11-23,344.0,False,167.77,False,60.97,False
Lucknow,2017-11-24,336.0,False,171.75,False,63.91,False
Lucknow,2017-11-25,342.0,False,194.67,False,73.69,False
Lucknow,2017-11-26,360.0,False,181.66,False,59.21,False
Lucknow,2017-11-27,342.0,False,230.28,False,60.42,False
Lucknow,2017-11-28,385.0,False,178.03,False,66.88,False
Lucknow,2017-11-29,364.0,False,236.79,False,92.62,False
Lucknow,2017-11-30,411.0,False,274.25,False,80.71,False
Lucknow,2017-12-01,434.0,False,286.15,False,73.94,False
Lucknow,2017-12-02,387.0,False,220.65,False,68.12,False
Lucknow,2017-12-03,389.0,False,226.91,False,69.83,False
Lucknow,2017-12-04,366.0,False,210.11,False,68.83,False
Lucknow,2017-12-05,366.0,False,194.41,False,54.82,False
Lucknow,2017-12-06,369.0,False,237.17,False,48.21,False
Lucknow,2017-12-07,351.0,False,119.24,False,46.04,False
Lucknow,2017-12-08,240.0,False,119.57,False,53.18,False
Lucknow,2017-12-09,310.0,False,178.06,False,64.87,False
Lucknow,2017-12-10,389.0,False,235.17,False,73.96,False
Lucknow,2017-12-11,354.0,False,164.75,False,73.78,False
Lucknow,2017-12-12,339.0,False,193.96,False,72.23,False
Lucknow,2017-12-13,352.0,False,173.02,False,60.94,False
Lucknow,2017-12-14,328.0,False,169.94,False,47.79,False
Lucknow,2017-12-15,328.0,False,155.69,False,49.63,False
Lucknow,2017-12-16,325.0,False,130.22,False,47.58,False
Lucknow,2017-12-17,293.0,False,150.31,False,56.93,False
Lucknow,2017-12-18,341.0,False,206.45,False,67.75,False
Lucknow,2017-12-19,417.0,False,347.73,False,78.85,False
Lucknow,2017-12-20,543.0,False,433.0,False,76.92,False
Lucknow,2017-12-21,486.0,False,288.47,False,57.72,False
Lucknow,2017-12-22,383.0,False,207.16,False,52.36,False
Lucknow,2017-12-23,337.0,False,158.89,False,54.32,False
Lucknow,2017-12-24,339.0,False,218.33,False,59.58,False
Lucknow,2017-12-25,395.0,False,233.41,False,49.73,False
Lucknow,2017-12-26,371.0,False,227.18,False,52.13,False
Lucknow,2017-12-27,425.0,False,290.8,False,59.6,False
Lucknow,2017-12-28,460.0,False,369.35,False,53.57,False
Lucknow,2017-12-29,443.0,False,243.94,False,46.83,False
Lucknow,2017-12-30,362.0,False,196.62,False,56.08,False
Lucknow,2017-12-31,387.0,False,235.15,False,53.25,False
Lucknow,2018-01-01,356.0,False,170.51,False,41.05,False
Lucknow,2018-01-02,320.0,False,199.89,False,34.35,False
Lucknow,2018-01-03,406.0,False,239.01,False,38.57,False
Lucknow,2018-01-04,389.0,False,250.36,False,46.68,False
Lucknow,2018-01-05,398.0,False,241.25,False,48.41,False
Lucknow,2018-01-06,359.0,False,192.99,False,49.57,False
Lucknow,2018-01-07,387.0,False,252.98,False,53.94,False
Lucknow,2018-01-08,431.0,False,300.46,False,58.74,False
Lucknow,2018-01-09,408.0,False,245.76,False,45.21,False
Lucknow,2018-01-10,398.0,False,235.73,False,46.46,False
Lucknow,2018-01-11,393.0,False,260.93,False,48.82,False
Lucknow,2018-01-12,427.0,False,301.74,False,54.54,False
Lucknow,2018-01-13,432.0,False,284.77,False,52.45,False
Lucknow,2018-01-14,420.0,False,231.89,False,62.82,False
Lucknow,2018-01-15,398.0,False,238.68,False,61.77,False
Lucknow,2018-01-16,359.0,False,198.9,False,45.9,False
Lucknow,2018-01-17,363.0,False,211.58,False,47.58,False
Lucknow,2018-01-18,368.0,False,210.07,False,46.32,False
Lucknow,2018-01-19,433.0,False,290.41,False,54.83,False
Lucknow,2018-01-20,391.0,False,183.73,False,49.43,False
Lucknow,2018-01-21,355.0,False,197.86,False,49.76,False
Lucknow,2018-01-22,384.0,False,242.99,False,51.54,False
Lucknow,2018-01-23,426.0,False,275.53,False,49.56,False
Lucknow,2018-01-24,346.0,False,162.78,False,37.49,False
Lucknow,2018-01-25,324.0,False,157.0,False,31.58,False
Lucknow,2018-01-26,333.0,False,178.63,False,35.09,False
Lucknow,2018-01-27,344.0,False,179.67,False,36.02,False
Lucknow,2018-01-28,357.0,False,202.52,False,38.93,False
Lucknow,2018-01-29,373.0,False,201.04,False,45.62,False
Lucknow,2018-01-30,344.0,False,155.06,False,34.43,False
Lucknow,2018-01-31,295.0,False,151.75,False,26.38,False
Lucknow,2018-02-01,324.0,False,162.83,False,33.39,False
Lucknow,2018-02-02,321.0,False,164.95,False,40.26,False
Lucknow,2018-02-03,370.0,False,235.22,False,54.6,False
Lucknow,2018-02-04,370.0,False,163.84,False,32.99,False
Lucknow,2018-02-05,312.0,False,158.45,False,34.06,False
Lucknow,2018-02-06,323.0,False,161.37,False,28.92,False
Lucknow,2018-02-07,322.0,False,125.72,False,35.64,False
Lucknow,2018-02-08,299.0,False,169.06,False,36.42,False
Lucknow,2018-02-09,290.0,False,137.16,False,34.68,False
Lucknow,2018-02-10,286.0,False,123.17,False,38.79,False
Lucknow,2018-02-11,266.0,False,125.92,False,56.72,False
Lucknow,2018-02-12,267.0,False,124.69,False,37.19,False
Lucknow,2018-02-13,239.0,False,115.87,False,33.81,False
Lucknow,2018-02-14,247.0,False,120.76,False,24.51,False
Lucknow,2018-02-15,301.0,False,148.44,False,25.39,False
Lucknow,2018-02-16,359.0,False,225.93,False,21.43,False
Lucknow,2018-02-17,398.0,False,226.87,False,26.73,False
Lucknow,2018-02-18,358.0,False,194.03,False,36.45,False
Lucknow,2018-02-19,386.0,False,199.58,False,37.62,False
Lucknow,2018-02-20,313.0,False,143.78,False,41.48,False
Lucknow,2018-02-21,332.0,False,228.66,False,50.36,False
Lucknow,2018-02-22,394.0,False,233.24,False,48.38,False
Lucknow,2018-02-23,389.0,False,228.21,False,55.31,False
Lucknow,2018-02-24,382.0,False,198.75,False,54.01,False
Lucknow,2018-02-25,348.0,False,183.9,False,31.02,False
Lucknow,2018-02-26,317.0,False,101.97,False,19.72,False
Lucknow,2018-02-27,181.0,False,76.71,False,25.24,False
Lucknow,2018-02-28,202.0,False,107.99,False,28.14,False
Lucknow,2018-03-01,264.0,False,114.94,False,26.97,False
Lucknow,2018-03-02,236.0,False,111.57,False,21.7,False
Lucknow,2018-03-03,202.0,False,94.86,False,20.46,False
Lucknow,2018-03-04,227.0,False,96.12,False,25.72,False
Lucknow,2018-03-05,187.0,False,91.04,False,20.32,False
Lucknow,2018-03-06,250.0,False,141.46,False,21.47,False
Lucknow,2018-03-07,288.0,False,133.8,False,28.95,False
Lucknow,2018-03-08,340.0,False,170.76,False,44.32,False
Lucknow,2018-03-09,297.0,False,140.81,False,33.39,False
Lucknow,2018-03-10,249.0,False,118.16,False,26.41,False
Lucknow,2018-03-11,219.0,False,133.03,False,28.51,False
Lucknow,2018-03-12,247.0,False,133.07,False,29.11,False
Lucknow,2018-03-13,247.0,False,102.13,False,31.03,False
Lucknow,2018-03-14,317.0,False,166.43,False,58.62,False
Lucknow,2018-03-15,331.0,False,137.04,False,50.15,False
Lucknow,2018-03-16,233.0,False,115.27,False,32.71,False
Lucknow,2018-03-17,273.0,False,84.82,False,33.09,False
Lucknow,2018-03-18,142.0,False,77.35,False,28.74,False
Lucknow,2018-03-19,196.0,False,97.05,False,34.84,False
Lucknow,2018-03-20,225.0,False,96.72,False,35.27,False
Lucknow,2018-03-21,245.0,False,115.04,False,56.86,False
Lucknow,2018-03-22,273.0,False,112.45,False,36.65,False
Lucknow,2018-03-23,218.0,False,101.79,False,28.72,False
Lucknow,2018-03-24,197.0,False,88.04,False,31.61,False
Lucknow,2018-03-25,198.0,False,93.26,False,27.88,False
Lucknow,2018-03-26,151.0,False,72.45,False,31.96,False
Lucknow,2018-03-27,137.0,False,75.58,False,34.22,False
Lucknow,2018-03-28,214.0,False,106.91,False,54.89,False
Lucknow,2018-03-29,271.0,False,130.56,False,42.21,False
Lucknow,2018-03-30,256.0,False,143.54,False,49.41,False
Lucknow,2018-03-31,201.0,False,54.5,False,47.7,False
Lucknow,2018-04-01,106.0,False,70.5,False,81.53,False
Lucknow,2018-04-02,204.0,False,100.47,False,46.42,False
Lucknow,2018-04-03,300.0,False,158.72,False,82.93,False
Lucknow,2018-04-04,319.0,False,163.42,False,60.3,False
Lucknow,2018-04-05,252.0,False,83.45,False,51.18,False
Lucknow,2018-04-06,153.0,False,74.21,False,48.9,False
Lucknow,2018-04-07,143.0,False,61.52,False,43.15,False
Lucknow,2018-04-08,102.0,False,58.97,False,58.47,False
Lucknow,2018-04-09,146.0,False,80.37,False,53.26,False
Lucknow,2018-04-10,126.0,False,60.77,False,49.71,False
Lucknow,2018-04-11,132.0,False,66.26,False,49.9,False
Lucknow,2018-04-12,97.0,False,36.82,False,33.17,False
Lucknow,2018-04-13,91.0,False,54.59,False,37.3,False
Lucknow,2018-04-14,97.0,False,58.68,False,41.55,False
Lucknow,2018-04-15,113.0,False,67.08,False,54.0,False
Lucknow,2018-04-16,180.0,False,85.99,False,59.66,False
Lucknow,2018-04-17,240.0,False,120.71,False,59.62,False
Lucknow,2018-04-18,217.0,False,87.72,False,36.82,False
Lucknow,2018-04-19,162.0,False,75.31,False,39.18,False
Lucknow,2018-04-20,231.0,False,116.85,False,59.83,False
Lucknow,2018-04-21,207.0,False,76.52,False,33.34,False
Lucknow,2018-04-22,194.0,False,91.21,False,27.16,False
Lucknow,2018-04-23,156.0,False,64.98,False,33.33,False
Lucknow,2018-04-24,160.0,False,82.47,False,50.62,False
Lucknow,2018-04-25,236.0,False,127.39,False,75.06,False
Lucknow,2018-04-26,281.0,False,135.49,False,58.11,False
Lucknow,2018-04-27,226.0,False,90.87,False,54.16,False
Lucknow,2018-04-28,195.0,False,79.19,False,62.8,False
Lucknow,2018-04-29,197.0,False,92.34,False,59.94,False
Lucknow,2018-04-30,162.0,False,64.04,False,53.32,False
Lucknow,2018-05-01,98.0,False,46.01,False,54.06,False
Lucknow,2018-05-02,108.0,False,74.0,False,53.33,False
Lucknow,2018-05-03,170.0,False,55.94,False,53.34,False
Lucknow,2018-05-04,94.0,False,45.38,False,64.43,False
Lucknow,2018-05-05,126.0,False,82.48,False,65.69,False
Lucknow,2018-05-06,196.0,False,93.08,False,63.88,False
Lucknow,2018-05-07,209.0,False,111.99,False,55.62,False
Lucknow,2018-05-08,353.0,False,215.09,False,64.5,False
Lucknow,2018-05-09,322.0,False,139.75,False,42.53,False
Lucknow,2018-05-10,250.0,False,106.67,False,49.09,False
Lucknow,2018-05-11,324.0,False,171.75,False,77.7,False
Lucknow,2018-05-12,336.0,False,123.16,False,48.53,False
Lucknow,2018-05-13,301.0,False,191.59,False,43.8,False
Lucknow,2018-05-14,476.0,False,268.33,False,48.23,False
Lucknow,2018-05-15,164.0,False,73.23,False,61.01,False
Lucknow,2018-05-16,204.0,False,121.81,False,64.0,False
Lucknow,2018-05-17,301.0,False,152.65,False,45.31,False
Lucknow,2018-05-18,289.0,False,112.66,False,52.96,False
Lucknow,2018-05-19,287.0,False,133.45,False,48.42,False
Lucknow,2018-05-20,318.0,False,157.41,False,45.39,False
Lucknow,2018-05-21,426.0,False,298.35,False,45.56,False
Lucknow,2018-05-22,357.0,False,151.54,False,56.21,False
Lucknow,2018-05-23,257.0,False,107.17,False,48.21,False
Lucknow,2018-05-24,291.0,False,225.11,False,40.81,False
Lucknow,2018-05-25,250.0,False,102.37,False,31.65,False
Lucknow,2018-05-26,242.0,False,125.89,False,51.6,False
Lucknow,2018-05-27,273.0,False,125.34,False,41.14,False
Lucknow,2018-05-28,269.0,False,104.31,False,36.21,False
Lucknow,2018-05-29,246.0,False,92.65,False,33.23,False
Lucknow,2018-05-30,214.0,False,84.9,False,45.48,False
Lucknow,2018-05-31,174.0,False,81.53,False,72.12,False
Lucknow,2018-06-01,139.0,False,72.29,False,60.91,False
Lucknow,2018-06-02,151.0,False,77.82,False,28.84,False
Lucknow,2018-06-03,179.0,False,94.26,False,28.97,False
Lucknow,2018-06-04,225.0,False,117.76,False,29.4,False
Lucknow,2018-06-05,219.0,False,96.54,False,28.77,False
Lucknow,2018-06-06,175.0,False,59.98,False,20.37,False
Lucknow,2018-06-07,127.0,False,85.89,False,15.65,False
Lucknow,2018-06-08,161.0,False,62.91,False,13.02,False
Lucknow,2018-06-09,108.0,False,62.85,False,16.06,False
Lucknow,2018-06-10,133.0,False,54.84,False,13.45,False
Lucknow,2018-06-11,107.0,False,57.9,False,15.31,False
Lucknow,2018-06-12,125.0,False,71.02,False,25.79,False
Lucknow,2018-06-13,147.0,False,80.85,False,24.58,False
Lucknow,2018-06-14,181.0,False,100.83,False,28.15,False
Lucknow,2018-06-15,240.0,False,124.13,False,28.86,False
Lucknow,2018-06-16,301.0,False,126.34,False,26.36,False
Lucknow,2018-06-17,321.0,False,155.05,False,28.43,False
Lucknow,2018-06-18,279.0,False,127.74,False,31.83,False
Lucknow,2018-06-19,179.0,False,70.44,False,32.94,False
Lucknow,2018-06-20,186.0,False,90.31,False,36.14,False
Lucknow,2018-06-21,228.0,False,107.2,False,37.4,False
Lucknow,2018-06-22,215.0,False,86.56,False,28.77,False
Lucknow,2018-06-23,229.0,False,140.01,False,27.02,False
Lucknow,2018-06-24,157.0,False,63.36,False,27.8,False
Lucknow,2018-06-25,116.0,False,71.89,False,32.87,False
Lucknow,2018-06-26,184.0,False,83.15,False,28.52,False
Lucknow,2018-06-27,136.0,False,47.6,False,26.26,False
Lucknow,2018-06-28,124.0,False,50.14,False,24.33,False
Lucknow,2018-06-29,93.0,False,40.13,False,25.51,False
Lucknow,2018-06-30,83.0,False,39.75,False,26.48,False
Lucknow,2018-07-01,125.0,False,38.35,False,26.7,False
Lucknow,2018-07-02,117.0,False,56.83,False,26.85,False
Lucknow,2018-07-03,111.0,False,43.54,False,27.02,False
Lucknow,2018-07-04,81.0,False,29.95,False,26.46,False
Lucknow,2018-07-05,74.0,False,35.47,False,27.49,False
Lucknow,2018-07-06,110.0,False,69.98,False,31.56,False
Lucknow,2018-07-07,195.0,False,96.52,False,30.29,False
Lucknow,2018-07-08,174.0,False,67.77,False,23.81,False
Lucknow,2018-07-09,132.0,False,48.77,False,24.3,False
Lucknow,2018-07-10,88.0,False,33.11,False,23.38,False
Lucknow,2018-07-11,100.0,False,32.77,False,25.75,False
Lucknow,2018-07-12,89.0,False,26.27,False,25.94,False
Lucknow,2018-07-13,90.0,False,27.48,False,27.2,False
Lucknow,2018-07-14,95.0,False,32.23,False,27.28,False
Lucknow,2018-07-15,101.0,False,35.31,False,26.88,False
Lucknow,2018-07-16,90.0,False,29.57,False,27.09,False
Lucknow,2018-07-17,84.0,False,33.6,False,26.16,False
Lucknow,2018-07-18,75.0,False,40.93,False,27.34,False
Lucknow,2018-07-19,125.0,False,58.27,False,30.03,False
Lucknow,2018-07-20,94.0,False,32.85,False,30.06,False
Lucknow,2018-07-21,71.0,False,24.25,False,29.87,False
Lucknow,2018-07-22,77.0,False,23.63,False,27.46,False
Lucknow,2018-07-23,76.0,False,22.34,False,32.02,False
Lucknow,2018-07-24,80.0,False,37.91,False,27.5,False
Lucknow,2018-07-25,78.0,False,28.26,False,27.73,False
Lucknow,2018-07-26,77.0,False,18.08,False,28.61,False
Lucknow,2018-07-27,72.0,False,46.07,False,28.22,False
Lucknow,2018-07-28,83.0,False,43.02,False,30.75,False
Lucknow,2018-07-29,99.0,False,40.79,False,30.41,False
Lucknow,2018-07-30,73.0,False,22.68,False,27.87,False
Lucknow,2018-07-31,84.0,False,18.21,False,28.27,False
Lucknow,2018-08-01,41.0,False,15.6,False,26.68,False
Lucknow,2018-08-02,55.0,False,31.51,False,29.66,False
Lucknow,2018-08-03,75.0,False,42.01,False,28.11,False
Lucknow,2018-08-04,99.0,False,72.38,False,28.79,False
Lucknow,2018-08-05,210.0,False,133.47,False,26.51,False
Lucknow,2018-08-06,204.0,False,92.95,False,27.86,False
Lucknow,2018-08-07,183.0,False,62.39,False,29.47,False
Lucknow,2018-08-08,99.0,False,32.23,False,26.33,False
Lucknow,2018-08-09,80.0,False,48.4,False,27.2,False
Lucknow,2018-08-10,96.0,False,49.25,False,36.65,False
Lucknow,2018-08-11,94.0,False,44.96,False,34.12,False
Lucknow,2018-08-12,77.0,False,33.21,False,41.08,False
Lucknow,2018-08-13,80.0,False,29.48,False,44.17,False
Lucknow,2018-08-14,73.0,False,52.39,False,44.57,False
Lucknow,2018-08-15,122.0,False,53.24,False,36.47,False
Lucknow,2018-08-16,55.0,False,18.45,False,27.26,False
Lucknow,2018-08-17,60.0,False,42.07,False,27.52,False
Lucknow,2018-08-18,123.0,False,57.75,False,29.83,False
Lucknow,2018-08-19,144.0,False,44.44,False,28.22,False
Lucknow,2018-08-20,69.0,False,31.45,False,28.04,False
Lucknow,2018-08-21,82.0,False,31.04,False,24.24,False
Lucknow,2018-08-22,89.0,False,42.25,False,22.78,False
Lucknow,2018-08-23,97.0,False,35.86,False,25.31,False
Lucknow,2018-08-24,88.0,False,31.25,False,26.75,False
Lucknow,2018-08-25,78.0,False,29.39,False,27.9,False
Lucknow,2018-08-26,163.0,False,159.64,False,27.44,False
Lucknow,2018-08-27,183.0,False,73.24,False,27.68,False
Lucknow,2018-08-28,72.0,False,33.84,False,24.29,False
Lucknow,2018-08-29,81.0,False,32.44,False,24.84,False
Lucknow,2018-08-30,72.0,False,33.21,False,28.0,False
Lucknow,2018-08-31,57.0,False,22.04,False,30.23,False
Lucknow,2018-09-01,63.0,False,24.62,False,27.01,False
Lucknow,2018-09-02,69.0,False,16.66,False,28.0,False
Lucknow,2018-09-03,61.0,False,30.93,False,30.37,False
Lucknow,2018-09-04,83.0,False,41.71,False,29.19,False
Lucknow,2018-09-05,107.0,False,27.31,False,25.52,False
Lucknow,2018-09-06,101.0,False,46.25,False,30.02,False
Lucknow,2018-09-07,94.0,False,31.52,False,26.1,False
Lucknow,2018-09-08,87.0,False,36.95,False,26.09,False
Lucknow,2018-09-09,90.0,False,26.64,False,27.39,False
Lucknow,2018-09-10,92.0,False,39.0,False,26.62,False
Lucknow,2018-09-11,101.0,False,38.68,False,25.81,False
Lucknow,2018-09-12,96.0,False,38.51,False,27.41,False
Lucknow,2018-09-13,76.0,False,39.92,False,25.74,False
Lucknow,2018-09-14,84.0,False,46.81,False,23.43,False
Lucknow,2018-09-15,100.0,False,55.15,False,23.31,False
Lucknow,2018-09-16,103.0,False,57.48,False,24.46,False
Lucknow,2018-09-17,130.0,False,68.6,False,20.97,False
Lucknow,2018-09-18,123.0,False,73.05,False,21.56,False
Lucknow,2018-09-19,172.0,False,77.9,False,27.9,False
Lucknow,2018-09-20,173.0,False,87.71,False,29.55,False
Lucknow,2018-09-21,116.0,False,24.6,False,17.07,False
Lucknow,2018-09-22,64.0,False,29.47,False,18.33,False
Lucknow,2018-09-23,82.0,False,55.13,False,21.84,False
Lucknow,2018-09-24,124.0,False,57.32,False,27.21,False
Lucknow,2018-09-25,109.0,False,39.53,False,23.78,False
Lucknow,2018-09-26,93.0,False,41.87,False,21.35,False
Lucknow,2018-09-27,102.0,False,59.19,False,27.66,False
Lucknow,2018-09-28,132.0,False,76.75,False,29.35,False
Lucknow,2018-09-29,224.0,False,106.14,False,34.36,False
Lucknow,2018-09-30,177.0,False,81.75,False,30.08,False
Lucknow,2018-10-01,200.0,False,88.36,False,30.43,False
Lucknow,2018-10-02,191.0,False,95.24,False,33.28,False
Lucknow,2018-10-03,228.0,False,104.4,False,35.35,False
Lucknow,2018-10-04,249.0,False,116.81,False,43.65,False
Lucknow,2018-10-05,226.0,False,97.28,False,40.02,False
Lucknow,2018-10-06,251.0,False,123.5,False,45.87,False
Lucknow,2018-10-07,270.0,False,133.77,False,42.11,False
Lucknow,2018-10-08,272.0,False,106.14,False,48.29,False
Lucknow,2018-10-09,235.0,False,89.92,False,40.53,False
Lucknow,2018-10-10,233.0,False,124.48,False,34.22,False
Lucknow,2018-10-11,262.0,False,114.24,False,31.93,False
Lucknow,2018-10-12,175.0,False,75.05,False,33.9,False
Lucknow,2018-10-13,109.0,False,65.19,False,31.11,False
Lucknow,2018-10-14,170.0,False,87.21,False,35.56,False
Lucknow,2018-10-15,218.0,False,105.49,False,44.6,False
Lucknow,2018-10-16,292.0,False,121.24,False,50.16,False
Lucknow,2018-10-17,306.0,False,128.3,False,46.95,False
Lucknow,2018-10-18,296.0,False,125.01,False,49.83,False
Lucknow,2018-10-19,294.0,False,123.98,False,51.55,False
Lucknow,2018-10-20,246.0,False,112.69,False,47.79,False
Lucknow,2018-10-21,268.0,False,116.62,False,54.88,False
Lucknow,2018-10-22,275.0,False,123.77,False,41.35,False
Lucknow,2018-10-23,273.0,False,129.95,False,53.21,False
Lucknow,2018-10-24,313.0,False,166.67,False,58.31,False
Lucknow,2018-10-25,355.0,False,189.48,False,90.95,False
Lucknow,2018-10-26,342.0,False,168.41,False,75.24,False
Lucknow,2018-10-27,338.0,False,174.27,False,76.26,False
Lucknow,2018-10-28,344.0,False,163.73,False,62.28,False
Lucknow,2018-10-29,329.0,False,165.78,False,67.07,False
Lucknow,2018-10-30,332.0,False,147.83,False,78.79,False
Lucknow,2018-10-31,311.0,False,138.52,False,68.95,False
Lucknow,2018-11-01,307.0,False,146.28,False,70.3,False
Lucknow,2018-11-02,340.0,False,186.57,False,82.88,False
Lucknow,2018-11-03,344.0,False,165.8,False,76.48,False
Lucknow,2018-11-04,321.0,False,139.28,False,50.08,False
Lucknow,2018-11-05,292.0,False,113.48,False,39.64,False
Lucknow,2018-11-06,326.0,False,185.64,False,40.27,False
Lucknow,2018-11-07,332.0,False,218.8,False,55.44,False
Lucknow,2018-11-08,485.0,False,400.97,False,54.59,False
Lucknow,2018-11-09,430.0,False,254.56,False,52.55,False
Lucknow,2018-11-10,412.0,False,242.63,False,59.83,False
Lucknow,2018-11-11,367.0,False,198.19,False,62.06,False
Lucknow,2018-11-12,355.0,False,214.85,False,69.47,False
Lucknow,2018-11-13,394.0,False,233.96,False,83.09,False
Lucknow,2018-11-14,367.0,False,185.54,False,59.14,False
Lucknow,2018-11-15,342.0,False,159.24,False,50.62,False
Lucknow,2018-11-16,282.0,False,110.37,False,30.61,False
Lucknow,2018-11-17,274.0,False,155.14,False,41.79,False
Lucknow,2018-11-18,345.0,False,212.78,False,66.97,False
Lucknow,2018-11-19,371.0,False,203.65,False,87.45,False
Lucknow,2018-11-20,378.0,False,242.99,False,84.92,False
Lucknow,2018-11-21,392.0,False,218.3,False,66.59,False
Lucknow,2018-11-22,341.0,False,162.5,False,65.27,False
Lucknow,2018-11-23,323.0,False,142.38,False,63.59,False
Lucknow,2018-11-24,308.0,False,135.5,False,61.83,False
Lucknow,2018-11-25,294.0,False,153.5,False,59.19,False
Lucknow,2018-11-26,366.0,False,229.22,False,73.13,False
Lucknow,2018-11-27,400.0,False,255.17,False,83.37,False
Lucknow,2018-11-28,387.0,False,194.98,False,72.25,False
Lucknow,2018-11-29,326.0,False,165.85,False,57.9,False
Lucknow,2018-11-30,347.0,False,199.95,False,55.45,False
Lucknow,2018-12-01,361.0,False,181.48,False,57.18,False
Lucknow,2018-12-02,354.0,False,188.15,False,74.59,False
Lucknow,2018-12-03,327.0,False,163.02,False,60.3,False
Lucknow,2018-12-04,361.0,False,224.13,False,72.27,False
Lucknow,2018-12-05,373.0,False,215.02,False,56.12,False
Lucknow,2018-12-06,381.0,False,217.33,False,65.41,False
Lucknow,2018-12-07,362.0,False,190.39,False,55.29,False
Lucknow,2018-12-08,353.0,False,187.66,False,64.2,False
Lucknow,2018-12-09,353.0,False,191.1,False,62.52,False
Lucknow,2018-12-10,394.0,False,269.3,False,80.22,False
Lucknow,2018-12-11,381.0,False,194.03,False,71.15,False
Lucknow,2018-12-12,362.0,False,191.15,False,67.55,False
Lucknow,2018-12-13,333.0,False,147.38,False,49.54,False
Lucknow,2018-12-14,269.0,False,104.92,False,38.27,False
Lucknow,2018-12-15,235.0,False,103.65,False,39.05,False
Lucknow,2018-12-16,252.0,False,127.74,False,49.22,False
Lucknow,2018-12-17,317.0,False,157.84,False,56.53,False
Lucknow,2018-12-18,330.0,False,145.81,False,50.78,False
Lucknow,2018-12-19,310.0,False,157.54,False,50.68,False
Lucknow,2018-12-20,349.0,False,185.2,False,53.32,False
Lucknow,2018-12-21,343.0,False,180.46,False,53.25,False
Lucknow,2018-12-22,363.0,False,236.91,False,70.06,False
Lucknow,2018-12-23,414.0,False,232.81,False,56.29,False
Lucknow,2018-12-24,345.0,False,166.0,False,53.54,False
Lucknow,2018-12-25,338.0,False,165.37,False,44.5,False
Lucknow,2018-12-26,346.0,False,178.64,False,49.62,False
Lucknow,2018-12-27,324.0,False,159.21,False,46.26,False
Lucknow,2018-12-28,325.0,False,153.63,False,35.07,False
Lucknow,2018-12-29,339.0,False,200.84,False,45.98,False
Lucknow,2018-12-30,388.0,False,258.08,False,60.69,False
Lucknow,2018-12-31,403.0,False,248.51,False,61.89,False
Lucknow,2019-01-01,413.0,False,272.75,False,62.96,False
Lucknow,2019-01-02,457.0,False,342.7,False,78.56,False
Lucknow,2019-01-03,410.0,False,218.08,False,58.14,False
Lucknow,2019-01-04,374.0,False,205.72,False,48.86,False
Lucknow,2019-01-05,390.0,False,256.56,False,64.58,False
Lucknow,2019-01-06,383.0,False,185.35,False,38.08,False
Lucknow,2019-01-07,246.0,False,91.92,False,34.94,False
Lucknow,2019-01-08,239.0,False,100.13,False,35.23,False
Lucknow,2019-01-09,239.0,False,113.44,False,35.21,False
Lucknow,2019-01-10,270.0,False,123.15,False,45.12,False
Lucknow,2019-01-11,339.0,False,189.97,False,67.86,False
Lucknow,2019-01-12,346.0,False,196.35,False,64.1,False
Lucknow,2019-01-13,396.0,False,247.31,False,57.64,False
Lucknow,2019-01-14,347.0,False,123.74,False,29.47,False
Lucknow,2019-01-15,184.0,False,93.46,False,36.8,False
Lucknow,2019-01-16,305.0,False,201.61,False,59.97,False
Lucknow,2019-01-17,415.0,False,266.0,False,48.05,False
Lucknow,2019-01-18,363.0,False,166.95,False,43.9,False
Lucknow,2019-01-19,310.0,False,146.52,False,47.99,False
Lucknow,2019-01-20,337.0,False,200.11,False,57.68,False
Lucknow,2019-01-21,391.0,False,221.07,False,53.49,False
Lucknow,2019-01-22,350.0,False,199.91,False,36.59,False
Lucknow,2019-01-23,331.0,False,107.47,False,33.59,False
Lucknow,2019-01-24,218.0,False,117.88,False,42.98,False
Lucknow,2019-01-25,341.0,False,176.21,False,38.96,False
Lucknow,2019-01-26,208.0,False,58.65,False,22.82,False
Lucknow,2019-01-27,142.0,False,74.33,False,25.51,False
Lucknow,2019-01-28,204.0,False,98.43,False,28.08,False
Lucknow,2019-01-29,214.0,False,103.41,False,28.06,False
Lucknow,2019-01-30,285.0,False,130.59,False,39.6,False
Lucknow,2019-01-31,334.0,False,173.26,False,60.3,False
Lucknow,2019-02-01,329.0,False,170.24,False,57.06,False
Lucknow,2019-02-02,316.0,False,165.91,False,46.98,False
Lucknow,2019-02-03,354.0,False,181.48,False,33.37,False
Lucknow,2019-02-04,283.0,False,133.58,False,36.58,False
Lucknow,2019-02-05,280.0,False,173.33,False,57.52,False
Lucknow,2019-02-06,374.0,False,204.17,False,59.33,False
Lucknow,2019-02-07,274.0,False,70.36,False,33.02,False
Lucknow,2019-02-08,132.0,False,87.57,False,39.51,False
Lucknow,2019-02-09,204.0,False,81.51,False,27.17,False
Lucknow,2019-02-10,175.0,False,70.83,False,29.99,False
Lucknow,2019-02-11,189.0,False,101.7,False,44.08,False
Lucknow,2019-02-12,253.0,False,129.67,False,60.47,False
Lucknow,2019-02-13,311.0,False,171.14,False,57.48,False
Lucknow,2019-02-14,367.0,False,206.21,False,51.57,False
Lucknow,2019-02-15,304.0,False,111.88,False,32.71,False
Lucknow,2019-02-16,170.0,False,66.67,False,26.45,False
Lucknow,2019-02-17,166.0,False,85.17,False,21.48,False
Lucknow,2019-02-18,161.0,False,82.72,False,35.84,False
Lucknow,2019-02-19,228.0,False,119.84,False,45.19,False
Lucknow,2019-02-20,330.0,False,168.15,False,50.2,False
Lucknow,2019-02-21,271.0,False,102.76,False,51.08,False
Lucknow,2019-02-22,258.0,False,135.37,False,38.45,False
Lucknow,2019-02-23,198.0,False,71.89,False,22.49,False
Lucknow,2019-02-24,139.0,False,71.83,False,40.99,False
Lucknow,2019-02-25,183.0,False,103.62,False,67.36,False
Lucknow,2019-02-26,239.0,False,105.19,False,54.95,False
Lucknow,2019-02-27,196.0,False,56.13,False,29.85,False
Lucknow,2019-02-28,122.0,False,41.13,False,25.1,False
Lucknow,2019-03-01,136.0,False,80.97,False,41.59,False
Lucknow,2019-03-02,274.0,False,150.97,False,58.75,False
Lucknow,2019-03-03,319.0,False,142.49,False,31.52,False
Lucknow,2019-03-04,230.0,False,95.72,False,25.97,False
Lucknow,2019-03-05,228.0,False,94.8,False,30.31,False
Lucknow,2019-03-06,173.0,False,85.41,False,31.28,False
Lucknow,2019-03-07,220.0,False,107.74,False,34.56,False
Lucknow,2019-03-08,288.0,False,134.05,False,40.62,False
Lucknow,2019-03-09,234.0,False,95.73,False,39.4,False
Lucknow,2019-03-10,198.0,False,87.66,False,39.07,False
Lucknow,2019-03-11,222.0,False,114.03,False,51.18,False
Lucknow,2019-03-12,279.0,False,119.49,False,50.69,False
Lucknow,2019-03-13,207.0,False,95.71,False,48.46,False
Lucknow,2019-03-14,218.0,False,111.27,False,44.45,False
Lucknow,2019-03-15,212.0,False,77.39,False,38.8,False
Lucknow,2019-03-16,130.0,False,61.98,False,37.47,False
Lucknow,2019-03-17,149.0,False,83.08,False,29.17,False
Lucknow,2019-03-18,237.0,False,107.51,False,29.06,False
Lucknow,2019-03-19,212.0,False,99.81,False,31.67,False
Lucknow,2019-03-20,254.0,False,110.71,False,49.06,False
Lucknow,2019-03-21,270.0,False,114.58,False,34.14,False
Lucknow,2019-03-22,139.0,False,59.16,False,21.08,False
Lucknow,2019-03-23,110.0,False,58.24,False,16.2,False
Lucknow,2019-03-24,134.0,False,66.42,False,26.21,False
Lucknow,2019-03-25,190.0,False,97.85,False,46.89,False
Lucknow,2019-03-26,217.0,False,77.36,False,39.58,False
Lucknow,2019-03-27,172.0,False,84.31,False,32.99,False
Lucknow,2019-03-28,215.0,False,109.08,False,54.82,False
Lucknow,2019-03-29,304.0,False,159.65,False,90.13,False
Lucknow,2019-03-30,315.0,False,142.6,False,67.79,False
Lucknow,2019-03-31,261.0,False,86.06,False,105.89,False
Lucknow,2019-04-01,137.0,False,62.23,False,98.09,False
Lucknow,2019-04-02,204.0,False,107.33,False,106.43,False
Lucknow,2019-04-03,291.0,False,136.13,False,55.58,False
Lucknow,2019-04-04,336.0,False,175.0,False,55.78,False
Lucknow,2019-04-05,315.0,False,132.84,False,35.22,False
Lucknow,2019-04-06,232.0,False,109.96,False,31.29,False
Lucknow,2019-04-07,195.0,False,72.32,False,30.7,False
Lucknow,2019-04-08,153.0,False,62.99,False,38.28,False
Lucknow,2019-04-09,155.0,False,75.07,False,43.93,False
Lucknow,2019-04-10,197.0,False,84.56,False,39.37,False
Lucknow,2019-04-11,197.0,False,99.92,False,41.73,False
Lucknow,2019-04-12,278.0,False,129.92,False,37.55,False
Lucknow,2019-04-13,253.0,False,96.67,False,43.17,False
Lucknow,2019-04-14,169.0,False,74.99,False,28.8,False
Lucknow,2019-04-15,150.0,False,70.01,False,33.33,False
Lucknow,2019-04-16,171.0,False,82.71,False,26.79,False
Lucknow,2019-04-17,136.0,False,46.96,False,30.69,False
Lucknow,2019-04-18,115.0,False,54.78,False,27.78,False
Lucknow,2019-04-19,95.0,False,48.72,False,30.36,False
Lucknow,2019-04-20,132.0,False,79.74,False,29.53,False
Lucknow,2019-04-21,230.0,False,107.92,False,36.21,False
Lucknow,2019-04-22,258.0,False,140.88,False,49.29,False
Lucknow,2019-04-23,314.0,False,123.56,False,35.22,False
Lucknow,2019-04-24,223.0,False,86.39,False,36.59,False
Lucknow,2019-04-25,218.0,False,121.98,False,38.49,False
Lucknow,2019-04-26,298.0,False,126.11,False,38.0,False
Lucknow,2019-04-27,222.0,False,148.62,False,22.33,False
Lucknow,2019-04-28,283.0,False,145.0,False,21.97,False
Lucknow,2019-04-29,287.0,False,138.55,False,30.78,False
Lucknow,2019-04-30,287.0,False,151.26,False,50.61,False
Lucknow,2019-05-01,322.0,False,167.31,False,38.12,False
Lucknow,2019-05-02,277.0,False,93.19,False,29.42,False
Lucknow,2019-05-03,151.0,False,64.16,False,27.25,False
Lucknow,2019-05-04,141.0,False,61.07,False,27.6,False
Lucknow,2019-05-05,124.0,False,57.79,False,27.59,False
Lucknow,2019-05-06,112.0,False,49.24,False,20.81,False
Lucknow,2019-05-07,121.0,False,67.74,False,32.39,False
Lucknow,2019-05-08,183.0,False,85.04,False,33.07,False
Lucknow,2019-05-09,197.0,False,97.59,False,25.31,False
Lucknow,2019-05-10,219.0,False,91.98,False,25.98,False
Lucknow,2019-05-11,210.0,False,82.16,False,32.83,False
Lucknow,2019-05-12,164.0,False,78.3,False,23.23,False
Lucknow,2019-05-13,183.0,False,72.91,False,24.94,False
Lucknow,2019-05-14,178.0,False,71.58,False,19.31,False
Lucknow,2019-05-15,198.0,False,85.72,False,22.09,False
Lucknow,2019-05-16,223.0,False,86.79,False,18.63,False
Lucknow,2019-05-17,192.0,False,84.52,False,19.65,False
Lucknow,2019-05-18,167.0,False,63.96,False,16.72,False
Lucknow,2019-05-19,144.0,False,82.43,False,15.15,False
Lucknow,2019-05-20,196.0,False,86.76,False,18.12,False
Lucknow,2019-05-21,189.0,False,84.27,False,20.14,False
Lucknow,2019-05-22,203.0,False,90.35,False,22.26,False
Lucknow,2019-05-23,189.0,False,73.06,False,29.43,False
Lucknow,2019-05-24,150.0,False,70.32,False,27.1,False
Lucknow,2019-05-25,142.0,False,63.6,False,26.3,False
Lucknow,2019-05-26,125.0,False,63.22,False,26.49,False
Lucknow,2019-05-27,160.0,False,83.69,False,27.86,False
Lucknow,2019-05-28,211.0,False,86.09,False,26.58,False
Lucknow,2019-05-29,175.0,False,86.52,False,28.12,False
Lucknow,2019-05-30,231.0,False,111.94,False,26.13,False
Lucknow,2019-05-31,230.0,False,92.22,False,23.99,False
Lucknow,2019-06-01,167.0,False,68.09,False,22.19,False
Lucknow,2019-06-02,176.0,False,96.37,False,21.19,False
Lucknow,2019-06-03,184.0,False,76.36,False,20.99,False
Lucknow,2019-06-04,174.0,False,95.09,False,22.47,False
Lucknow,2019-06-05,195.0,False,84.49,False,21.32,False
Lucknow,2019-06-06,205.0,False,102.45,False,20.87,False
Lucknow,2019-06-07,145.0,False,47.49,False,21.55,False
Lucknow,2019-06-08,104.0,False,61.01,False,22.05,False
Lucknow,2019-06-09,151.0,False,82.55,False,22.69,False
Lucknow,2019-06-10,183.0,False,84.51,False,21.84,False
Lucknow,2019-06-11,173.0,False,72.91,False,20.28,False
Lucknow,2019-06-12,144.0,False,59.04,False,20.82,False
Lucknow,2019-06-13,162.0,False,94.34,False,21.79,False
Lucknow,2019-06-14,202.0,False,75.84,False,20.54,False
Lucknow,2019-06-15,225.0,False,115.06,False,23.81,False
Lucknow,2019-06-16,199.0,False,66.13,False,21.13,False
Lucknow,2019-06-17,113.0,False,58.23,False,18.65,False
Lucknow,2019-06-18,114.0,False,66.8,False,26.68,False
Lucknow,2019-06-19,160.0,False,78.08,False,23.5,False
Lucknow,2019-06-20,138.0,False,60.93,False,22.01,False
Lucknow,2019-06-21,164.0,False,81.44,False,24.04,False
Lucknow,2019-06-22,207.0,False,82.08,False,25.72,False
Lucknow,2019-06-23,112.0,False,41.2,False,26.77,False
Lucknow,2019-06-24,115.0,False,71.26,False,31.43,False
Lucknow,2019-06-25,151.0,False,63.03,False,27.36,False
Lucknow,2019-06-26,143.0,False,73.65,False,33.25,False
Lucknow,2019-06-27,161.0,False,79.54,False,30.24,False
Lucknow,2019-06-28,199.0,False,91.73,False,26.47,False
Lucknow,2019-06-29,226.0,False,108.96,False,26.17,False
Lucknow,2019-06-30,239.0,False,87.76,False,21.59,False
Lucknow,2019-07-01,124.0,False,67.45,False,20.34,False
Lucknow,2019-07-02,172.0,False,75.85,False,20.45,False
Lucknow,2019-07-03,104.0,False,32.12,False,20.67,False
Lucknow,2019-07-04,94.0,False,42.34,False,22.68,False
Lucknow,2019-07-05,98.0,False,50.97,False,28.71,False
Lucknow,2019-07-06,105.0,False,31.56,False,28.67,False
Lucknow,2019-07-07,107.0,False,20.26,False,28.66,False
Lucknow,2019-07-08,104.0,False,27.27,False,26.64,False
Lucknow,2019-07-09,80.0,False,23.2,False,26.16,False
Lucknow,2019-07-10,90.0,False,35.86,False,25.66,False
Lucknow,2019-07-11,92.0,False,41.57,False,27.09,False
Lucknow,2019-07-12,91.0,False,47.8,False,28.82,False
Lucknow,2019-07-13,95.0,False,51.37,False,22.37,False
Lucknow,2019-07-14,84.0,False,54.98,False,22.05,False
Lucknow,2019-07-15,114.0,False,55.45,False,23.03,False
Lucknow,2019-07-16,78.0,False,37.99,False,24.0,False
Lucknow,2019-07-17,102.0,False,46.6,False,23.89,False
Lucknow,2019-07-18,88.0,False,45.67,False,25.97,False
Lucknow,2019-07-19,103.0,False,60.65,False,24.98,False
Lucknow,2019-07-20,112.0,False,52.96,False,24.47,False
Lucknow,2019-07-21,86.0,False,39.05,False,23.01,False
Lucknow,2019-07-22,81.0,False,40.14,False,22.39,False
Lucknow,2019-07-23,86.0,False,44.28,False,21.66,False
Lucknow,2019-07-24,78.0,False,23.53,False,23.2,False
Lucknow,2019-07-25,72.0,False,19.09,False,22.15,False
Lucknow,2019-07-26,79.0,False,22.01,False,19.05,False
Lucknow,2019-07-27,67.0,False,25.45,False,19.92,False
Lucknow,2019-07-28,95.0,False,36.63,False,17.69,False
Lucknow,2019-07-29,80.0,False,20.89,False,17.66,False
Lucknow,2019-07-30,75.0,False,24.05,False,19.71,False
Lucknow,2019-07-31,91.0,False,30.74,False,17.66,False
Lucknow,2019-08-01,91.0,False,46.89,False,20.03,False
Lucknow,2019-08-02,145.0,False,75.32,False,19.13,False
Lucknow,2019-08-03,108.0,False,41.9,False,18.09,False
Lucknow,2019-08-04,108.0,False,36.86,False,19.88,False
Lucknow,2019-08-05,103.0,False,38.05,False,21.92,False
Lucknow,2019-08-06,86.0,False,25.74,False,17.34,False
Lucknow,2019-08-07,98.0,False,26.5,False,17.16,False
Lucknow,2019-08-08,107.0,False,27.16,False,21.18,False
Lucknow,2019-08-09,94.0,False,26.69,False,17.36,False
Lucknow,2019-08-10,92.0,False,33.83,False,18.28,False
Lucknow,2019-08-11,100.0,False,36.43,False,19.76,False
Lucknow,2019-08-12,103.0,False,27.48,False,21.88,False
Lucknow,2019-08-13,116.0,False,26.94,False,20.51,False
Lucknow,2019-08-14,105.0,False,27.9,False,19.63,False
Lucknow,2019-08-15,83.0,False,27.22,False,19.13,False
Lucknow,2019-08-16,81.0,False,17.57,False,19.0,False
Lucknow,2019-08-17,60.0,False,21.25,False,18.33,False
Lucknow,2019-08-18,64.0,False,23.98,False,21.17,False
Lucknow,2019-08-19,69.0,False,34.31,False,22.21,False
Lucknow,2019-08-20,80.0,False,33.56,False,21.78,False
Lucknow,2019-08-21,74.0,False,32.74,False,30.85,False
Lucknow,2019-08-22,78.0,False,28.99,False,18.5,False
Lucknow,2019-08-23,72.0,False,32.59,False,19.81,False
Lucknow,2019-08-24,78.0,False,28.96,False,17.83,False
Lucknow,2019-08-25,74.0,False,24.95,False,15.28,False
Lucknow,2019-08-26,66.0,False,29.82,False,19.25,False
Lucknow,2019-08-27,85.0,False,36.52,False,24.37,False
Lucknow,2019-08-28,73.0,False,34.82,False,23.64,False
Lucknow,2019-08-29,93.0,False,34.99,False,23.51,False
Lucknow,2019-08-30,104.0,False,38.3,False,21.34,False
Lucknow,2019-08-31,110.0,False,44.99,False,24.77,False
Lucknow,2019-09-01,103.0,False,46.37,False,26.67,False
Lucknow,2019-09-02,102.0,False,36.07,False,21.93,False
Lucknow,2019-09-03,85.0,False,40.88,False,19.38,False
Lucknow,2019-09-04,73.0,False,33.81,False,20.93,False
Lucknow,2019-09-05,72.0,False,36.0,False,18.91,False
Lucknow,2019-09-06,75.0,False,41.64,False,17.35,False
Lucknow,2019-09-07,73.0,False,28.29,False,18.2,False
Lucknow,2019-09-08,63.0,False,22.19,False,18.21,False
Lucknow,2019-09-09,67.0,False,26.93,False,18.53,False
Lucknow,2019-09-10,74.0,False,35.24,False,18.6,False
Lucknow,2019-09-11,76.0,False,45.2,False,17.89,False
Lucknow,2019-09-12,92.0,False,50.13,False,17.84,False
Lucknow,2019-09-13,95.0,False,26.46,False,18.02,False
Lucknow,2019-09-14,77.0,False,30.97,False,17.13,False
Lucknow,2019-09-15,81.0,False,34.33,False,16.81,False
Lucknow,2019-09-16,69.0,False,28.45,False,18.11,False
Lucknow,2019-09-17,69.0,False,32.1,False,17.52,False
Lucknow,2019-09-18,81.0,False,25.43,False,19.72,False
Lucknow,2019-09-19,72.0,False,28.32,False,20.64,False
Lucknow,2019-09-20,86.0,False,33.75,False,22.21,False
Lucknow,2019-09-21,89.0,False,37.33,False,22.11,False
Lucknow,2019-09-22,81.0,False,28.43,False,21.21,False
Lucknow,2019-09-23,72.0,False,33.05,False,21.38,False
Lucknow,2019-09-24,85.0,False,34.53,False,22.6,False
Lucknow,2019-09-25,92.0,False,33.36,False,20.5,False
Lucknow,2019-09-26,70.0,False,21.75,False,18.64,False
Lucknow,2019-09-27,67.0,False,12.76,False,18.32,False
Lucknow,2019-09-28,54.0,False,16.17,False,16.9,False
Lucknow,2019-09-29,52.0,False,16.06,False,16.65,False
Lucknow,2019-09-30,52.0,False,17.44,False,21.12,False
Lucknow,2019-10-01,65.0,False,30.24,False,23.71,False
Lucknow,2019-10-02,66.0,False,29.31,False,22.62,False
Lucknow,2019-10-03,76.0,False,36.25,False,21.23,False
Lucknow,2019-10-04,91.0,False,40.55,False,21.78,False
Lucknow,2019-10-05,104.0,False,63.48,False,20.84,False
Lucknow,2019-10-06,126.0,False,64.84,False,25.5,False
Lucknow,2019-10-07,146.0,False,80.3,False,29.57,False
Lucknow,2019-10-08,167.0,False,84.3,False,28.62,False
Lucknow,2019-10-09,197.0,False,89.18,False,25.94,False
Lucknow,2019-10-10,149.0,False,63.28,False,30.13,False
Lucknow,2019-10-11,160.0,False,84.96,False,37.12,False
Lucknow,2019-10-12,162.0,False,70.45,False,33.32,False
Lucknow,2019-10-13,160.0,False,85.66,False,34.97,False
Lucknow,2019-10-14,208.0,False,92.1,False,35.65,False
Lucknow,2019-10-15,198.0,False,84.95,False,30.27,False
Lucknow,2019-10-16,198.0,False,88.51,False,29.76,False
Lucknow,2019-10-17,222.0,False,100.53,False,32.92,False
Lucknow,2019-10-18,226.0,False,97.48,False,38.47,False
Lucknow,2019-10-19,210.0,False,100.9,False,45.03,False
Lucknow,2019-10-20,260.0,False,132.03,False,36.05,False
Lucknow,2019-10-21,301.0,False,130.14,False,36.43,False
Lucknow,2019-10-22,288.0,False,132.12,False,48.15,False
Lucknow,2019-10-23,280.0,False,136.04,False,56.8,False
Lucknow,2019-10-24,293.0,False,119.54,False,58.47,False
Lucknow,2019-10-25,235.0,False,92.62,False,38.17,False
Lucknow,2019-10-26,180.0,False,74.94,False,62.62,False
Lucknow,2019-10-27,193.0,False,115.56,False,64.36,False
Lucknow,2019-10-28,356.0,False,212.66,False,67.87,False
Lucknow,2019-10-29,356.0,False,172.24,False,68.2,False
Lucknow,2019-10-30,330.0,False,180.88,False,61.6,False
Lucknow,2019-10-31,364.0,False,226.63,False,80.61,False
Lucknow,2019-11-01,383.0,False,239.79,False,81.36,False
Lucknow,2019-11-02,428.0,False,296.73,False,94.87,False
Lucknow,2019-11-03,431.0,False,262.62,False,67.88,False
Lucknow,2019-11-04,453.0,False,382.96,False,55.83,False
Lucknow,2019-11-05,455.0,False,230.03,False,49.05,False
Lucknow,2019-11-06,353.0,False,184.59,False,57.36,False
Lucknow,2019-11-07,369.0,False,221.38,False,72.7,False
Lucknow,2019-11-08,362.0,False,188.06,False,66.58,False
Lucknow,2019-11-09,332.0,False,161.6,False,60.77,False
Lucknow,2019-11-10,265.0,False,105.68,False,44.77,False
Lucknow,2019-11-11,245.0,False,137.17,False,39.5,False
Lucknow,2019-11-12,307.0,False,180.1,False,49.0,False
Lucknow,2019-11-13,362.0,False,205.01,False,58.81,False
Lucknow,2019-11-14,357.0,False,178.75,False,66.02,False
Lucknow,2019-11-15,342.0,False,160.59,False,56.97,False
Lucknow,2019-11-16,326.0,False,150.74,False,57.04,False
Lucknow,2019-11-17,289.0,False,104.57,False,45.35,False
Lucknow,2019-11-18,187.0,False,90.98,False,42.48,False
Lucknow,2019-11-19,225.0,False,110.45,False,54.57,False
Lucknow,2019-11-20,300.0,False,160.93,False,46.02,False
Lucknow,2019-11-21,330.0,False,159.64,False,49.1,False
Lucknow,2019-11-22,327.0,False,152.58,False,54.4,False
Lucknow,2019-11-23,330.0,False,149.87,False,48.49,False
Lucknow,2019-11-24,292.0,False,118.61,False,42.33,False
Lucknow,2019-11-25,276.0,False,157.04,False,63.58,False
Lucknow,2019-11-26,365.0,False,230.11,False,76.96,False
Lucknow,2019-11-27,373.0,False,207.97,False,46.79,False
Lucknow,2019-11-28,377.0,False,212.9,False,37.0,False
Lucknow,2019-11-29,262.0,False,73.1,False,34.38,False
Lucknow,2019-11-30,178.0,False,83.77,False,35.81,False
Lucknow,2019-12-01,207.0,False,97.5,False,32.7,False
Lucknow,2019-12-02,246.0,False,107.21,False,38.19,False
Lucknow,2019-12-03,275.0,False,134.98,False,39.7,False
Lucknow,2019-12-04,291.0,False,153.91,False,56.83,False
Lucknow,2019-12-05,340.0,False,186.49,False,71.21,False
Lucknow,2019-12-06,362.0,False,198.7,False,59.47,False
Lucknow,2019-12-07,343.0,False,161.68,False,56.84,False
Lucknow,2019-12-08,352.0,False,184.31,False,53.69,False
Lucknow,2019-12-09,308.0,False,148.87,False,53.29,False
Lucknow,2019-12-10,314.0,False,162.21,False,56.73,False
Lucknow,2019-12-11,361.0,False,207.35,False,87.6,False
Lucknow,2019-12-12,348.0,False,159.23,False,81.37,False
Lucknow,2019-12-13,304.0,False,107.6,False,17.29,False
Lucknow,2019-12-14,147.0,False,58.15,False,15.38,False
Lucknow,2019-12-15,126.0,False,66.88,False,19.78,False
Lucknow,2019-12-16,153.0,False,76.28,False,18.23,False
Lucknow,2019-12-17,164.0,False,82.48,False,10.94,False
Lucknow,2019-12-18,170.0,False,92.47,False,12.47,False
Lucknow,2019-12-19,251.0,False,139.59,False,19.67,False
Lucknow,2019-12-20,323.0,False,185.45,False,30.62,False
Lucknow,2019-12-21,366.0,False,215.0,False,42.09,False
Lucknow,2019-12-22,365.0,False,177.24,False,30.53,False
Lucknow,2019-12-23,306.0,False,140.5,False,19.6,False
Lucknow,2019-12-24,315.0,False,158.8,False,19.94,False
Lucknow,2019-12-25,307.0,False,186.34,False,18.74,False
Lucknow,2019-12-26,327.0,False,162.49,False,33.24,False
Lucknow,2019-12-27,326.0,False,180.21,False,74.98,False
Lucknow,2019-12-28,352.0,False,184.93,False,82.19,False
Lucknow,2019-12-29,339.0,False,148.01,False,76.29,False
Lucknow,2019-12-30,320.0,False,157.85,False,59.32,False
Lucknow,2019-12-31,350.0,False,244.22,False,92.38,False
Lucknow,2020-01-01,442.0,False,286.23,False,86.74,False
Lucknow,2020-01-02,361.0,False,182.39,False,83.43,False
Lucknow,2020-01-03,313.0,False,123.99,False,80.79,False
Lucknow,2020-01-04,245.0,False,109.44,False,76.78,False
Lucknow,2020-01-05,210.0,False,99.13,False,67.26,False
Lucknow,2020-01-06,262.0,False,135.19,False,70.42,False
Lucknow,2020-01-07,308.0,False,156.42,False,104.77,False
Lucknow,2020-01-08,344.0,False,190.4,False,77.03,False
Lucknow,2020-01-09,247.0,False,100.5,False,50.72,False
Lucknow,2020-01-10,198.0,False,107.48,False,46.27,False
Lucknow,2020-01-11,281.0,False,179.95,False,79.2,False
Lucknow,2020-01-12,377.0,False,227.28,False,86.61,False
Lucknow,2020-01-13,377.0,False,210.89,False,56.48,False
Lucknow,2020-01-14,323.0,False,165.2,False,82.31,False
Lucknow,2020-01-15,354.0,False,179.18,False,97.65,False
Lucknow,2020-01-16,294.0,False,103.3,False,49.16,False
Lucknow,2020-01-17,122.0,False,54.54,False,61.42,False
Lucknow,2020-01-18,161.0,False,79.13,False,56.21,False
Lucknow,2020-01-19,138.0,False,68.76,False,55.46,False
Lucknow,2020-01-20,191.0,False,110.74,False,56.48,False
Lucknow,2020-01-21,256.0,False,139.53,False,81.18,False
Lucknow,2020-01-22,356.0,False,166.91,False,73.59,False
Lucknow,2020-01-23,249.0,False,91.35,False,45.54,False
Lucknow,2020-01-24,156.0,False,90.23,False,53.63,False
Lucknow,2020-01-25,267.0,False,132.72,False,77.48,False
Lucknow,2020-01-26,303.0,False,153.83,False,80.18,False
Lucknow,2020-01-27,337.0,False,150.69,False,84.52,False
Lucknow,2020-01-28,325.0,False,168.34,False,48.86,False
Lucknow,2020-01-29,313.0,False,137.5,False,28.59,False
Lucknow,2020-01-30,195.0,False,52.72,False,36.79,False
Lucknow,2020-01-31,147.0,False,70.64,False,45.07,False
Lucknow,2020-02-01,224.0,False,111.69,False,47.88,False
Lucknow,2020-02-02,216.0,False,102.35,False,41.78,False
Lucknow,2020-02-03,239.0,False,126.7,False,54.62,False
Lucknow,2020-02-04,307.0,False,151.07,False,65.73,False
Lucknow,2020-02-05,278.0,False,126.3,False,42.87,False
Lucknow,2020-02-06,230.0,False,117.93,False,44.36,False
Lucknow,2020-02-07,309.0,False,144.71,False,45.01,False
Lucknow,2020-02-08,248.0,False,127.6,False,53.58,False
Lucknow,2020-02-09,272.0,False,135.9,False,77.57,False
Lucknow,2020-02-10,275.0,False,128.8,False,69.99,False
Lucknow,2020-02-11,267.0,False,125.22,False,65.86,False
Lucknow,2020-02-12,253.0,False,117.26,False,55.38,False
Lucknow,2020-02-13,244.0,False,105.78,False,47.2,False
Lucknow,2020-02-14,192.0,False,102.62,False,31.79,False
Lucknow,2020-02-15,214.0,False,78.38,False,37.93,False
Lucknow,2020-02-16,209.0,False,118.46,False,53.08,False
Lucknow,2020-02-17,283.0,False,131.9,False,47.02,False
Lucknow,2020-02-18,232.0,False,94.18,False,38.99,False
Lucknow,2020-02-19,249.0,False,109.26,False,64.63,False
Lucknow,2020-02-20,227.0,False,110.53,False,36.81,False
Lucknow,2020-02-21,198.0,False,76.06,False,15.99,False
Lucknow,2020-02-22,103.0,False,43.32,False,22.72,False
Lucknow,2020-02-23,173.0,False,112.99,False,32.13,False
Lucknow,2020-02-24,222.0,False,100.96,False,35.17,False
Lucknow,2020-02-25,167.0,False,50.83,False,20.95,False
Lucknow,2020-02-26,97.0,False,43.62,False,32.74,False
Lucknow,2020-02-27,92.0,False,50.0,False,35.33,False
Lucknow,2020-02-28,116.0,False,63.36,False,44.43,False
Lucknow,2020-02-29,147.0,False,76.54,False,40.11,False
Lucknow,2020-03-01,148.0,False,66.13,False,34.18,False
Lucknow,2020-03-02,136.0,False,65.34,False,41.53,False
Lucknow,2020-03-03,144.0,False,77.06,False,41.29,False
Lucknow,2020-03-04,191.0,False,89.44,False,45.89,False
Lucknow,2020-03-05,182.0,False,83.4,False,33.11,False
Lucknow,2020-03-06,125.0,False,46.58,False,23.29,False
Lucknow,2020-03-07,80.0,False,33.25,False,20.67,False
Lucknow,2020-03-08,91.0,False,61.96,False,24.5,False
Lucknow,2020-03-09,128.0,False,45.29,False,25.74,False
Lucknow,2020-03-10,163.0,False,95.33,False,27.43,False
Lucknow,2020-03-11,165.0,False,65.48,False,31.13,False
Lucknow,2020-03-12,112.0,False,62.4,False,30.62,False
Lucknow,2020-03-13,111.0,False,44.03,False,20.47,False
Lucknow,2020-03-14,74.0,False,40.6,False,21.79,False
Lucknow,2020-03-15,96.0,False,44.07,False,19.24,False
Lucknow,2020-03-16,86.0,False,51.06,False,24.55,False
Lucknow,2020-03-17,134.0,False,75.48,False,32.31,False
Lucknow,2020-03-18,164.0,False,74.41,False,29.84,False
Lucknow,2020-03-19,183.0,False,108.53,False,30.95,False
Lucknow,2020-03-20,252.0,False,115.54,False,40.02,False
Lucknow,2020-03-21,219.0,False,80.01,False,23.66,False
Lucknow,2020-03-22,128.0,False,60.47,False,16.31,False
Lucknow,2020-03-23,122.0,False,72.86,False,13.21,False
Lucknow,2020-03-24,207.0,False,100.15,False,16.12,False
Lucknow,2020-03-25,237.0,False,88.32,False,13.21,False
Lucknow,2020-03-26,108.0,False,45.41,False,8.3,False
Lucknow,2020-03-27,77.0,False,45.85,False,8.91,False
Lucknow,2020-03-28,73.0,False,35.31,False,10.39,False
Lucknow,2020-03-29,64.0,False,33.5,False,8.84,False
Lucknow,2020-03-30,69.0,False,39.91,False,8.8,False
Lucknow,2020-03-31,85.0,False,46.17,False,8.99,False
Lucknow,2020-04-01,116.0,False,66.67,False,18.07,False
Lucknow,2020-04-02,115.0,False,49.02,False,10.05,False
Lucknow,2020-04-03,81.0,False,36.76,False,11.08,False
Lucknow,2020-04-04,71.0,False,37.82,False,10.56,False
Lucknow,2020-04-05,91.0,False,54.39,False,12.55,False
Lucknow,2020-04-06,90.0,False,46.26,False,11.21,False
Lucknow,2020-04-07,75.0,False,41.85,False,12.09,False
Lucknow,2020-04-08,77.0,False,46.3,False,17.44,False
Lucknow,2020-04-09,94.0,False,43.45,False,12.21,False
Lucknow,2020-04-10,81.0,False,53.91,False,15.51,False
Lucknow,2020-04-11,121.0,False,65.52,False,21.42,False
Lucknow,2020-04-12,151.0,False,62.39,False,17.93,False
Lucknow,2020-04-13,93.0,False,55.36,False,21.13,False
Lucknow,2020-04-14,157.0,False,80.7,False,25.73,False
Lucknow,2020-04-15,138.0,False,65.8,False,20.53,False
Lucknow,2020-04-16,160.0,False,84.4,False,21.96,False
Lucknow,2020-04-17,211.0,False,79.72,False,25.3,False
Lucknow,2020-04-18,140.0,False,64.07,False,16.42,False
Lucknow,2020-04-19,125.0,False,59.38,False,19.31,False
Lucknow,2020-04-20,91.0,False,49.13,False,14.48,False
Lucknow,2020-04-21,81.0,False,43.27,False,13.5,False
Lucknow,2020-04-22,84.0,False,52.6,False,16.38,False
Lucknow,2020-04-23,112.0,False,68.37,False,23.71,False
Lucknow,2020-04-24,142.0,False,64.63,False,15.6,False
Lucknow,2020-04-25,120.0,False,62.85,False,16.97,False
Lucknow,2020-04-26,95.0,False,45.35,False,10.89,False
Lucknow,2020-04-27,69.0,False,29.19,False,12.94,False
Lucknow,2020-04-28,64.0,False,41.72,False,12.78,False
Lucknow,2020-04-29,74.0,False,44.77,False,13.74,False
Lucknow,2020-04-30,83.0,False,49.27,False,15.08,False
Lucknow,2020-05-01,82.0,False,45.79,False,11.85,False
Lucknow,2020-05-02,67.0,False,37.81,False,11.21,False
Lucknow,2020-05-03,63.0,False,39.83,False,11.84,False
Lucknow,2020-05-04,73.0,False,42.14,False,15.63,False
Lucknow,2020-05-05,83.0,False,35.49,False,13.75,False
Lucknow,2020-05-06,64.0,False,32.63,False,14.18,False
Lucknow,2020-05-07,73.0,False,39.25,False,13.8,False
Lucknow,2020-05-08,77.0,False,50.91,False,14.74,False
Lucknow,2020-05-09,103.0,False,56.14,False,12.32,False
Lucknow,2020-05-10,122.0,False,63.31,False,8.97,False
Lucknow,2020-05-11,140.0,False,59.8,False,12.38,False
Lucknow,2020-05-12,106.0,False,58.92,False,12.95,False
Lucknow,2020-05-13,143.0,False,59.92,False,16.64,False
Lucknow,2020-05-14,107.0,False,55.4,False,14.28,False
Lucknow,2020-05-15,142.0,False,77.19,False,19.73,False
Lucknow,2020-05-16,143.0,False,52.42,False,18.53,False
Lucknow,2020-05-17,107.0,False,64.24,False,22.86,False
Lucknow,2020-05-18,151.0,False,68.13,False,22.77,False
Lucknow,2020-05-19,113.0,False,59.78,False,23.51,False
Lucknow,2020-05-20,209.0,False,101.41,False,15.03,False
Lucknow,2020-05-21,152.0,False,60.52,False,13.77,False
Lucknow,2020-05-22,158.0,False,81.15,False,14.57,False
Lucknow,2020-05-23,164.0,False,57.56,False,9.61,False
Lucknow,2020-05-24,134.0,False,71.25,False,17.58,False
Lucknow,2020-05-25,173.0,False,67.24,False,18.61,False
Lucknow,2020-05-26,147.0,False,71.23,False,18.97,False
Lucknow,2020-05-27,205.0,False,107.05,False,14.3,False
Lucknow,2020-05-28,135.0,False,38.92,False,8.42,False
Lucknow,2020-05-29,78.0,False,46.61,False,9.2,False
Lucknow,2020-05-30,97.0,False,46.72,False,11.29,False
Lucknow,2020-05-31,81.0,False,37.56,False,12.38,False
Lucknow,2020-06-01,85.0,False,47.72,False,14.45,False
Lucknow,2020-06-02,99.0,False,48.38,False,16.23,False
Lucknow,2020-06-03,110.0,False,65.45,False,18.09,False
Lucknow,2020-06-04,142.0,False,61.74,False,10.59,False
Lucknow,2020-06-05,100.0,False,51.38,False,16.4,False
Lucknow,2020-06-06,84.0,False,31.01,False,14.54,False
Lucknow,2020-06-07,70.0,False,29.99,False,13.52,False
Lucknow,2020-06-08,77.0,False,53.23,False,16.9,False
Lucknow,2020-06-09,148.0,False,79.9,False,22.28,False
Lucknow,2020-06-10,193.0,False,91.02,False,15.44,False
Lucknow,2020-06-11,183.0,False,79.09,False,15.07,False
Lucknow,2020-06-12,166.0,False,71.59,False,10.4,False
Lucknow,2020-06-13,117.0,False,51.8,False,10.32,False
Lucknow,2020-06-14,91.0,False,41.87,False,9.22,False
Lucknow,2020-06-15,79.0,False,46.39,False,11.68,False
Lucknow,2020-06-16,76.0,False,31.6,False,9.35,False
Lucknow,2020-06-17,73.0,False,39.69,False,12.42,False
Lucknow,2020-06-18,75.0,False,35.98,False,9.99,False
Lucknow,2020-06-19,70.0,False,35.25,False,8.1,False
Lucknow,2020-06-20,78.0,False,36.49,False,7.85,False
Lucknow,2020-06-21,71.0,False,29.43,False,7.92,False
Lucknow,2020-06-22,64.0,False,29.44,False,7.97,False
Lucknow,2020-06-23,72.0,False,34.52,False,11.73,False
Lucknow,2020-06-24,90.0,False,45.74,False,23.96,False
Lucknow,2020-06-25,116.0,False,54.97,False,28.99,False
Lucknow,2020-06-26,81.0,False,38.9,False,20.1,False
Lucknow,2020-06-27,74.0,False,32.23,False,19.22,False
Lucknow,2020-06-28,77.0,False,34.58,False,17.67,False
Lucknow,2020-06-29,65.0,False,30.19,False,18.47,False
Lucknow,2020-06-30,69.0,False,38.27,False,11.94,False
Lucknow,2020-07-01,76.0,False,34.97,False,14.44,False
