date,city,window,actual,observed,Naive (last value),Seasonal naive (weekly),Seasonal naive (annual),ARIMA,SARIMA,Holt-Winters,LSTM,XGBoost,Prophet
2020-06-02,Delhi,0,24.78,True,22.99,37.78999999999999,30.329999999999995,25.120270253452055,25.912836631863886,22.656346750219143,24.00347221089162,21.95434519588906,30.40079647360084
2020-06-03,Delhi,0,28.02,True,22.99,26.950000000000003,35.99999999999999,25.41323230063975,26.769336780633772,22.911270102406032,25.60230703842758,22.591990492690023,30.433494138849976
2020-06-04,Delhi,0,34.11,True,22.99,17.1,42.68,26.02841951937522,27.924338513962397,22.07514486763651,26.719636326996802,22.59737401062694,29.902727280725383
2020-06-05,Delhi,0,25.87,True,22.99,19.02,44.849999999999994,26.32267156660896,28.812743464318604,22.064715396579167,27.855713616496313,21.66065734627675,29.04155149928323
2020-06-06,Delhi,0,21.25,True,22.99,18.51,35.32000000000001,26.619997779944438,29.730556839428264,21.354812824826034,28.29314348494526,21.816143816946553,27.79288290648976
2020-06-07,Delhi,0,22.65,True,22.99,17.050000000000004,51.00000000000001,26.852998944104474,30.631056004740206,20.550348484846424,28.277701829160417,21.953464101278854,26.520731142351245
2020-06-08,Delhi,0,25.81,True,22.99,22.99,62.84000000000001,27.07377704773702,31.265615342212747,22.073062463782534,28.402789406506432,24.25915541385033,27.7606970074604
2020-06-09,Delhi,0,32.01,True,22.99,37.78999999999999,61.529999999999994,27.27876396080067,31.937727912711516,22.656346750219143,28.081760199691775,27.924565676945964,28.07371623420131
2020-06-10,Delhi,0,34.31,True,22.99,26.950000000000003,49.86000000000001,27.477584943297128,32.60886559737419,22.911270102406032,28.623842246599565,29.181666446536482,27.85230197887253
2020-06-11,Delhi,0,30.94,True,22.99,17.1,30.459999999999997,27.671325565366605,33.221391841785845,22.07514486763651,28.071829919962966,29.34419666792806,27.132668894077714
2020-06-12,Delhi,0,30.05,True,22.99,19.02,34.53,27.862077052626177,33.78113649607942,22.064715396579167,28.210944142837956,29.314036065849333,26.140734390321285
2020-06-13,Delhi,0,25.46,True,22.99,18.51,37.07000000000001,28.050436898107165,34.290182167924556,21.354812824826034,27.873193387764115,29.001339112400633,24.833441822252265
2020-06-14,Delhi,0,26.01,True,22.99,17.050000000000004,47.15,28.236922910546664,34.750011107717725,20.550348484846424,27.695824703273185,27.25907627373198,23.542233467313203
2020-06-15,Delhi,0,25.95,True,22.99,22.99,20.559999999999995,28.4217448782046,35.16211144069257,22.073062463782534,27.294484604252407,28.530564332247128,24.51569147556853
2020-06-16,Delhi,0,24.58,True,22.99,37.78999999999999,27.509999999999998,28.605040077561725,35.52807544587412,22.656346750219143,27.481465420740694,30.78744491336348,24.685467809530877
2020-06-17,Delhi,0,16.94,True,22.99,26.950000000000003,32.32000000000001,28.786872153987726,35.84959829602877,22.911270102406032,27.134993159572627,33.761511726988964,24.40914780219458
2020-06-18,Delhi,0,18.32,True,22.99,17.1,37.14000000000001,28.96727715621775,36.12845904850692,22.07514486763651,27.156602498992843,32.57598608002806,23.72267524111417
2020-06-19,Delhi,0,17.78,True,22.99,19.02,31.189999999999998,29.14627185199816,36.366500146477314,22.064715396579167,26.652029333494895,30.44881043330891,22.824938259423448
2020-06-20,Delhi,0,20.37,True,22.99,18.51,44.779999999999994,29.323864299467548,36.565608556689675,21.354812824826034,25.944599848417898,29.760125510049246,21.675551240056592
2020-06-21,Delhi,0,23.7,True,22.99,17.050000000000004,44.120000000000005,29.500057433292064,36.727699034405,20.550348484846424,26.42474107149133,28.741994554879646,20.561291925360102
2020-06-22,Delhi,0,20.61,True,22.99,22.99,23.020000000000003,29.67485179746319,36.85469947423216,22.073062463782534,26.76278564202632,29.01629234983414,21.456636908313456
2020-06-23,Delhi,0,16.39,True,22.99,37.78999999999999,25.929999999999996,29.848246749282517,36.94853819792465,22.656346750219143,26.904467621176938,30.00357545981864,21.665110049401935
2020-06-24,Delhi,0,16.84,True,22.99,26.950000000000003,32.24,30.02024121242284,37.011133010559,22.911270102406032,26.85456791778016,32.10938889344569,21.496168891941142
2020-06-25,Delhi,0,21.41,True,22.99,17.1,37.39,30.19083404654969,37.04438185706219,22.07514486763651,26.75619090395345,32.62793955919285,20.97512992203918
2020-06-26,Delhi,0,22.06,True,22.99,19.02,39.94,30.360024257455436,37.05015491751072,22.064715396579167,27.193675831212087,31.823067449706173,20.271878707390346
2020-06-27,Delhi,0,21.46,True,22.99,18.51,38.37,30.52781110248567,37.03028798854633,21.354812824826034,27.10796529161936,31.3892274062502,19.344172507524572
2020-06-28,Delhi,0,21.6,True,22.99,17.050000000000004,34.56000000000001,30.694194145334457,36.98657700845281,20.550348484846424,27.833511507638363,30.950302912430125,18.443945604609834
2020-06-29,Delhi,0,21.57,True,22.99,22.99,33.03,30.85917328097944,36.92077359428073,22.073062463782534,27.90142700673709,32.46861708282236,19.358774965987017
2020-06-30,Delhi,0,17.96,True,22.99,37.78999999999999,31.090000000000003,31.022748745211004,36.834581470469544,22.656346750219143,27.95952621056477,32.464260537477884,19.657846875320438
2020-07-01,Delhi,0,21.05,True,22.99,26.950000000000003,28.130000000000006,31.18492111550927,36.72965367937128,22.911270102406032,28.522222692217795,31.122495209816122,19.612753449905725
2020-02-03,Delhi,1,53.71,True,45.28,67.08999999999999,34.53,46.13471466648861,45.52135912004978,48.28812471782717,47.0305251994372,49.9252143616072,46.15970894841192
2020-02-04,Delhi,1,64.8,True,45.28,42.00999999999999,52.85000000000001,45.983556778822454,45.97130242421922,49.424832140107526,47.97873644257169,50.937201932465,47.88838201139236
2020-02-05,Delhi,1,53.35,True,45.28,42.24,75.88999999999997,46.14084527928058,45.884842870655426,51.30128785025337,48.903454185361454,52.26058690577377,49.021853825544554
2020-02-06,Delhi,1,51.82,True,45.28,45.04,50.55,46.154910346028025,45.729666998793014,49.866736828897345,48.38261474114015,52.73924186143772,49.50966633337026
2020-02-07,Delhi,1,58.46,True,45.28,47.35,30.799999999999997,46.20386677850531,45.5703954587467,48.17886455204597,49.00851502917069,49.92532363537968,49.10562103566057
2020-02-08,Delhi,1,47.55,True,45.28,44.25000000000001,39.239999999999995,46.23076638046138,45.53954006893125,47.29047141037087,49.233651216141006,47.16588330558209,48.122187609449185
2020-02-09,Delhi,1,50.75,True,45.28,45.28,38.31,46.26037349989487,45.40762474447829,44.62968806193219,49.219875321749385,45.07254055798796,46.94320839168347
2020-02-10,Delhi,1,56.48,True,45.28,67.08999999999999,49.26,46.2859153453528,45.27983395282272,48.28812471782717,48.790458002373164,47.474792035498005,50.14733111086862
2020-02-11,Delhi,1,60.12,True,45.28,42.00999999999999,58.56,46.311032223068494,45.16492951626689,49.424832140107526,49.30985963361627,47.79325456877212,51.755784886090716
2020-02-12,Delhi,1,55.96,True,45.28,42.24,66.37000000000002,46.33504230167029,45.047161832827044,51.30128785025337,49.13949547401801,45.804906407800765,52.58015317716877
2020-02-13,Delhi,1,41.59,True,45.28,45.04,70.03999999999999,46.3585379444364,44.927974904349746,49.866736828897345,49.01318426980375,44.16479868027296,52.582798796354616
2020-02-14,Delhi,1,34.6,True,45.28,47.35,53.150000000000006,46.381492912251055,44.80846028208835,48.17886455204597,49.33676576300684,42.54860282511772,51.53554858414033
2020-02-15,Delhi,1,44.57,True,45.28,44.25000000000001,44.28,46.4040213367768,44.68955761606026,47.29047141037087,48.838082012520125,42.3688540643532,49.812703308122934
2020-02-16,Delhi,1,57.15,True,45.28,45.28,33.32999999999999,46.426141531417144,44.572116588305164,44.62968806193219,49.44736260225625,42.350545895101945,47.85195367669458
2020-02-17,Delhi,1,61.17,True,45.28,67.08999999999999,42.589999999999996,46.44788245100278,44.45691810137049,48.28812471782717,49.20622843634001,46.229924041026734,50.2750618491223
2020-02-18,Delhi,1,59.91,True,45.28,42.00999999999999,56.119999999999976,46.46925624885638,44.34468335299991,49.424832140107526,49.307424715026194,48.24733991637157,50.987302390046246
2020-02-19,Delhi,1,59.9,True,45.28,42.24,55.44000000000001,46.49027419019813,44.236079175029914,51.30128785025337,50.12863650877219,47.750637445468065,50.873610981834695
2020-02-20,Delhi,1,44.05,True,45.28,45.04,51.879999999999995,46.51094407547332,44.13172209235602,49.866736828897345,50.11892589618619,45.05898761750624,49.958302429439584
2020-02-21,Delhi,1,33.27,True,45.28,47.35,47.15,46.531272882622844,44.03218182691065,48.17886455204597,48.96991487637687,43.012635231624,48.08882959094843
2020-02-22,Delhi,1,41.23,True,45.28,44.25000000000001,33.95,46.55126672379201,43.93798446608443,47.29047141037087,49.679344482869205,42.55404375008954,45.67588170165392
2020-02-23,Delhi,1,42.24,True,45.28,45.28,36.12,46.570931350921896,43.849615367588264,44.62968806193219,49.53298642006246,42.15080736461596,43.156585653262475
2020-02-24,Delhi,1,44.2,True,45.28,67.08999999999999,46.26,46.590272235223345,43.767521829824204,48.28812471782717,50.35914718547671,45.60337192124689,44.66221509952648
2020-02-25,Delhi,1,46.76,True,45.28,42.00999999999999,53.860000000000014,46.60929467959234,43.69211554429886,49.424832140107526,50.18768069635226,47.92491050422693,44.68328925147446
2020-02-26,Delhi,1,50.67,True,45.28,42.24,50.309999999999995,46.62800385407258,43.623774842848235,51.30128785025337,50.05068452705501,47.85490300601083,44.06091438964407
2020-02-27,Delhi,1,46.15,True,45.28,45.04,35.07000000000001,46.64640482442903,43.562846751148676,49.866736828897345,50.04140395109172,46.162780460975384,42.84697646450184
2020-02-28,Delhi,1,33.92,True,45.28,47.35,45.02000000000001,46.664502564606465,43.50964885935448,48.17886455204597,50.191108901806096,44.67653467262246,40.93045335273966
2020-02-29,Delhi,1,33.98,True,45.28,44.25000000000001,48.870000000000005,46.6823019650672,43.46447102021445,47.29047141037087,49.84504781122893,42.842833645556404,38.670177032950555
2020-03-01,Delhi,1,40.73,True,45.28,45.28,62.05000000000001,46.69980783728811,43.42757688454652,44.62968806193219,50.380057064264605,41.63950422195801,36.43030752336484
2020-03-02,Delhi,1,50.23,True,45.28,67.08999999999999,40.61,46.717024916790166,43.3992052834673,48.28812471782717,50.10539959433564,45.06204052518941,37.697155401972736
2020-03-03,Delhi,1,46.6,True,45.28,42.00999999999999,40.10000000000001,46.733957865164555,43.37957146628392,49.424832140107526,51.17302347686097,46.82969563433984,37.79674623378153
2019-10-06,Delhi,2,36.98,True,33.82,22.84,44.71000000000001,33.63444552992449,35.62131369380207,31.928681438890294,37.16236061786264,32.47658161138081,37.55904248700132
2019-10-07,Delhi,2,33.46,True,33.82,27.890000000000004,44.809999999999995,33.15007022599522,36.786552624600326,34.981899628424046,38.795825728851696,31.81802813144607,40.67717611989682
2019-10-08,Delhi,2,33.4,True,33.82,28.000000000000004,56.21000000000002,33.14426395689146,37.865867337500475,35.671326098203174,40.15492789255266,32.1515454179496,42.636144244305164
2019-10-09,Delhi,2,45.5,True,33.82,29.719999999999995,54.24,33.15478370136593,38.83633706993783,35.72721167497394,41.11180613927797,32.34588593136214,43.827449030951726
2019-10-10,Delhi,2,50.32,True,33.82,36.769999999999996,47.72999999999999,33.262507383521914,39.64834191396603,34.89657928259984,41.9346527554926,33.16870208932173,44.66414322097381
2019-10-11,Delhi,2,48.05,True,33.82,34.07,37.74000000000001,33.388386034155005,40.66640173510402,34.33316889448023,43.70014637831776,35.123913523114695,44.84272650964685
2019-10-12,Delhi,2,48.54,True,33.82,33.82,44.48,33.53591190974458,41.60588319649336,33.77561613972062,44.75964697377677,34.69496292977857,44.40215154846298
2019-10-13,Delhi,2,51.27,True,33.82,22.84,49.89,33.68965743958768,42.478019347811255,31.928681438890294,44.43948780349178,32.96961478019864,43.91060015812265
2019-10-14,Delhi,2,50.83,True,33.82,27.890000000000004,47.339999999999996,33.847798515180706,43.33976011064878,34.981899628424046,45.801931624733875,33.9071589783846,47.591727781222836
2019-10-15,Delhi,2,58.61,True,33.82,28.000000000000004,55.44000000000001,34.00689888933815,44.186811033700586,35.671326098203174,46.512434405301995,35.225789081294195,49.88904402729104
2019-10-16,Delhi,2,53.03,True,33.82,29.719999999999995,64.18000000000002,34.166023077027134,45.01565293258565,35.72721167497394,46.77148388101105,35.2642263951633,51.25077299895221
2019-10-17,Delhi,2,46.51,True,33.82,36.769999999999996,52.81000000000001,34.32432021450331,45.825589976004565,34.89657928259984,47.147672005276284,34.77927217731621,52.154737831135044
2019-10-18,Delhi,2,39.62,True,33.82,34.07,57.63999999999998,34.48146296853927,46.61661521127727,34.33316889448023,49.19573129884093,34.946054520820596,52.247471738575975
2019-10-19,Delhi,2,51.37,True,33.82,33.82,54.31,34.6372280111654,47.388889843192985,33.77561613972062,49.135001062090375,33.8150422997712,51.57924170215754
2019-10-20,Delhi,2,48.83,True,33.82,22.84,54.039999999999985,34.79151606766013,48.14261466959695,31.928681438890294,49.94147102186381,33.12334018856188,50.81483239899776
2019-10-21,Delhi,2,51.05,True,33.82,27.890000000000004,55.769999999999996,34.94426975293815,48.87799704781105,34.981899628424046,50.625109644320425,35.60325730069812,54.809815107382946
2019-10-22,Delhi,2,50.05,True,33.82,28.000000000000004,55.49,35.095464052405454,49.59524137975416,35.671326098203174,52.044084050661844,37.17477507654191,57.14543968796361
2019-10-23,Delhi,2,57.92,True,33.82,29.719999999999995,63.31999999999999,35.24508800038718,50.29454561640865,35.72721167497394,51.35055462042388,38.389314636704164,58.35512585024805
2019-10-24,Delhi,2,67.36,True,33.82,36.769999999999996,77.71999999999997,35.393139701896956,50.97609950397527,34.89657928259984,53.25681095287979,38.600947113149175,58.99973763005142
2019-10-25,Delhi,2,52.55,True,33.82,34.07,72.23,35.539621770322526,51.64008350064333,34.33316889448023,53.59305628470889,38.0961862286383,58.69770173787113
2019-10-26,Delhi,2,56.43,True,33.82,33.82,74.03999999999998,35.68453955217586,52.2866680722865,33.77561613972062,54.865885851887235,36.095143258123315,57.53009485586894
2019-10-27,Delhi,2,48.37,True,33.82,22.84,77.30000000000003,35.82789989808958,52.91601326691495,31.928681438890294,56.14201644024903,35.13496519469979,56.257030730457934
2019-10-28,Delhi,2,48.45,True,33.82,27.890000000000004,57.660000000000025,35.969710591969836,53.52826851688111,34.981899628424046,56.25064782817916,37.5661789000744,60.213711006485646
2019-10-29,Delhi,2,60.03,True,33.82,28.000000000000004,62.22,36.10998000045489,54.12357263240295,35.671326098203174,57.6279948659266,39.383401866843585,62.30252940829278
2019-10-30,Delhi,2,63.87,True,33.82,29.719999999999995,70.45999999999998,36.248716892970144,54.70205395602329,35.72721167497394,57.84851222493458,39.71724397553687,63.148121307929486
2019-10-31,Delhi,2,71.37,True,33.82,36.769999999999996,68.01999999999997,36.385930334994605,55.2638306514535,34.89657928259984,58.54346311854672,39.39288671151436,63.38653034794335
2019-11-01,Delhi,2,73.61,True,33.82,34.07,71.62999999999997,36.521629628295436,55.809011103344744,34.33316889448023,58.08551956858741,39.01472887391621,62.63054833057151
2019-11-02,Delhi,2,54.1,True,33.82,33.82,65.97999999999998,36.65582427396123,56.3376944072952,33.77561613972062,60.152883093834895,38.024041096926595,60.99115943472458
2019-11-03,Delhi,2,49.67,True,33.82,22.84,47.39000000000001,36.78852394889048,56.8499709319091,31.928681438890294,60.247353518332496,38.298531917917565,59.28834791749016
2019-11-04,Delhi,2,44.53,True,33.82,27.890000000000004,34.18,36.91973848926947,57.345922936996644,34.981899628424046,62.32107274901864,40.34468413001717,63.112564175862715
2019-06-08,Delhi,3,51.0,True,35.32000000000001,57.23999999999999,31.269999999999996,37.47627771462586,36.8877029313289,36.14368869386471,43.49741908759745,35.76725289749139,45.87023228771284
2019-06-09,Delhi,3,62.84,True,35.32000000000001,32.220000000000006,27.39,40.61247969282207,40.76289825256869,35.345605874370165,45.77341991111493,36.48360927300793,44.12818275382591
2019-06-10,Delhi,3,61.53,True,35.32000000000001,30.329999999999995,34.22999999999999,41.67439929332251,41.87442369910248,37.75558044951841,45.1633909022841,41.80064502129457,46.089647556761996
2019-06-11,Delhi,3,49.86,True,35.32000000000001,35.99999999999999,34.849999999999994,42.61781052973793,42.09232697412078,37.96583539478352,44.32545515436272,45.753446356726386,46.57751479351899
2019-06-12,Delhi,3,30.46,True,35.32000000000001,42.68,31.71999999999999,43.0496017732469,42.12751100201619,38.60956396168687,44.10370216596592,48.073521226582294,46.19594109327226
2019-06-13,Delhi,3,34.53,True,35.32000000000001,44.849999999999994,25.749999999999996,43.374500842049486,42.241576340067645,37.84654148557992,44.44800749580043,46.40296493961788,45.42373081290367
2019-06-14,Delhi,3,37.07,True,35.32000000000001,35.32000000000001,25.370000000000005,43.56846213436173,42.704104540230546,36.73762426082615,42.85936477579247,45.90875699402154,43.77859661410998
2019-06-15,Delhi,3,47.15,True,35.32000000000001,57.23999999999999,24.61,43.7185914127506,42.73199768819024,36.14368869386471,44.79690598740236,44.241338701487514,41.6179300593349
2019-06-16,Delhi,3,20.56,True,35.32000000000001,32.220000000000006,25.000000000000004,43.83281025154907,42.66667501180303,35.345605874370165,45.46831522562712,42.040373987558965,39.75375757557133
2019-06-17,Delhi,3,27.51,True,35.32000000000001,30.329999999999995,22.779999999999998,43.93142084732867,42.63924563869736,37.75558044951841,44.4680330506194,47.86517754866816,41.26894584534972
2019-06-18,Delhi,3,32.32,True,35.32000000000001,35.99999999999999,26.679999999999996,44.019174372128674,42.59564612740937,37.96583539478352,44.307728370001904,51.53815908704931,41.48803199158151
2019-06-19,Delhi,3,37.14,True,35.32000000000001,42.68,26.520000000000003,44.101205351200115,42.5246081168471,38.60956396168687,43.98125472105978,49.3180354838971,40.972211657593554
2019-06-20,Delhi,3,31.19,True,35.32000000000001,44.849999999999994,33.71000000000001,44.17931349833646,42.42511078200699,37.84654148557992,43.598735890268024,48.42700623258476,40.15597472401309
2019-06-21,Delhi,3,44.78,True,35.32000000000001,35.32000000000001,34.82000000000001,44.25488947939363,42.29855576321871,36.73762426082615,44.264993999870335,46.39940502282071,38.61421754279022
2019-06-22,Delhi,3,44.12,True,35.32000000000001,57.23999999999999,45.06000000000001,44.32853835831141,42.14688027549215,36.14368869386471,44.272959248523314,45.28329838048138,36.662635089923775
2019-06-23,Delhi,3,23.02,True,35.32000000000001,32.220000000000006,44.23,44.40066064017656,41.972100187920404,35.345605874370165,45.19902644254355,42.39776382960142,35.013157966398644
2019-06-24,Delhi,3,25.93,True,35.32000000000001,30.329999999999995,34.980000000000004,44.47145597535826,41.776197910334176,37.75558044951841,45.33513877553978,44.8648747352049,36.385689743204345
2019-06-25,Delhi,3,32.24,True,35.32000000000001,35.99999999999999,34.92,44.54104997679336,41.56109381066209,37.96583539478352,44.54345786816924,45.78606238217099,36.64656852062038
2019-06-26,Delhi,3,37.39,True,35.32000000000001,42.68,34.16,44.60951366574367,41.32863823793073,38.60956396168687,44.378975272809804,47.75833251692463,36.285635165789735
2019-06-27,Delhi,3,39.94,True,35.32000000000001,44.849999999999994,31.0,44.67689387629651,41.08060895702949,37.84654148557992,44.6497998140122,48.74515351465787,35.68051246297885
2019-06-28,Delhi,3,38.37,True,35.32000000000001,35.32000000000001,29.009999999999994,44.74322194501657,40.81871028421408,36.73762426082615,42.75561995653061,46.476188950124815,34.44293816005
2019-06-29,Delhi,3,34.56,True,35.32000000000001,57.23999999999999,30.43,44.808521590101805,40.54457297765331,36.14368869386471,43.49315885641483,44.31199064043612,32.84289497167025
2019-06-30,Delhi,3,33.03,True,35.32000000000001,32.220000000000006,32.89000000000001,44.872811955322184,40.25975460728518,35.345605874370165,44.20503505071909,37.743531980146024,31.512167798690534
2019-07-01,Delhi,3,31.09,True,35.32000000000001,30.329999999999995,28.460000000000004,44.93610976772573,39.96574029449755,37.75558044951841,43.48049487309231,35.907301524123994,32.91690183173704
2019-07-02,Delhi,3,28.13,True,35.32000000000001,35.99999999999999,25.739999999999995,44.99843031523619,39.66394375698913,37.96583539478352,43.08017927020378,32.82038761851823,33.32503876860104
2019-07-03,Delhi,3,26.57,True,35.32000000000001,42.68,37.27000000000001,45.05978805853925,39.355708609392316,38.60956396168687,43.903035535923415,30.859706629590796,33.166877817360046
2019-07-04,Delhi,3,29.23,True,35.32000000000001,44.849999999999994,31.17,45.120196933073046,39.04230987788469,37.84654148557992,42.396909228504505,31.955768098472255,32.77847355021997
2019-07-05,Delhi,3,34.77,True,35.32000000000001,35.32000000000001,38.05,45.17967052615374,38.72495569241993,36.73762426082615,43.41245611401772,32.06655278605673,31.794702999291623
2019-07-06,Delhi,3,29.91,True,35.32000000000001,57.23999999999999,36.709999999999994,45.23822216853069,38.4047891246688,36.14368869386471,43.268996980258294,28.8155627911517,30.456624260649818
2019-07-07,Delhi,3,28.87,True,35.32000000000001,32.220000000000006,34.42999999999999,45.29586498631257,38.08289014363489,35.345605874370165,44.183984190985036,29.8262592405315,29.348894513327515
2019-02-08,Delhi,4,39.24,True,30.799999999999997,50.75,74.83000000000001,35.72111211220658,35.22824474023049,33.425852443042366,48.16735525601975,37.3670826440109,55.341865018252065
2019-02-09,Delhi,4,38.31,True,30.799999999999997,35.88999999999999,74.49999999999999,41.34823266548159,41.10206848783354,32.952008577141605,49.883517129918225,44.40254717703316,54.20609180645346
2019-02-10,Delhi,4,49.26,True,30.799999999999997,34.53,99.05999999999999,43.02652342924368,42.60901803930169,31.497901066223655,50.37205808706266,46.89712633290721,53.1745643057084
2019-02-11,Delhi,4,58.56,True,30.799999999999997,52.85000000000001,62.39999999999997,44.18672797981302,42.422265105857065,32.61004144608365,50.7945319047281,50.810840892659286,56.35662476416323
2019-02-12,Delhi,4,66.37,True,30.799999999999997,75.88999999999997,33.07999999999999,44.984391991689286,42.09095520019164,33.710798604672306,51.284198685172974,50.2092652154624,58.104808898324926
2019-02-13,Delhi,4,70.04,True,30.799999999999997,50.55,46.48,45.53300804608025,42.86002484705022,34.067621901020146,51.58698382091249,50.233384143029966,58.53755936953916
2019-02-14,Delhi,4,53.15,True,30.799999999999997,30.799999999999997,34.92,45.91254742508899,43.75522531111724,34.80078429431269,51.83979514966933,53.11130293934111,58.72488291048207
2019-02-15,Delhi,4,44.28,True,30.799999999999997,50.75,38.54,46.17814933695663,43.66520276348998,33.425852443042366,51.75540372874121,55.97513455783779,57.77349872595362
2019-02-16,Delhi,4,33.33,True,30.799999999999997,35.88999999999999,48.32999999999999,46.36730857811155,43.53035598284391,32.952008577141605,52.099747471034014,57.80090453335547,55.59203644625638
2019-02-17,Delhi,4,42.59,True,30.799999999999997,34.53,49.9,46.50529483483716,43.54716576549033,31.497901066223655,51.894378734931955,56.01030061839001,53.49554674584023
2019-02-18,Delhi,4,56.12,True,30.799999999999997,52.85000000000001,50.940000000000005,46.60904017241683,43.588056223890575,32.61004144608365,51.43501095995202,61.9983995181005,55.55805009215459
2019-02-19,Delhi,4,55.44,True,30.799999999999997,75.88999999999997,71.76000000000002,46.68984742520067,43.6264788556547,33.710798604672306,52.02492608037286,60.317951990382745,56.09593343919239
2019-02-20,Delhi,4,51.88,True,30.799999999999997,50.55,68.28999999999998,46.75524354009987,43.65784146884834,34.067621901020146,51.291386050775884,57.523810534797796,55.33195310195224
2019-02-21,Delhi,4,47.15,True,30.799999999999997,30.799999999999997,92.54,46.810233505946336,43.6822822164851,34.80078429431269,52.1462638206497,58.778825650783325,54.35987696938993
2019-02-22,Delhi,4,33.95,True,30.799999999999997,50.75,66.39999999999998,46.85814256831974,43.700901860083356,33.425852443042366,51.941350227386714,57.2750534883966,52.403961444411
2019-02-23,Delhi,4,36.12,True,30.799999999999997,35.88999999999999,70.77000000000002,46.90117923752765,43.714941523656066,32.952008577141605,51.25216115903567,56.58259040282735,49.460270296887124
2019-02-24,Delhi,4,46.26,True,30.799999999999997,34.53,62.65999999999998,46.94081048541453,43.72560578299515,31.497901066223655,51.91470998696327,56.89057839705324,46.749693611141616
2019-02-25,Delhi,4,53.86,True,30.799999999999997,52.85000000000001,42.879999999999995,46.978011272372335,43.734027144846245,32.61004144608365,51.56230833062736,59.31226394585752,47.784315834746906
2019-02-26,Delhi,4,50.31,True,30.799999999999997,75.88999999999997,33.59000000000001,47.01343027340093,43.74126147007873,33.710798604672306,50.519183119727906,57.86989153438808,47.58003807171446
2019-02-27,Delhi,4,35.07,True,30.799999999999997,50.55,43.120000000000005,47.04749984865415,43.74829011546168,34.067621901020146,50.45793110018596,59.07698547744597,46.38861228860221
2019-02-28,Delhi,4,45.02,True,30.799999999999997,30.799999999999997,52.5,47.08050897313385,43.756023462261545,34.80078429431269,51.09819342320705,58.64073727615592,45.160065343397044
2019-03-01,Delhi,4,48.87,True,30.799999999999997,50.75,51.74000000000001,47.11265158272318,43.76530464350601,33.425852443042366,51.381045574169825,57.122393597915185,43.2531246951354
2019-03-02,Delhi,4,62.05,True,30.799999999999997,35.88999999999999,50.64000000000001,47.14405861494892,43.77691319401354,32.952008577141605,51.545851985203804,57.05680171300031,40.66795991609275
2019-03-03,Delhi,4,40.61,True,30.799999999999997,34.53,41.07000000000001,47.174819239891505,43.79156855118291,31.497901066223655,51.32102538807931,57.48165926078119,38.400224572987554
2019-03-04,Delhi,4,40.1,True,30.799999999999997,52.85000000000001,39.02,47.20499492662308,43.80993338266496,32.61004144608365,51.40868561386372,59.36986721167448,39.33312054547025
2019-03-05,Delhi,4,40.05,True,30.799999999999997,75.88999999999997,39.580000000000005,47.234628762172825,43.832616730478925,33.710798604672306,51.70756977517062,61.928055152836485,39.348870503662155
2019-03-06,Delhi,4,45.3,True,30.799999999999997,50.55,37.92,47.26375162504855,43.86017696647693,34.067621901020146,51.266923330418,58.57113101197954,38.638331657917
2019-03-07,Delhi,4,51.9,True,30.799999999999997,30.799999999999997,45.599999999999994,47.2923862749368,43.89312455719218,34.80078429431269,51.45027885859224,57.38658880941285,37.97339644534741
2019-03-08,Delhi,4,51.75,True,30.799999999999997,50.75,79.5,47.320550061985664,43.93192463839128,33.425852443042366,51.46658462249593,54.51099218351209,36.79177868909065
2019-03-09,Delhi,4,40.84,True,30.799999999999997,35.88999999999999,65.86,47.34825672168069,43.976999401435606,32.952008577141605,51.679008528305474,52.6333618524978,35.05632445274857
2018-10-11,Delhi,5,37.74,True,47.72999999999999,48.010000000000005,30.92,45.859534761398564,48.84933903798121,50.462785875975364,58.215136897198285,49.819910733083276,41.16251601392866
2018-10-12,Delhi,5,44.48,True,47.72999999999999,53.68999999999999,31.1,45.14943129384042,50.66330546380657,49.348147597176826,58.50280355157802,53.65483034624902,41.31312816279676
2018-10-13,Delhi,5,49.89,True,47.72999999999999,44.71000000000001,29.16,44.54134604400497,52.13635115564393,46.92089637421332,60.59877382657356,56.45236957080097,40.44168646509333
2018-10-14,Delhi,5,47.34,True,47.72999999999999,44.809999999999995,30.140000000000004,44.15428605971453,52.999608169255154,43.94061070872635,60.729794855408215,56.096649960737196,39.734303224971754
2018-10-15,Delhi,5,55.44,True,47.72999999999999,56.21000000000002,30.0,43.9148095887557,53.231066591034754,47.84431735749568,61.84811001875673,58.275623045994465,42.570070567462984
2018-10-16,Delhi,5,64.18,True,47.72999999999999,54.24,58.53000000000001,43.77443012614996,54.0829210653063,48.4779175589508,62.439355943057926,61.11303318443664,44.28116711939102
2018-10-17,Delhi,5,52.81,True,47.72999999999999,47.72999999999999,57.07999999999998,43.700794827592404,55.12009373518429,49.30282576992602,63.52322553705201,55.99847653079834,45.196361790285906
2018-10-18,Delhi,5,57.64,True,47.72999999999999,48.010000000000005,63.14999999999998,43.67215677115891,55.78764096928624,50.462785875975364,62.64998614144327,57.71192179269591,46.11271358123688
2018-10-19,Delhi,5,54.31,True,47.72999999999999,53.68999999999999,53.50999999999999,43.67382432823866,56.41019608236481,49.348147597176826,64.44894137035764,57.25791099262945,46.31600145485357
2018-10-20,Delhi,5,54.04,True,47.72999999999999,44.71000000000001,54.760000000000005,43.69583845161695,57.07147648287844,46.92089637421332,62.95383504601088,56.12066817045848,45.35954718361001
2018-10-21,Delhi,5,55.77,True,47.72999999999999,44.809999999999995,50.13,43.73143307125863,57.731434226407615,43.94061070872635,62.71641963928497,56.224754737402456,44.567908910628326
2018-10-22,Delhi,5,55.49,True,47.72999999999999,56.21000000000002,55.880000000000024,43.77600498152915,58.38124139133212,47.84431735749568,65.71126413073796,59.922493098296364,47.718923674208845
2018-10-23,Delhi,5,63.32,True,47.72999999999999,54.24,64.25000000000001,43.8264200840469,59.01867099267268,48.4779175589508,66.9398116952727,58.31288778697015,49.58733157854315
2018-10-24,Delhi,5,77.72,True,47.72999999999999,47.72999999999999,81.33000000000003,43.880544026332565,59.64289574770528,49.30282576992602,66.61890830658295,58.14569095991643,50.54027104669513
2018-10-25,Delhi,5,72.23,True,47.72999999999999,48.010000000000005,80.61999999999996,43.936923656829954,60.253389422067535,50.462785875975364,67.27001694512448,57.62318552335278,51.46782660587291
2018-10-26,Delhi,5,74.04,True,47.72999999999999,53.68999999999999,90.56,43.994570369510186,60.84969585821962,49.348147597176826,68.2151717821887,56.22843858604417,51.57589089434721
2018-10-27,Delhi,5,77.3,True,47.72999999999999,44.71000000000001,65.43999999999998,44.05281253090508,61.43138147091381,46.92089637421332,68.65032668393071,58.048949733984365,50.37597836189484
2018-10-28,Delhi,5,57.66,True,47.72999999999999,44.809999999999995,84.45000000000003,44.11119486154989,61.99802648405548,43.94061070872635,68.52525289445965,52.6683974040648,49.34497857260128
2018-10-29,Delhi,5,62.22,True,47.72999999999999,56.21000000000002,60.60999999999999,44.16940978562182,62.54922430037072,47.84431735749568,70.73117199960215,56.15014648645944,52.644257275729714
2018-10-30,Delhi,5,70.46,True,47.72999999999999,54.24,69.51000000000003,44.22725057067317,63.084582528581905,48.4779175589508,70.15745860615299,55.61062614576278,54.49695991495783
2018-10-31,Delhi,5,68.02,True,47.72999999999999,47.72999999999999,53.08,44.28457933145913,63.6037242952077,49.30282576992602,70.54332589507952,53.18330045241273,55.32120714443286
2018-11-01,Delhi,5,71.63,True,47.72999999999999,48.010000000000005,46.83,44.34130517861941,64.10628954696489,50.462785875975364,72.05175808056885,54.36332916412442,56.09988976245181
2018-11-02,Delhi,5,65.98,True,47.72999999999999,53.68999999999999,47.7,44.39736929372813,64.59193627820333,49.348147597176826,72.05007847644809,54.20518610372827,55.97542370721527
2018-11-03,Delhi,5,47.39,True,47.72999999999999,44.71000000000001,46.49,44.45273473439991,65.06034166659026,46.92089637421332,74.30285967543192,52.26344410293583,54.43483940131602
2018-11-04,Delhi,5,34.18,True,47.72999999999999,44.809999999999995,47.279999999999994,44.50737947006731,65.5112031111227,43.94061070872635,71.31757632594679,52.387683350502044,53.085711806211805
2018-11-05,Delhi,5,48.25,True,47.72999999999999,56.21000000000002,60.559999999999995,44.56129162455004,65.94423916937164,47.84431735749568,72.21906553903317,54.75823881277219,56.378739368536586
2018-11-06,Delhi,5,43.78,True,47.72999999999999,54.24,57.270000000000024,44.61446622611853,66.35919039201583,48.4779175589508,72.53787205335863,56.16437344261114,58.10278171226641
2018-11-07,Delhi,5,45.14,True,47.72999999999999,47.72999999999999,65.16999999999999,44.66690298738773,66.75582005350135,49.30282576992602,73.97158811300022,54.34931291431764,58.72261428851392
2018-11-08,Delhi,5,64.57,True,47.72999999999999,48.010000000000005,77.50999999999998,44.718604788742404,67.13391477835918,50.462785875975364,72.57775709253815,54.84841703408207,59.29070327548859
2018-11-09,Delhi,5,68.25,True,47.72999999999999,53.68999999999999,81.66999999999997,44.76957664238708,67.4932850633684,49.348147597176826,74.27761187039259,54.758265400378676,58.905837353518436
2020-06-02,Bengaluru,0,9.76,True,9.72,16.47,23.54,11.706340145964198,11.6869416853872,11.062736553679786,13.39058764665648,11.113249924973493,11.87271016841956
2020-06-03,Bengaluru,0,9.78,True,9.72,18.540000000000003,24.48,13.156326597222344,13.112230109259139,10.93874750758559,13.031194543945832,11.673009393291409,11.859098732552436
2020-06-04,Bengaluru,0,11.51,True,9.72,14.849999999999998,23.56,13.891826816508896,13.702511719017044,11.333407869976567,13.494684037550153,12.04125581873746,12.146507940351094
2020-06-05,Bengaluru,0,19.65,True,9.72,15.719999999999995,27.409999999999997,14.255833565526665,14.030443178561955,11.208636173404598,13.378328800245372,13.227760170602949,11.85466291084258
2020-06-06,Bengaluru,0,17.1,True,9.72,18.27,31.439999999999998,14.470408314958146,14.247812030551493,11.225563285946404,13.58038675384798,13.584110210580794,11.860365849244094
2020-06-07,Bengaluru,0,13.32,True,9.72,11.580000000000002,23.490000000000002,14.63103951015204,14.265383413813375,9.723827321191836,13.23553507873377,11.523566750433398,10.61731212009337
2020-06-08,Bengaluru,0,15.31,True,9.72,9.72,17.7,14.77286908301476,14.323352310585998,11.032945846080041,13.365735596573208,11.480290126291838,11.529970925699502
2020-06-09,Bengaluru,0,15.48,True,9.72,16.47,16.770000000000003,14.907862160593108,14.453230767539255,11.062736553679786,13.331349669485192,11.278036590428764,11.31903852219765
2020-06-10,Bengaluru,0,15.98,True,9.72,18.540000000000003,16.850000000000005,15.039908044616194,14.558606644680772,10.93874750758559,13.05201182767238,11.571350677353102,11.389118186151874
2020-06-11,Bengaluru,0,14.7,True,9.72,14.849999999999998,17.93,15.170230066029848,14.64204527292285,11.333407869976567,12.900461244199283,11.389960067849833,11.74114240980866
2020-06-12,Bengaluru,0,13.83,True,9.72,15.719999999999995,17.76,15.299201554794156,14.713739757783905,11.208636173404598,13.001970049004697,11.194827036880927,11.521679493999901
2020-06-13,Bengaluru,0,14.67,True,9.72,18.27,18.089999999999996,15.42693163470048,14.777721304991807,11.225563285946404,13.204572105864438,11.437593018288194,11.580460247662762
2020-06-14,Bengaluru,0,12.31,True,9.72,11.580000000000002,20.9,15.553449106396602,14.83564694937685,9.723827321191836,12.886521565876604,10.52567021416638,10.40352058354715
2020-06-15,Bengaluru,0,13.01,True,9.72,9.72,18.540000000000003,15.67875901415701,14.888264761451769,11.032945846080041,12.79757908703757,11.598688244496913,11.332248228812905
2020-06-16,Bengaluru,0,13.32,True,9.72,16.47,21.679999999999996,15.802859770311308,14.935978550992612,11.062736553679786,12.888849496556455,11.952518708900248,11.148539571628602
2020-06-17,Bengaluru,0,14.1,True,9.72,18.540000000000003,20.099999999999998,15.925748266546762,14.979064897036608,10.93874750758559,13.039277239898027,12.942258552736881,11.234100836544313
2020-06-18,Bengaluru,0,13.98,True,9.72,14.849999999999998,20.9,16.047421375427188,15.01775619326823,11.333407869976567,13.022020813228892,13.584134550460941,11.591898054317907
2020-06-19,Bengaluru,0,13.87,True,9.72,15.719999999999995,18.74,16.167876379174174,15.052272107376517,11.208636173404598,12.93301967674167,12.919430766786741,11.379509992960012
2020-06-20,Bengaluru,0,13.62,True,9.72,18.27,20.66,16.287111082641573,15.08283119144632,11.225563285946404,12.497181694725638,12.922331569899034,11.437798753465751
2020-06-21,Bengaluru,0,12.45,True,9.72,11.580000000000002,20.04,16.40512383410888,15.109654860591306,9.723827321191836,12.566338306076332,12.11009906852858,10.271480644461079
2020-06-22,Bengaluru,0,14.45,True,9.72,9.72,20.19,16.521913519420035,15.132968442118422,11.032945846080041,12.24821829296819,13.6704199136145,11.184486743363946
2020-06-23,Bengaluru,0,14.6,True,9.72,16.47,21.389999999999997,16.637479548537662,15.15300110585266,11.062736553679786,12.3332200087145,13.337459422892815,10.997092119477488
2020-06-24,Bengaluru,0,14.61,True,9.72,18.540000000000003,23.040000000000003,16.75182184003503,15.169985373950926,10.93874750758559,12.511250845004747,13.284903651665378,11.075548704137852
2020-06-25,Bengaluru,0,17.67,True,9.72,14.849999999999998,21.389999999999997,16.86494080512226,15.184156480724152,11.333407869976567,12.507680462172376,12.840393357028605,11.423156702341098
2020-06-26,Bengaluru,0,14.29,True,9.72,15.719999999999995,21.17,16.97683733167198,15.19575168837433,11.208636173404598,12.688943870924737,12.85838568970139,11.209413447842973
2020-06-27,Bengaluru,0,13.68,True,9.72,18.27,21.090000000000003,17.087512768385043,15.205009601101214,11.225563285946404,12.485573792294039,13.208983384316204,11.26438545122525
2020-06-28,Bengaluru,0,10.33,True,9.72,11.580000000000002,24.269999999999992,17.196968909143173,15.212169495446627,9.723827321191836,12.658695136534844,12.353652739427716,10.113840841138613
2020-06-29,Bengaluru,0,12.12,True,9.72,9.72,17.51,17.305207977568813,15.217470675080527,11.032945846080041,12.433682937245882,13.727251923199963,11.015591139228443
2020-06-30,Bengaluru,0,12.69,True,9.72,16.47,18.800000000000004,17.412232611803745,15.221151854300327,11.062736553679786,12.53142374119814,13.20974563402767,10.834242581081698
2020-07-01,Bengaluru,0,13.25,True,9.72,18.540000000000003,19.940000000000005,17.518045849515488,15.223450572782301,10.93874750758559,12.648226743005445,14.141104337001735,10.916885684333156
2020-02-03,Bengaluru,1,34.38,True,24.100000000000005,41.22999999999999,28.57999999999999,27.39660519672009,29.51161352228325,28.72196977036303,29.0654737095347,28.387319128092777,34.154271833726085
2020-02-04,Bengaluru,1,32.2,True,24.100000000000005,33.37,27.770000000000007,29.915119350803355,31.54132901335216,28.721320219060733,29.576690031689836,31.600109060259648,33.87855739494963
2020-02-05,Bengaluru,1,30.15,True,24.100000000000005,38.64999999999999,29.41,30.993839657271167,32.17176997998434,28.962617731827617,30.017131531723816,33.29953142110662,34.586941433873584
2020-02-06,Bengaluru,1,35.14,True,24.100000000000005,47.61,38.44,31.316034604018434,33.445943032935354,29.76896573748778,29.84165860782835,32.892365519060185,36.03790783282946
2020-02-07,Bengaluru,1,31.27,True,24.100000000000005,37.61999999999999,36.86999999999999,31.34544901355538,33.90263353534358,29.785101172421207,29.40905464476552,32.75495193340667,35.898113371765554
2020-02-08,Bengaluru,1,30.49,True,24.100000000000005,31.669999999999995,30.730000000000004,31.27822557797011,32.57144875849022,28.611236596615925,28.77643191617086,32.89129890065309,36.431114629934136
2020-02-09,Bengaluru,1,25.96,True,24.100000000000005,24.100000000000005,40.49000000000001,31.18308664022095,29.490451574067652,26.140690190534485,29.103581888122942,31.05958023782547,33.446648449236854
2020-02-10,Bengaluru,1,26.2,True,24.100000000000005,41.22999999999999,32.83,31.08163379008316,32.67826795996396,28.72196977036303,28.739908167132114,33.25195419671069,36.609174650711594
2020-02-11,Bengaluru,1,28.99,True,24.100000000000005,33.37,28.599999999999998,30.980120995255024,32.896175798625876,28.721320219060733,28.887743373385643,33.22501599790759,36.32509799756907
2020-02-12,Bengaluru,1,28.34,True,24.100000000000005,38.64999999999999,32.04999999999999,30.880211170186637,33.10831389229771,28.962617731827617,28.421474525593027,33.06525241465785,37.0089436420701
2020-02-13,Bengaluru,1,37.32,True,24.100000000000005,47.61,34.53,30.782287723609755,34.1061063566735,29.76896573748778,28.326966610927816,32.94839396559746,38.393623754158504
2020-02-14,Bengaluru,1,46.46,True,24.100000000000005,37.61999999999999,31.950000000000003,30.68640187830375,34.30498646189259,29.785101172421207,29.93774066548137,32.5610438115685,37.9969607792025
2020-02-15,Bengaluru,1,54.43,True,24.100000000000005,31.669999999999995,32.120000000000005,30.592525869993313,32.74041181122976,28.611236596615925,29.907904262749536,32.646312727680076,38.23063027284652
2020-02-16,Bengaluru,1,36.76,True,24.100000000000005,24.100000000000005,35.50000000000001,30.50061583452346,29.476255005528053,26.140690190534485,30.49497660753453,29.59323756084803,34.73584656129635
2020-02-17,Bengaluru,1,43.77,True,24.100000000000005,41.22999999999999,33.18999999999999,30.410626031488103,32.48500466001802,28.72196977036303,27.90315695602075,32.022087217050135,37.558130451891834
2020-02-18,Bengaluru,1,42.79,True,24.100000000000005,33.37,39.839999999999996,30.322511611579724,32.55221061671717,28.721320219060733,27.29046351657132,32.5970221669326,36.766790974426556
2020-02-19,Bengaluru,1,36.85,True,24.100000000000005,38.64999999999999,33.160000000000004,30.236228985031037,32.630201400307584,28.962617731827617,29.01204393308359,32.09090655550438,36.91768323227258
2020-02-20,Bengaluru,1,33.04,True,24.100000000000005,47.61,28.910000000000007,30.15173578595389,33.49249485732256,29.76896573748778,29.352934020510062,32.40460267296811,37.72039934936026
2020-02-21,Bengaluru,1,24.85,True,24.100000000000005,37.61999999999999,35.7,30.068990805380217,33.582020267156956,29.785101172421207,28.106730368009508,31.8875120827716,36.75495683121418
2020-02-22,Bengaluru,1,23.75,True,24.100000000000005,31.669999999999995,40.769999999999996,29.98795393936328,31.96446054548774,28.611236596615925,29.391877834827312,32.59033435382826,36.41404951131481
2020-02-23,Bengaluru,1,21.8,True,24.100000000000005,24.100000000000005,50.05,29.90858614825958,28.712203199229265,26.140690190534485,29.246734895736996,31.0095995226339,32.58789716283527
2020-02-24,Bengaluru,1,25.61,True,24.100000000000005,41.22999999999999,47.00999999999999,29.83084942150613,31.568698897322705,28.72196977036303,29.390899445364855,32.685618942958705,34.74617730099633
2020-02-25,Bengaluru,1,31.08,True,24.100000000000005,33.37,46.39000000000001,29.754706745112525,31.572761220043297,28.721320219060733,27.53371102296562,32.46031938985889,33.576306758166005
2020-02-26,Bengaluru,1,27.21,True,24.100000000000005,38.64999999999999,42.06,29.680122070787284,31.594032166120954,28.962617731827617,27.831416628258776,32.74349380044806,33.33422517613078
2020-02-27,Bengaluru,1,31.61,True,24.100000000000005,47.61,33.49,29.607060286308382,32.378349970284454,29.76896573748778,28.54677780464478,33.38802118846522,33.74002168214407
2020-02-28,Bengaluru,1,26.77,True,24.100000000000005,37.61999999999999,38.76,29.535487186988384,32.42112241890426,29.785101172421207,29.22476959605848,33.12321001859765,32.63278833430069
2020-02-29,Bengaluru,1,27.79,True,24.100000000000005,31.669999999999995,44.63999999999999,29.465369448161656,30.82506989651522,28.611236596615925,29.785192616591235,32.853592898995814,32.16646408527423
2020-03-01,Bengaluru,1,21.91,True,24.100000000000005,24.100000000000005,26.910000000000004,29.39667459864514,27.66374800831092,26.140690190534485,26.707180324181326,30.66216613741295,28.700068843322434
2020-03-02,Bengaluru,1,29.55,True,24.100000000000005,41.22999999999999,30.74,29.32937099513145,30.384063965849233,28.72196977036303,27.72543875273622,32.848774660574755,30.606727915528367
2020-03-03,Bengaluru,1,32.33,True,24.100000000000005,33.37,29.230000000000008,29.26342779747696,30.363570057748003,28.721320219060733,28.296005098066683,32.691891954626314,29.645807584583107
2019-10-06,Bengaluru,2,33.96,True,46.10000000000001,22.869999999999997,19.840000000000003,38.457292239653306,36.18105828625491,38.50247138620238,29.456356451433347,40.92294986476393,27.49063063554026
2019-10-07,Bengaluru,2,37.6,True,46.10000000000001,19.29,23.91,34.494687251065834,35.05605264391885,41.081457794809026,30.23214272230811,37.85829805355334,30.005287063905072
2019-10-08,Bengaluru,2,28.28,True,46.10000000000001,25.879999999999992,26.490000000000002,32.93395539152977,35.176080174881875,42.65431230731694,29.48129871995565,35.33118273895761,29.88039052493613
2019-10-09,Bengaluru,2,39.99,True,46.10000000000001,32.46000000000001,32.27000000000001,32.3314309425413,35.02016792602695,42.81007122572123,29.21645073080846,33.86331024146674,30.597336334204822
2019-10-10,Bengaluru,2,36.15,True,46.10000000000001,35.24,34.31999999999999,32.060762832768006,35.42504994016571,43.534316054168926,29.40076746643541,33.17464136998145,31.972394075458055
2019-10-11,Bengaluru,2,37.89,True,46.10000000000001,41.029999999999994,43.63,31.89571417770781,36.04300679781068,44.06003337775637,29.344689045081953,34.31103894121217,31.908002872547705
2019-10-12,Bengaluru,2,30.58,True,46.10000000000001,46.10000000000001,44.04,31.762907675185367,35.8175497021452,43.093481432739594,29.34408602314112,34.98368026843779,32.64681594911545
2019-10-13,Bengaluru,2,23.0,True,46.10000000000001,22.869999999999997,41.95000000000001,31.64053962963228,31.89897083193928,38.50247138620238,29.05506948221615,32.96871580450512,30.038708488374816
2019-10-14,Bengaluru,2,26.95,True,46.10000000000001,19.29,26.490000000000002,31.522618273942122,33.29706580555554,41.081457794809026,30.062211421614407,33.204581602011096,32.849383038583056
2019-10-15,Bengaluru,2,28.5,True,46.10000000000001,25.879999999999992,28.25,31.407603627023946,34.182237940378215,42.65431230731694,29.132342393006855,32.87277580129959,32.753604086142786
2019-10-16,Bengaluru,2,28.28,True,46.10000000000001,32.46000000000001,26.88,31.295106333482245,34.361705427642676,42.81007122572123,29.005184999749407,33.14139794622417,33.54261414575311
2019-10-17,Bengaluru,2,27.52,True,46.10000000000001,35.24,22.809999999999995,31.185006544159656,34.96710235499957,43.534316054168926,30.025722765069457,32.87473022525811,35.00907731264138
2019-10-18,Bengaluru,2,24.42,True,46.10000000000001,41.029999999999994,28.339999999999996,31.077239828047,35.74265541840461,44.06003337775637,29.408450333019044,33.1888379064256,34.85618343056276
2019-10-19,Bengaluru,2,23.99,True,46.10000000000001,46.10000000000001,21.84,30.9717512764837,35.661653262131466,43.093481432739594,30.31397716918788,33.574356925979004,35.527400166264606
2019-10-20,Bengaluru,2,23.31,True,46.10000000000001,22.869999999999997,25.929999999999996,30.868487596117138,31.88014318205954,38.50247138620238,29.187402219050714,32.57171160796822,32.52606668369308
2019-10-21,Bengaluru,2,30.13,True,46.10000000000001,19.29,30.1,30.767396422842584,33.37709373472433,41.081457794809026,28.842125183097266,32.7567385939937,35.32631756624946
2019-10-22,Bengaluru,2,24.22,True,46.10000000000001,25.879999999999992,41.150000000000006,30.668426542522738,34.35585788270916,42.65431230731694,29.54574792721151,33.29710274636831,34.94025693593409
2019-10-23,Bengaluru,2,16.97,True,46.10000000000001,32.46000000000001,43.25,30.571528036454737,34.619170491453254,42.81007122572123,30.365906777166725,33.40460304370312,35.44456551281802
2019-10-24,Bengaluru,2,15.8,True,46.10000000000001,35.24,40.4,30.476652317360408,35.30258864093777,43.534316054168926,29.43398268296028,33.34101715257651,36.59895408211714
2019-10-25,Bengaluru,2,18.11,True,46.10000000000001,41.029999999999994,36.95,30.38375211374653,36.151344617440415,44.06003337775637,29.644419333758965,33.6450896255299,36.01202432805159
2019-10-26,Bengaluru,2,18.89,True,46.10000000000001,46.10000000000001,40.42,30.292781436100523,36.12951957790869,43.093481432739594,29.25129675122415,33.49445767714833,36.240482988112525
2019-10-27,Bengaluru,2,21.32,True,46.10000000000001,22.869999999999997,45.830000000000005,30.203695538246933,32.35590525715146,38.50247138620238,29.237222169010277,32.30714289652699,32.735494355050314
2019-10-28,Bengaluru,2,24.6,True,46.10000000000001,19.29,45.790000000000006,30.11645087834121,33.9147671888658,41.081457794809026,28.751278311990813,33.6786746680122,35.05978306081061
2019-10-29,Bengaluru,2,22.99,True,46.10000000000001,25.879999999999992,56.14000000000002,30.03100508082075,34.94646437033976,42.65431230731694,29.157755684230683,32.86647718570358,34.186683537184294
2019-10-30,Bengaluru,2,26.91,True,46.10000000000001,32.46000000000001,58.12999999999999,29.947316899637883,35.24929422001479,42.81007122572123,28.900842351915873,32.912451684228635,34.191650273454925
2019-10-31,Bengaluru,2,24.47,True,46.10000000000001,35.24,42.160000000000004,29.865346182814665,35.975511120444345,43.534316054168926,30.09513607643593,32.9112874125844,34.820144356376176
2019-11-01,Bengaluru,2,25.98,True,46.10000000000001,41.029999999999994,31.599999999999994,29.785053838286085,36.86743916817274,44.06003337775637,29.15535630021071,32.06463710718134,33.809408896605014
2019-11-02,Bengaluru,2,25.19,True,46.10000000000001,46.10000000000001,24.140000000000004,29.70640180098247,36.87162480378397,43.093481432739594,28.622637416833573,33.32822241712036,33.605905541175005
2019-11-03,Bengaluru,2,26.32,True,46.10000000000001,22.869999999999997,24.36,29.629353001101073,33.052559637414966,38.50247138620238,29.008480888949126,30.300722669452966,30.009809347050293
2019-11-04,Bengaluru,2,36.74,True,46.10000000000001,19.29,22.91,29.55387133351781,34.66019865244509,41.081457794809026,29.730909132420347,32.56082776970164,31.833577921441645
2019-06-08,Bengaluru,3,23.49,True,31.439999999999998,27.089999999999996,15.8,29.05755754638256,27.806262415962312,29.112743051270034,25.322819721634364,30.396166234444294,20.793380225055373
2019-06-09,Bengaluru,3,17.7,True,31.439999999999998,18.310000000000002,16.009999999999998,27.567454492388407,25.359863796092508,26.1346851253232,25.465015274386726,26.017413683259065,18.884369854438194
2019-06-10,Bengaluru,3,16.77,True,31.439999999999998,23.54,20.849999999999998,26.952091192576148,24.58309132845456,28.774423096875392,25.29797619411384,27.144287634277713,20.473912286507304
2019-06-11,Bengaluru,3,16.85,True,31.439999999999998,24.48,15.509999999999998,26.725907622905208,24.05446026251255,28.978466902258482,25.2468408095685,27.423828123281382,20.06701981772016
2019-06-12,Bengaluru,3,17.93,True,31.439999999999998,23.56,13.320000000000002,26.643394249810978,23.601541649910782,29.092054443592588,24.903736579902986,28.330761241175367,20.32113663146254
2019-06-13,Bengaluru,3,17.76,True,31.439999999999998,27.409999999999997,15.899999999999995,26.609164606444907,23.315638746404847,29.905863446484677,25.118192148111362,28.15123620130006,21.03584555025883
2019-06-14,Bengaluru,3,18.09,True,31.439999999999998,31.439999999999998,19.259999999999998,26.590247411604516,23.041531754101126,29.427096427658302,24.572382647895157,28.598245953369695,20.683391705294667
2019-06-15,Bengaluru,3,20.9,True,31.439999999999998,27.089999999999996,23.54,26.57605860756234,22.627015816647827,29.112743051270034,24.600986046688746,28.651841202869868,20.887215205321105
2019-06-16,Bengaluru,3,18.54,True,31.439999999999998,18.310000000000002,18.63,26.56338004121921,22.25402322955584,26.1346851253232,25.176529498055714,26.76623157940953,19.006461778824765
2019-06-17,Bengaluru,3,21.68,True,31.439999999999998,23.54,15.390000000000004,26.55127394588851,21.920420311001816,28.774423096875392,25.11802941981912,27.25207688982506,20.623725202376008
2019-06-18,Bengaluru,3,20.1,True,31.439999999999998,24.48,14.750000000000002,26.53947557469356,21.607216802626866,28.978466902258482,25.079316888800708,27.547256333176524,20.212721772546473
2019-06-19,Bengaluru,3,20.9,True,31.439999999999998,23.56,12.509999999999996,26.527910880019796,21.308116306092725,29.092054443592588,24.770266256402767,28.209996702033834,20.4507116745715
2019-06-20,Bengaluru,3,18.74,True,31.439999999999998,27.409999999999997,14.009999999999998,26.516557880102667,21.020837742539037,29.905863446484677,24.991081227464946,28.37572568637919,21.13699625447174
2019-06-21,Bengaluru,3,20.66,True,31.439999999999998,31.439999999999998,20.259999999999998,26.505408321489675,20.744393302512457,29.427096427658302,24.6834665115333,28.521011735675064,20.73958964845221
2019-06-22,Bengaluru,3,20.04,True,31.439999999999998,27.089999999999996,31.689999999999998,26.494457466025725,20.478230410037938,29.112743051270034,24.761524830524237,28.660849177370938,20.89202738579263
2019-06-23,Bengaluru,3,20.19,True,31.439999999999998,18.310000000000002,23.67,26.483701473687336,20.221959086406994,26.1346851253232,24.58205014684709,26.83511840004375,18.95863797352526
2019-06-24,Bengaluru,3,21.39,True,31.439999999999998,23.54,15.509999999999998,26.473136760137248,19.975263572057905,28.774423096875392,24.978565478957382,28.298883510881712,20.513198844014745
2019-06-25,Bengaluru,3,23.04,True,31.439999999999998,24.48,14.770000000000003,26.46275984662636,19.737872142860308,28.978466902258482,24.695224844366248,29.009973876866702,20.046715722902285
2019-06-26,Bengaluru,3,21.39,True,31.439999999999998,23.56,13.899999999999997,26.452567326674977,19.50954545978256,29.092054443592588,24.240054471776393,29.313190468402883,20.226984246530616
2019-06-27,Bengaluru,3,21.17,True,31.439999999999998,27.409999999999997,15.170000000000005,26.44255585869111,19.290070955015878,29.905863446484677,24.65537339511114,29.035255751823307,20.852870343159854
2019-06-28,Bengaluru,3,21.09,True,31.439999999999998,31.439999999999998,17.93,26.43272216381126,19.079259303401045,29.427096427658302,24.183762013472602,29.47132854686335,20.414173367853852
2019-06-29,Bengaluru,3,24.27,True,31.439999999999998,27.089999999999996,17.94,26.423063024625623,18.87694171869679,29.112743051270034,24.957464692954275,30.195169881227688,20.524750275515444
2019-06-30,Bengaluru,3,17.51,True,31.439999999999998,18.310000000000002,33.04,26.4135752840037,18.682967662723584,26.1346851253232,24.38847095017636,31.536724074211342,18.59497136982153
2019-07-01,Bengaluru,3,18.8,True,31.439999999999998,23.54,22.68,26.404255843922307,18.49720282395725,28.774423096875392,24.539941898057616,34.01830797844984,20.09840622240239
2019-07-02,Bengaluru,3,19.94,True,31.439999999999998,24.48,27.309999999999995,26.39510166430159,18.319527307937765,28.978466902258482,24.271886402212754,35.886294570084324,19.626802764455633
2019-07-03,Bengaluru,3,18.61,True,31.439999999999998,23.56,20.069999999999997,26.386109761858638,18.149834009953413,29.092054443592588,24.978960641332566,39.10697481893553,19.797288737815578
2019-07-04,Bengaluru,3,21.98,True,31.439999999999998,27.409999999999997,15.350000000000005,26.377277208983184,17.98802715025088,29.905863446484677,24.452041291822223,37.79832868461754,20.411916669188997
2019-07-05,Bengaluru,3,19.92,True,31.439999999999998,31.439999999999998,17.48,26.368601132637,17.834020955942865,29.427096427658302,24.103222255145933,34.763016846213326,19.990338231528977
2019-07-06,Bengaluru,3,21.47,True,31.439999999999998,27.089999999999996,16.860000000000003,26.36007871327659,17.687738475761144,29.112743051270034,24.40907884047694,33.58207339318192,20.1130084478174
2019-07-07,Bengaluru,3,18.38,True,31.439999999999998,18.310000000000002,17.49,26.351707183799324,17.549110515095403,26.1346851253232,25.24126916645494,32.384626275163626,18.237580792326362
2019-02-08,Bengaluru,4,30.73,True,36.86999999999999,37.209999999999994,45.34000000000001,34.517860180087986,34.69624873971189,36.46341953343525,35.29346215688633,35.253411780308845,38.073518221823846
2019-02-09,Bengaluru,4,40.49,True,36.86999999999999,34.78000000000001,43.010000000000005,33.35003556956644,33.745973671613676,36.99476663848135,35.11921003304735,33.90218246903825,39.078288673485154
2019-02-10,Bengaluru,4,32.83,True,36.86999999999999,28.57999999999999,39.51,32.82632583005758,33.24445192938102,32.641250139511946,35.22860203433702,31.374396468949342,36.005796953800925
2019-02-11,Bengaluru,4,28.6,True,36.86999999999999,27.770000000000007,23.839999999999993,32.559345739935175,33.01634265606862,36.87481258202454,34.9385763753008,33.07653544784714,39.39063709745299
2019-02-12,Bengaluru,4,32.05,True,36.86999999999999,29.41,24.85,32.38426363509615,32.89379770165836,37.68782426553986,34.74811688212677,32.94839396559746,38.88858214487767
2019-02-13,Bengaluru,4,34.53,True,36.86999999999999,38.44,17.2,32.241117741252715,32.91435071030434,36.5642445811037,34.931675238657384,33.44253680436715,39.56113304421488
2019-02-14,Bengaluru,4,31.95,True,36.86999999999999,36.86999999999999,17.590000000000003,32.10981476934517,32.75094410205531,36.00780164167824,34.493156107445195,33.009363550281876,40.85311502764606
2019-02-15,Bengaluru,4,32.12,True,36.86999999999999,37.209999999999994,18.699999999999996,31.98395022501665,32.573438237715564,36.46341953343525,34.685029995041475,32.72277604779277,40.042284306286994
2019-02-16,Bengaluru,4,35.5,True,36.86999999999999,34.78000000000001,30.030000000000005,31.861531555179603,32.415448181159576,36.99476663848135,34.69339847473939,32.93552705929584,40.46835020269732
2019-02-17,Bengaluru,4,33.19,True,36.86999999999999,28.57999999999999,37.85,31.741926894193682,32.26382379275122,32.641250139511946,34.36971629049961,31.11774722895452,36.65718144551869
2019-02-18,Bengaluru,4,39.84,True,36.86999999999999,27.770000000000007,22.89,31.624910851748382,32.112405277123756,36.87481258202454,34.29484197909557,32.56888627258029,39.37572074228139
2019-02-19,Bengaluru,4,33.16,True,36.86999999999999,29.41,26.230000000000004,31.51037702960982,31.959248929084765,37.68782426553986,34.13745758003302,32.79127512324718,38.14124139466873
2019-02-20,Bengaluru,4,28.91,True,36.86999999999999,38.44,22.48,31.39825390892574,31.803828287076072,36.5642445811037,33.76651321608462,33.0489477653824,38.05986867487978
2019-02-21,Bengaluru,4,35.7,True,36.86999999999999,36.86999999999999,32.97,31.288480815224723,31.646093400554193,36.00780164167824,34.36242025049564,33.327183003133236,38.562088554535684
2019-02-22,Bengaluru,4,40.77,True,36.86999999999999,37.209999999999994,39.61000000000001,31.181001171004937,31.486154292947703,36.46341953343525,34.08837641796607,32.84968660283291,37.108008204266724
2019-02-23,Bengaluru,4,50.05,True,36.86999999999999,34.78000000000001,31.89999999999999,31.075760612039737,31.32417425582421,36.99476663848135,34.07941229802071,32.75765610509867,36.86493867718029
2019-02-24,Bengaluru,4,47.01,True,36.86999999999999,28.57999999999999,19.98,30.972706445196994,31.160333695085498,32.641250139511946,34.346121250571166,30.97757774408121,32.868378727214896
2019-02-25,Bengaluru,4,46.39,True,36.86999999999999,27.770000000000007,14.46,30.871787470160328,30.994817703247183,36.87481258202454,33.94890609957901,32.260704324270186,34.83884408646887
2019-02-26,Bengaluru,4,42.06,True,36.86999999999999,29.41,27.459999999999997,30.772953898970197,30.82781161546759,37.68782426553986,33.62992260289692,31.847915397018582,33.36886991603428
2019-02-27,Bengaluru,4,33.49,True,36.86999999999999,38.44,26.309999999999995,30.676157302292676,30.659499257937295,36.5642445811037,33.62359878128575,31.74667660884687,33.01660950472961
2019-02-28,Bengaluru,4,38.76,True,36.86999999999999,36.86999999999999,32.9,30.581350563742355,30.49006211078297,36.00780164167824,33.648238387659006,32.05121470216677,33.26848713901632
2019-03-01,Bengaluru,4,44.64,True,36.86999999999999,37.209999999999994,27.409999999999997,30.48848783741392,30.31967878869491,36.46341953343525,33.924412581115014,31.48730072503583,31.928676121949188
2019-03-02,Bengaluru,4,26.91,True,36.86999999999999,34.78000000000001,38.24,30.397524507354927,30.14852463939215,36.99476663848135,33.29947440218641,31.02795134788051,31.737921158461447
2019-03-03,Bengaluru,4,30.74,True,36.86999999999999,28.57999999999999,36.26,30.308417148620784,29.976771393347544,32.641250139511946,33.40105317978085,29.37409760660251,28.38793091500959
2019-03-04,Bengaluru,4,29.23,True,36.86999999999999,27.770000000000007,24.85,30.22112348977983,29.804586842908414,36.87481258202454,33.063509766261596,30.185160601486743,30.300432455908137
2019-03-05,Bengaluru,4,31.26,True,36.86999999999999,29.41,34.44,30.135602376793262,29.63213454388389,37.68782426553986,33.12177350468673,31.694322934168127,29.294640553763116
2019-03-06,Bengaluru,4,35.74,True,36.86999999999999,38.44,32.760000000000005,30.051813738209507,29.459573537604566,36.5642445811037,33.24254102932948,32.047093706734266,29.336602801125085
2019-03-07,Bengaluru,4,47.25,True,36.86999999999999,36.86999999999999,25.139999999999997,29.96971855161857,29.287058093034425,36.00780164167824,32.955498774758986,31.670214301480037,29.98674328949423
2019-03-08,Bengaluru,4,46.88,True,36.86999999999999,37.209999999999994,27.15,29.889278811314412,29.114737468964197,36.46341953343525,32.631678120828475,31.05439065379195,29.24279632796789
2019-03-09,Bengaluru,4,27.19,True,36.86999999999999,34.78000000000001,47.25999999999999,29.810457497116243,28.94275569639104,36.99476663848135,32.68169907740067,32.91216061257018,29.579927595747574
2018-10-11,Bengaluru,5,43.63,True,34.31999999999999,21.67,31.64,30.26567543140412,31.08200368832572,34.86916031075186,31.8890740524957,31.998979945227028,29.308159391780585
2018-10-12,Bengaluru,5,44.04,True,34.31999999999999,19.469999999999995,30.86,28.219064399407696,29.564296988660427,35.4274809882401,31.837576424902423,33.901916187533985,29.219663564699058
2018-10-13,Bengaluru,5,41.95,True,34.31999999999999,19.840000000000003,30.63,27.465074533222023,29.270119519075525,34.305922813478,31.5651592043677,32.443977357747066,30.026828109060673
2018-10-14,Bengaluru,5,26.49,True,34.31999999999999,23.91,28.070000000000004,27.20873796891451,29.46426642730477,30.43119035336229,31.536352536884532,33.097177874641574,27.83339626266353
2018-10-15,Bengaluru,5,28.25,True,34.31999999999999,26.490000000000002,34.04,27.111033614728623,29.68793436793302,32.99227255411819,31.478899569652935,32.688116762834774,30.360639423344438
2018-10-16,Bengaluru,5,26.88,True,34.31999999999999,32.27000000000001,29.07,27.05737623975933,30.04639023205944,32.31954571683253,31.629363393880936,33.06865561426383,29.802955574878855
2018-10-17,Bengaluru,5,22.81,True,34.31999999999999,34.31999999999999,35.25,27.014634899479795,30.285346438952573,32.450258307886735,31.75029503440813,32.72624956557298,30.56090370033245
2018-10-18,Bengaluru,5,28.34,True,34.31999999999999,21.67,41.73,26.97456673458073,30.380307511557206,34.86916031075186,31.565855969304167,32.430161849667805,31.957389632731548
2018-10-19,Bengaluru,5,21.84,True,34.31999999999999,19.469999999999995,32.42000000000001,26.935474359671396,30.527531367372156,35.4274809882401,31.991577784912085,33.42561656429432,31.60349169798704
2018-10-20,Bengaluru,5,25.93,True,34.31999999999999,19.840000000000003,40.38000000000001,26.897109496888405,30.71032325252081,34.305922813478,31.939591381688626,32.774505719691014,32.15377596375609
2018-10-21,Bengaluru,5,30.1,True,34.31999999999999,23.91,32.18000000000001,26.859465497966642,30.90519386485364,30.43119035336229,31.532873183204543,32.56105181314584,29.465001662118297
2018-10-22,Bengaluru,5,41.15,True,34.31999999999999,26.490000000000002,31.049999999999997,26.8225489600306,31.104525839478505,32.99227255411819,32.11202480894722,33.11363575228967,31.715696421023928
2018-10-23,Bengaluru,5,43.25,True,34.31999999999999,32.27000000000001,33.31999999999999,26.78635506956213,31.305723554651628,32.31954571683253,31.88908539197004,32.79213717629766,30.686235060080804
2018-10-24,Bengaluru,5,40.4,True,34.31999999999999,34.31999999999999,44.63,26.750872388317806,31.50778548474843,32.450258307886735,31.947152895527797,33.07001211554621,30.97989804292933
2018-10-25,Bengaluru,5,36.95,True,34.31999999999999,21.67,43.04,26.716087162383733,31.710218965149963,34.86916031075186,31.761747393386496,33.60572816488385,31.86910136581713
2018-10-26,Bengaluru,5,40.42,True,34.31999999999999,19.469999999999995,39.13999999999999,26.68198515012694,31.912696319661976,35.4274809882401,31.81539244153338,33.567285010284,30.988368761744624
2018-10-27,Bengaluru,5,45.83,True,34.31999999999999,19.840000000000003,36.53000000000001,26.648552221631466,32.114945851960236,34.305922813478,32.16136198130458,33.624363144895085,30.994583264301724
2018-10-28,Bengaluru,5,45.79,True,34.31999999999999,23.91,39.18000000000001,26.615774520572216,32.31671727229013,30.43119035336229,32.07681092510371,32.810551690391044,27.921846577013707
2018-10-29,Bengaluru,5,56.14,True,34.31999999999999,26.490000000000002,39.01,26.58363849654603,32.51777072391112,32.99227255411819,31.891218035418273,32.981830248843735,29.568545786071212
2018-10-30,Bengaluru,5,58.13,True,34.31999999999999,32.27000000000001,32.5,26.552130904761636,32.717873297823054,32.31954571683253,31.895996815102265,32.342197206064185,28.163654886171347
2018-10-31,Bengaluru,5,42.16,True,34.31999999999999,34.31999999999999,33.669999999999995,26.5212387990704,32.916797928402715,32.450258307886735,31.863441213637497,32.05784246649818,28.02705200727818
2018-11-01,Bengaluru,5,31.6,True,34.31999999999999,21.67,24.85,26.49094952421218,33.11432305006645,34.86916031075186,31.7317185066576,31.252548059356407,28.464977006799963
2018-11-02,Bengaluru,5,24.14,True,34.31999999999999,19.469999999999995,26.810000000000006,26.461250708291953,33.31023250043015,35.4274809882401,31.518246672146873,30.326740895357283,27.37046740127026
2018-11-03,Bengaluru,5,24.36,True,34.31999999999999,19.840000000000003,29.41,26.432130255553652,33.50431550583918,34.305922813478,32.01024299745156,30.350015088872702,27.130872139521166
2018-11-04,Bengaluru,5,22.91,True,34.31999999999999,23.91,34.07,26.403576339404328,33.69636669628494,30.43119035336229,31.439208950279752,30.54838346118901,24.266069912360127
2018-11-05,Bengaluru,5,28.89,True,34.31999999999999,26.490000000000002,29.050000000000004,26.375577395655206,33.88618613202594,32.99227255411819,32.6594682653862,31.5660989321564,25.597555237318918
2018-11-06,Bengaluru,5,30.42,True,34.31999999999999,32.27000000000001,29.820000000000007,26.348122115962997,34.07357933550443,32.31954571683253,31.942690384123612,31.139363873896286,24.3379514313764
2018-11-07,Bengaluru,5,31.2,True,34.31999999999999,34.31999999999999,33.64,26.321199441461392,34.258357325798606,32.450258307886735,31.950454660464704,31.255685571480065,24.248589409321
2018-11-08,Bengaluru,5,32.99,True,34.31999999999999,21.67,33.42999999999999,26.29479855657571,34.44033665408139,34.86916031075186,31.99447065630314,31.40381018958152,24.72753873533869
2018-11-09,Bengaluru,5,29.99,True,34.31999999999999,19.469999999999995,37.650000000000006,26.26890888301449,34.619339439015526,35.4274809882401,32.75446221219235,31.165573057493162,23.932004899623887
2020-06-02,Chennai,0,9.24,True,10.070000000000002,8.959999999999999,11.259999999999998,10.310801305685342,10.928064961476675,10.650916472417629,10.437739481606977,11.50908777773304,10.751554765203577
2020-06-03,Chennai,0,9.41,True,10.070000000000002,9.65,11.259999999999998,10.512460771810314,10.875813822946954,10.445412733759747,10.702079258033685,11.893808025453785,10.535820912791998
2020-06-04,Chennai,0,8.64,True,10.070000000000002,10.58,11.209999999999999,10.675674130902499,11.804474406702747,11.005053994805701,10.807056283743776,10.852148340861067,10.451115350552065
2020-06-05,Chennai,0,9.51,True,10.070000000000002,13.54,13.320000000000002,10.816517338786598,11.61084124345164,10.147132409157248,11.20686089796157,11.006920231845516,10.235550886079139
2020-06-06,Chennai,0,10.97,True,10.070000000000002,9.69,17.559999999999995,10.943983988172569,11.158125763559195,9.291863874192037,11.049992019411704,11.118096998480235,9.992338514736925
2020-06-07,Chennai,0,12.19,True,10.070000000000002,7.969999999999999,17.070000000000004,11.063075348682613,10.517278417392784,8.847959788564674,11.175552984040225,10.91396735480541,9.475636565035913
2020-06-08,Chennai,0,12.62,True,10.070000000000002,10.070000000000002,14.699999999999998,11.176565811195507,11.500214537067194,9.844192544702812,11.214388575559568,10.979715628206476,9.728233549681796
2020-06-09,Chennai,0,16.08,True,10.070000000000002,8.959999999999999,26.93,11.285995023617467,12.26776324519345,10.650916472417629,11.357008598737693,11.529372590115758,10.546049552463755
2020-06-10,Chennai,0,13.97,True,10.070000000000002,9.65,27.659999999999993,11.392220486028132,12.068469833149253,10.445412733759747,11.46812146134963,11.969294973428656,10.416134840526727
2020-06-11,Chennai,0,11.45,True,10.070000000000002,10.58,23.000000000000004,11.495723799240869,12.95093212180886,11.005053994805701,11.61849745807446,12.185475298934897,10.416256675406407
2020-06-12,Chennai,0,13.24,True,10.070000000000002,13.54,24.04,11.59677989189823,12.623373124706166,10.147132409157248,11.74873268353425,11.848480011127213,10.284605905654805
2020-06-13,Chennai,0,11.16,True,10.070000000000002,9.69,34.45,11.695550357130008,12.034816918134,9.291863874192037,11.946588391603939,11.804569058102892,10.121034608793089
2020-06-14,Chennai,0,14.53,True,10.070000000000002,7.969999999999999,23.570000000000004,11.7921348596837,11.264050633561185,8.847959788564674,11.89568741907255,11.229839569921912,9.672882940290407
2020-06-15,Chennai,0,11.06,True,10.070000000000002,10.070000000000002,21.94,11.88659941160082,12.219164282913605,9.844192544702812,11.922344587363726,11.394953328122872,10.00263336609652
2020-06-16,Chennai,0,12.26,True,10.070000000000002,8.959999999999999,24.69,11.978991899547264,12.943785247597807,10.650916472417629,12.092464891281997,12.34311865454403,10.913262241455673
2020-06-17,Chennai,0,15.03,True,10.070000000000002,9.65,25.309999999999995,12.069350591496748,12.661328587428873,10.445412733759747,12.310099947045451,12.223193361822444,10.842751938321333
2020-06-18,Chennai,0,17.22,True,10.070000000000002,10.58,19.569999999999997,12.15770877971062,13.50645315410338,11.005053994805701,12.469746864142616,12.354353184758093,10.897419353330358
2020-06-19,Chennai,0,15.56,True,10.070000000000002,13.54,21.33,12.244097298988756,13.102934295451826,10.147132409157248,12.444938291199941,12.311547190484301,10.804010582614552
2020-06-20,Chennai,0,14.48,True,10.070000000000002,9.69,22.299999999999997,12.328545877641389,12.43987418255914,9.291863874192037,12.492240625440559,12.48232587086974,10.66512205828045
2020-06-21,Chennai,0,13.11,True,10.070000000000002,7.969999999999999,17.93,12.411083848122553,11.599783369271385,8.847959788564674,12.60174511631869,13.72128751673058,10.214792442062452
2020-06-22,Chennai,0,8.94,True,10.070000000000002,10.070000000000002,18.250000000000004,12.491740507217424,12.526206056415313,9.844192544702812,12.791147098008908,14.847053128764438,10.569753157853157
2020-06-23,Chennai,0,11.11,True,10.070000000000002,8.959999999999999,19.869999999999997,12.570545285197415,13.21517190458299,10.650916472417629,12.898744940985097,15.239030752470182,11.523549956176863
2020-06-24,Chennai,0,9.57,True,10.070000000000002,9.65,25.809999999999995,12.647527811560005,12.88448807042508,10.445412733759747,12.811069945299321,15.109672999283482,11.433106052266586
2020-06-25,Chennai,0,10.74,True,10.070000000000002,10.58,18.68,12.722717925474814,13.694715599382588,11.005053994805701,12.89824410897927,15.187873600272614,11.462100357302331
2020-06-26,Chennai,0,7.94,True,10.070000000000002,13.54,29.009999999999994,12.796145657336124,13.247954435464877,10.147132409157248,13.118831859601011,14.955898263671312,11.325120106338261
2020-06-27,Chennai,0,12.96,True,10.070000000000002,9.69,15.360000000000003,12.867841195879526,12.54549453142173,9.291863874192037,13.102484669828433,14.37950536813956,11.131803441081514
2020-06-28,Chennai,0,10.0,True,10.070000000000002,7.969999999999999,21.159999999999997,12.937834848755328,11.671196090090996,8.847959788564674,13.153525144902508,14.625802278297536,10.60917476911593
2020-06-29,Chennai,0,9.69,True,10.070000000000002,10.070000000000002,22.209999999999997,13.006157000843766,12.56515936988437,9.844192544702812,13.090707539895014,16.096338648789697,10.91414539091154
2020-06-30,Chennai,0,12.38,True,10.070000000000002,8.959999999999999,20.68,13.072838072614813,13.219797763709831,10.650916472417629,13.158633340954779,16.184752574455985,11.823609137300727
2020-07-01,Chennai,0,10.72,True,10.070000000000002,9.65,19.08,13.137908479746958,12.860456596463953,10.445412733759747,13.28173171487862,16.077110349857204,11.655704065315547
2020-02-03,Chennai,1,13.74,True,12.120000000000003,18.37,11.259999999999998,13.18417501737714,12.990440742183583,13.607420606400288,15.396644255081988,12.431297063726895,13.642641937495357
2020-02-04,Chennai,1,10.92,True,12.120000000000003,17.400000000000002,11.890000000000002,13.787283833197895,13.324307252956736,14.181826852457549,15.733271006241068,12.551248605680923,14.66031636523649
2020-02-05,Chennai,1,13.26,True,12.120000000000003,14.74,12.340000000000003,14.132547697852562,13.34823108793655,13.053074645785122,15.77308961922732,13.081880187638928,14.341708185094134
2020-02-06,Chennai,1,19.32,True,12.120000000000003,14.869999999999997,13.449999999999998,14.339282248838458,13.47588855909453,12.969719417057833,15.67563321400454,13.25569827677589,14.05568387087222
2020-02-07,Chennai,1,14.12,True,12.120000000000003,14.019999999999996,12.160000000000002,14.472740339201927,13.441190435057116,12.84318872435869,15.457646598145578,13.312636610113382,13.709004785770597
2020-02-08,Chennai,1,10.61,True,12.120000000000003,13.12,11.83,14.567427485704565,13.428804545285665,13.053739412136617,15.597076594527401,13.373879911009801,13.348595850733627
2020-02-09,Chennai,1,8.77,True,12.120000000000003,12.120000000000003,10.919999999999998,14.64129836174228,13.396246557411592,12.437116575055073,15.33014212207668,12.733416711290225,12.587910572097734
2020-02-10,Chennai,1,10.09,True,12.120000000000003,18.37,10.879999999999999,14.703629578831372,13.486772833839904,13.607420606400288,15.84459792301935,13.620522819034857,12.6752702831176
2020-02-11,Chennai,1,19.96,True,12.120000000000003,17.400000000000002,10.269999999999998,14.75920626045353,13.53862831841083,14.181826852457549,15.554315906581415,14.561576936699561,13.514725238638926
2020-02-12,Chennai,1,22.0,True,12.120000000000003,14.74,10.729999999999999,14.810503873266956,13.571871741651458,13.053074645785122,15.768506508998982,14.87195989468359,13.121090151811869
2020-02-13,Chennai,1,18.01,True,12.120000000000003,14.869999999999997,12.070000000000004,14.858813911649706,13.595702049990356,12.969719417057833,15.446917997604167,14.344443503897855,12.774521498742548
2020-02-14,Chennai,1,17.3,True,12.120000000000003,14.019999999999996,11.679999999999998,14.904821714700686,13.614401876549513,12.84318872435869,15.723157736540214,13.590099045395,12.391536793117215
2020-02-15,Chennai,1,17.74,True,12.120000000000003,13.12,11.219999999999999,14.948902275430749,13.63003649864729,13.053739412136617,15.31715198301452,12.938752075135673,12.016738864439219
2020-02-16,Chennai,1,12.71,True,12.120000000000003,12.120000000000003,11.059999999999999,14.991271465540148,13.643669382392542,12.437116575055073,16.06174582785532,11.876748713507324,11.30095959679067
2020-02-17,Chennai,1,13.64,True,12.120000000000003,18.37,10.9,15.032063286851631,13.655907712598047,13.607420606400288,15.74011717557996,12.243903590377231,11.374369205884733
2020-02-18,Chennai,1,18.11,True,12.120000000000003,17.400000000000002,10.600000000000001,15.071369319062732,13.667146954768114,14.181826852457549,15.701728060069081,12.300944842196273,12.15067094645318
2020-02-19,Chennai,1,14.71,True,12.120000000000003,14.74,10.58,15.109258860965156,13.677680567478296,13.053074645785122,16.082560334613458,12.094764026260805,11.833261535641256
2020-02-20,Chennai,1,14.09,True,12.120000000000003,14.869999999999997,11.749999999999996,15.145789215990536,13.687749366936636,12.969719417057833,15.93238491879336,11.9189604109772,11.579443399108728
2020-02-21,Chennai,1,19.91,True,12.120000000000003,14.019999999999996,11.209999999999999,15.18101094827422,13.697563897609513,12.84318872435869,15.614833463854877,11.836153016632984,11.311406277819122
2020-02-22,Chennai,1,8.63,True,12.120000000000003,13.12,11.819999999999999,15.214970572919096,13.707314727204151,13.053739412136617,15.671558462098654,12.11695237428016,11.067551743189124
2020-02-23,Chennai,1,8.88,True,12.120000000000003,12.120000000000003,13.880000000000004,15.24771193778691,13.717177334730469,12.437116575055073,15.438236989921242,11.709506950590026,10.518498164943894
2020-02-24,Chennai,1,10.95,True,12.120000000000003,18.37,12.349999999999998,15.27927693833346,13.727314571390446,13.607420606400288,15.522706864523096,11.906516562147123,10.720745097223336
2020-02-25,Chennai,1,12.69,True,12.120000000000003,17.400000000000002,11.700000000000001,15.3097058927181,13.73787802519665,14.181826852457549,15.430610727390524,12.54062644137621,11.615654067493624
2020-02-26,Chennai,1,8.88,True,12.120000000000003,14.74,12.070000000000004,15.339037744049701,13.749008883532795,13.053074645785122,15.56591041135563,12.984308461538943,11.48209737360248
2020-02-27,Chennai,1,8.7,True,12.120000000000003,14.869999999999997,10.650000000000002,15.3673101748149,13.760838558866576,12.969719417057833,15.411405601364114,13.57658418219103,11.415141751973923
2020-02-28,Chennai,1,11.08,True,12.120000000000003,14.019999999999996,14.429999999999998,15.394559676802611,13.773489195983446,12.84318872435869,15.559614266554476,13.460124475846243,11.335900844177305
2020-02-29,Chennai,1,14.62,True,12.120000000000003,13.12,11.01,15.42082159855702,13.787074113634516,13.053739412136617,15.424709316865696,13.501243295367603,11.279010463488085
2020-03-01,Chennai,1,9.2,True,12.120000000000003,12.120000000000003,15.069999999999997,15.44613018154213,13.801698204345378,12.437116575055073,15.280172621795977,13.154843169490274,10.901439480159345
2020-03-02,Chennai,1,13.01,True,12.120000000000003,18.37,18.86,15.470518590672782,13.817458303197267,13.607420606400288,15.475038541471138,13.99069458270601,11.293221247107143
2020-03-03,Chennai,1,16.26,True,12.120000000000003,17.400000000000002,13.320000000000002,15.49401894205236,13.834443530682222,14.181826852457549,15.664096827263743,14.35752053776176,12.422860456484637
2019-10-06,Chennai,2,13.42,True,15.400000000000002,9.1,15.290000000000003,14.712105268493117,14.603611439889688,13.871099263949443,15.189986386136503,15.657470924475607,15.558915244696326
2019-10-07,Chennai,2,24.13,True,15.400000000000002,11.320000000000002,13.799999999999997,14.409289120057393,14.632339344824258,14.677880653861962,15.543277193421739,14.740823082455371,16.144881448121644
2019-10-08,Chennai,2,19.29,True,15.400000000000002,13.2,17.820000000000004,14.291487912675164,14.749611641295887,15.427457445173552,15.346511442586072,14.674562792540431,17.85781370805462
2019-10-09,Chennai,2,21.5,True,15.400000000000002,14.869999999999997,17.820000000000004,14.264417321724393,14.914366263849436,14.49701611799715,15.19090442668635,15.094846481528968,18.073621391317634
2019-10-10,Chennai,2,20.03,True,15.400000000000002,13.87,21.119999999999997,14.28194021594479,14.893582947740471,14.488142854777186,15.062914613795813,15.00602847899734,18.230676736235438
2019-10-11,Chennai,2,12.98,True,15.400000000000002,12.889999999999999,19.250000000000004,14.321042166817524,14.894772213512407,14.23006302966456,15.26207027097462,14.866647808959733,18.336201369316246
2019-10-12,Chennai,2,13.05,True,15.400000000000002,15.400000000000002,18.379999999999995,14.370139379033917,15.188409777821732,14.630353275195887,15.041325036318293,14.653585512075356,18.361966162670797
2019-10-13,Chennai,2,12.82,True,15.400000000000002,9.1,13.519999999999998,14.423384602708643,15.236859104257427,13.871099263949443,15.548468915366769,14.421359611871493,17.834704031032448
2019-10-14,Chennai,2,10.65,True,15.400000000000002,11.320000000000002,15.819999999999997,14.477831599545317,15.315644909033896,14.677880653861962,15.369499769530725,15.053537215777773,18.324015856424765
2019-10-15,Chennai,2,14.28,True,15.400000000000002,13.2,12.850000000000003,14.532006640387415,15.409261213944028,15.427457445173552,15.43624956881905,15.148050275512656,20.018193936848384
2019-10-16,Chennai,2,13.95,True,15.400000000000002,14.869999999999997,12.679999999999998,14.585184587318995,15.510071048467413,14.49701611799715,15.171716145329647,14.421815534203045,19.9838042220845
2019-10-17,Chennai,2,14.72,True,15.400000000000002,13.87,15.630000000000003,14.637020955448856,15.614268924995134,14.488142854777186,15.478388353034047,14.190717163307559,19.850666917284354
2019-10-18,Chennai,2,13.39,True,15.400000000000002,12.889999999999999,17.18,14.687364637798039,15.71992208695412,14.23006302966456,15.113455202081736,13.902315868134139,19.636564680657894
2019-10-19,Chennai,2,16.52,True,15.400000000000002,15.400000000000002,19.410000000000004,14.736162522117827,15.826013770165652,14.630353275195887,15.670332175848259,13.789345494176523,19.322479302737488
2019-10-20,Chennai,2,15.91,True,15.400000000000002,9.1,22.309999999999995,14.783410896876235,15.93197441901895,13.871099263949443,15.62500818773114,13.647828189429914,18.432613347789328
2019-10-21,Chennai,2,14.07,True,15.400000000000002,11.320000000000002,16.62,14.829130692598142,16.037451735078147,14.677880653861962,15.573855151593207,14.193814074513611,18.596093196342675
2019-10-22,Chennai,2,15.97,True,15.400000000000002,13.2,19.550000000000004,14.873354867892113,16.14219791954367,15.427457445173552,15.606093648403009,14.910582641046721,19.95530413885077
2019-10-23,Chennai,2,13.91,True,15.400000000000002,14.869999999999997,20.239999999999995,14.916121984073698,16.246014496807113,14.49701611799715,15.722253541120473,14.939909691882143,19.58285823988753
2019-10-24,Chennai,2,22.06,True,15.400000000000002,13.87,19.440000000000005,14.957472933617934,16.348725450901163,14.488142854777186,15.514021949286091,14.51820254821798,19.142963411230348
2019-10-25,Chennai,2,29.32,True,15.400000000000002,12.889999999999999,21.389999999999997,14.9974492761592,16.45016429216828,14.23006302966456,15.47042847190732,14.135343999772669,18.662249664808936
2019-10-26,Chennai,2,17.79,True,15.400000000000002,15.400000000000002,19.889999999999997,15.036092394197237,16.550167983143094,14.630353275195887,15.148351338825437,13.634434306516178,18.129842119973674
2019-10-27,Chennai,2,18.36,True,15.400000000000002,9.1,23.1,15.073443067102215,16.64857424629845,13.871099263949443,14.98457898601769,12.898966430136927,17.107915251500675
2019-10-28,Chennai,2,26.17,True,15.400000000000002,11.320000000000002,20.550000000000004,15.109541258886946,16.74522054302699,14.677880653861962,15.259608664927159,13.286790581962087,17.116239028925474
2019-10-29,Chennai,2,33.68,True,15.400000000000002,13.2,19.049999999999997,15.144426015506596,16.8399438818318,15.427457445173552,15.479937918414628,14.05831057621264,18.265622652197163
2019-10-30,Chennai,2,28.92,True,15.400000000000002,14.869999999999997,17.960000000000004,15.178135418532658,16.932581040699684,14.49701611799715,15.108343047010882,14.179797894047846,17.865071994267954
2019-10-31,Chennai,2,27.43,True,15.400000000000002,13.87,17.329999999999995,15.21070656806992,17.022968998478635,14.488142854777186,15.48506485372904,14.160787577155192,17.451394052931267
2019-11-01,Chennai,2,22.47,True,15.400000000000002,12.889999999999999,17.660000000000004,15.242175581039948,17.11094547315009,14.23006302966456,15.031858863804054,13.876656979022659,17.045515945352285
2019-11-02,Chennai,2,15.48,True,15.400000000000002,15.400000000000002,15.780000000000005,15.272577597707972,17.196349515455253,14.630353275195887,15.20301510219636,13.472099367920043,16.632541487382795
2019-11-03,Chennai,2,16.78,True,15.400000000000002,9.1,14.369999999999997,15.301946792772227,17.279022131096887,13.871099263949443,15.370820054596498,12.90358659579032,15.80000825566724
2019-11-04,Chennai,2,19.41,True,15.400000000000002,11.320000000000002,13.339999999999998,15.330316389091266,17.358806916820416,14.677880653861962,15.620800050749295,13.182465642821708,15.9521332349902
2019-06-08,Chennai,3,17.07,True,17.559999999999995,10.86,21.779999999999998,16.02263407429518,15.879820143872763,16.77699789728004,15.476545014758775,16.714308816717047,11.555855162909639
2019-06-09,Chennai,3,14.7,True,17.559999999999995,10.76,20.74,15.30818087230902,15.299427019470755,16.09253605071261,15.883829849367052,15.99925399245598,10.99905317676919
2019-06-10,Chennai,3,26.93,True,17.559999999999995,11.259999999999998,19.98,14.976735553586575,15.093333410719517,15.325040031466,15.801227101237748,15.139732578797698,11.026907928987619
2019-06-11,Chennai,3,27.66,True,17.559999999999995,11.259999999999998,23.469999999999995,14.831952300201742,14.988565928667361,16.277525955546338,15.656786429767257,14.874268406325745,11.919864676957435
2019-06-12,Chennai,3,23.0,True,17.559999999999995,11.209999999999999,23.689999999999998,14.780112089341623,14.952540221644805,15.346943814598312,15.389494794746392,14.456099742584804,11.829621404036883
2019-06-13,Chennai,3,24.04,True,17.559999999999995,13.320000000000002,32.220000000000006,14.774826464606152,15.124338192733049,15.463066040859065,15.692576834649373,14.132457437296958,11.646573953589378
2019-06-14,Chennai,3,34.45,True,17.559999999999995,17.559999999999995,24.550000000000004,14.792695627007069,15.415080787793588,15.35220701923921,15.198542491072315,13.939034983872766,11.520249201128486
2019-06-15,Chennai,3,23.57,True,17.559999999999995,10.86,21.030000000000005,14.821805894729492,15.351978806460448,16.77699789728004,15.741991474720189,13.593459712341811,11.341134385080117
2019-06-16,Chennai,3,21.94,True,17.559999999999995,10.76,21.35,14.856069104257472,15.328848495278937,16.09253605071261,15.767376306961237,13.02542178580572,10.922952815111774
2019-06-17,Chennai,3,24.69,True,17.559999999999995,11.259999999999998,23.760000000000005,14.892374600314932,15.32250605586599,15.325040031466,15.917393182675369,13.042857787827073,11.077522899673708
2019-06-18,Chennai,3,25.31,True,17.559999999999995,11.259999999999998,23.43,14.929139460505885,15.321537963725767,16.277525955546338,15.462958813075042,13.20411611389666,12.105338322832841
2019-06-19,Chennai,3,19.57,True,17.559999999999995,11.209999999999999,20.36,14.965566003767087,15.320402727972073,15.346943814598312,15.647537841588123,13.783888168576103,12.136322093692716
2019-06-20,Chennai,3,21.33,True,17.559999999999995,13.320000000000002,26.730000000000004,15.001260353942527,15.31650533858307,15.463066040859065,15.549453933708136,13.945116117384517,12.059760837621221
2019-06-21,Chennai,3,22.3,True,17.559999999999995,17.559999999999995,20.06,15.036036185600299,15.308730947912313,15.35220701923921,15.743665328701033,13.946217184687479,12.02708232385041
2019-06-22,Chennai,3,17.93,True,17.559999999999995,10.86,20.51,15.069813675432972,15.296706161011588,16.77699789728004,15.7378134922156,14.485416059905749,11.923385954082772
2019-06-23,Chennai,3,18.25,True,17.559999999999995,10.76,21.55,15.102567458563229,15.280425986204648,16.09253605071261,15.786397016254833,15.130615366192853,11.5505711389759
2019-06-24,Chennai,3,19.87,True,17.559999999999995,11.259999999999998,19.880000000000003,15.134299823261461,15.26006524768059,15.325040031466,16.150237466316565,15.662507485046977,11.763070402350012
2019-06-25,Chennai,3,25.81,True,17.559999999999995,11.259999999999998,21.679999999999996,15.165026907170041,15.235883218598975,16.277525955546338,15.88208785449262,14.930863577304361,12.88489825134873
2019-06-26,Chennai,3,18.68,True,17.559999999999995,11.209999999999999,21.880000000000003,15.194771591879004,15.20817540529751,15.346943814598312,15.681962610345998,14.073705956664565,12.934724199906977
2019-06-27,Chennai,3,29.01,True,17.559999999999995,13.320000000000002,20.829999999999995,15.223559848586536,15.177249194145336,15.463066040859065,15.743057736220571,13.915403717329513,12.85190764044351
2019-06-28,Chennai,3,15.36,True,17.559999999999995,17.559999999999995,20.9,15.25141886183425,15.143411583366529,15.35220701923921,15.211071807702643,14.43699367061275,12.797828887650514
2019-06-29,Chennai,3,21.16,True,17.559999999999995,10.86,21.910000000000004,15.278376069378808,15.106963042552714,16.77699789728004,15.489428890486316,14.671838678287541,12.652148375127169
2019-06-30,Chennai,3,22.21,True,17.559999999999995,10.76,20.789999999999996,15.304458674137845,15.068194486100158,16.09253605071261,15.571542805639817,14.310472672965064,12.208856268550607
2019-07-01,Chennai,3,20.68,True,17.559999999999995,11.259999999999998,19.069999999999997,15.329693399436383,15.027385835275087,15.325040031466,15.620886474568612,14.42881048374421,12.36917068154433
2019-07-02,Chennai,3,19.08,True,17.559999999999995,11.259999999999998,19.61,15.354106369689735,14.984805396176663,16.277525955546338,15.353598391080581,14.987885417348645,13.463509472941535
2019-07-03,Chennai,3,19.12,True,17.559999999999995,11.209999999999999,18.159999999999997,15.377723055792693,14.940709661331516,15.346943814598312,15.668620486326425,14.900161851001794,13.425002947321424
2019-07-04,Chennai,3,17.96,True,17.559999999999995,13.320000000000002,19.43,15.4005682539151,14.895343335020682,15.463066040859065,15.29186126493348,14.789219730913604,13.242772563244506
2019-07-05,Chennai,3,18.91,True,17.559999999999995,17.559999999999995,21.430000000000003,15.422666081563854,14.848939479754646,15.35220701923921,15.444495621575859,14.909653290455894,13.087148551914417
2019-07-06,Chennai,3,23.03,True,17.559999999999995,10.86,23.44,15.44403998258019,14.801719730601288,16.77699789728004,15.496250329804665,14.84670175709416,12.838234340004755
2019-07-07,Chennai,3,16.99,True,17.559999999999995,10.76,24.81,15.464712736764124,14.753894549098897,16.09253605071261,15.887890996433464,14.761691795067405,12.293239326880292
2019-02-08,Chennai,4,11.83,True,12.160000000000002,11.85,20.559999999999995,12.412726345849254,12.446744968382218,12.332147325929588,15.48662609166305,12.117609129002103,12.55089641150579
2019-02-09,Chennai,4,10.92,True,12.160000000000002,12.05,18.92,12.59216816154513,12.659640457034218,12.391756923068607,15.871559586268836,12.308151743026942,12.040382697659858
2019-02-10,Chennai,4,10.88,True,12.160000000000002,11.259999999999998,20.61,12.730239809381084,12.742550917166716,11.560861624597505,15.797725719042864,12.214378325374348,11.325857931343485
2019-02-11,Chennai,4,10.27,True,12.160000000000002,11.890000000000002,17.7,12.844711866443841,12.912008175963612,12.025494989016922,15.662858327227747,12.572255830370086,11.305413216550258
2019-02-12,Chennai,4,10.73,True,12.160000000000002,12.340000000000003,16.23,12.945380499675444,13.04377743336931,12.584305434775052,15.463090245394689,12.677579264677616,12.027417247378402
2019-02-13,Chennai,4,12.07,True,12.160000000000002,13.449999999999998,19.550000000000004,13.037621456100632,13.224512423983706,12.445911669932457,15.694163681742467,12.72292985457702,11.805006377258739
2019-02-14,Chennai,4,11.68,True,12.160000000000002,12.160000000000002,22.900000000000002,13.124382237457562,13.232774416690075,12.502607062875322,15.21917435117791,12.924841219005469,11.34722273058488
2019-02-15,Chennai,4,11.22,True,12.160000000000002,11.85,21.910000000000004,13.207283035977067,13.348395742104378,12.332147325929588,15.8713720667336,12.905867415720996,10.955366357488945
2019-02-16,Chennai,4,11.06,True,12.160000000000002,12.05,16.259999999999998,13.28722052833816,13.455224434302739,12.391756923068607,15.535119268012652,12.791033976048926,10.383703541638205
2019-02-17,Chennai,4,10.9,True,12.160000000000002,11.259999999999998,13.410000000000004,13.364697636108406,13.557141500825239,11.560861624597505,15.761250647321036,12.411834966987618,9.667633433973766
2019-02-18,Chennai,4,10.6,True,12.160000000000002,11.890000000000002,15.409999999999997,13.440003195153997,13.656078284518445,12.025494989016922,15.401994392867762,12.395961736212785,9.582617716757442
2019-02-19,Chennai,4,10.58,True,12.160000000000002,12.340000000000003,14.050000000000004,13.513309706730924,13.75302734171405,12.584305434775052,15.709830106923414,12.723872165742202,10.16076541750986
2019-02-20,Chennai,4,11.75,True,12.160000000000002,13.449999999999998,15.789999999999996,13.584726467214653,13.848525308944186,12.445911669932457,15.292400074938513,12.981418079150775,9.957813803678565
2019-02-21,Chennai,4,11.21,True,12.160000000000002,12.160000000000002,14.74,13.65432842108557,13.942883285514785,12.502607062875322,16.200124210812085,13.098085515097889,9.583728375640765
2019-02-22,Chennai,4,11.82,True,12.160000000000002,11.85,14.410000000000002,13.72217181595504,14.036296837955177,12.332147325929588,15.811058889541345,12.972474015508539,9.294143359434194
2019-02-23,Chennai,4,13.88,True,12.160000000000002,12.05,13.99,13.788302686581765,14.128898697574218,12.391756923068607,15.826594672505072,12.656770434004487,8.873822685919137
2019-02-24,Chennai,4,12.35,True,12.160000000000002,11.259999999999998,12.06,13.852761444489545,14.220784198466657,11.560861624597505,16.166381561851647,11.892132737051252,8.345723264813392
2019-02-25,Chennai,4,11.7,True,12.160000000000002,11.890000000000002,11.049999999999999,13.915585353755766,14.31202375396758,12.025494989016922,16.025569987082264,12.158596127909332,8.38795993952403
2019-02-26,Chennai,4,12.07,True,12.160000000000002,12.340000000000003,12.98,13.976809860229029,14.402669170440179,12.584305434775052,15.728687763511168,12.483659928212447,9.0482034313094
2019-02-27,Chennai,4,10.65,True,12.160000000000002,13.449999999999998,15.119999999999997,14.036469299459005,14.49275702973088,12.445911669932457,15.676338753722566,12.335638458177142,9.03193087226778
2019-02-28,Chennai,4,14.43,True,12.160000000000002,12.160000000000002,15.610000000000003,14.094597268513025,14.582310675407165,12.502607062875322,15.311554384171501,12.28906135370908,8.868690779596879
2019-03-01,Chennai,4,11.01,True,12.160000000000002,11.85,11.85,14.15122681644451,14.671341531769334,12.332147325929588,15.462353439453196,12.410597541019778,8.787932844560045
2019-03-02,Chennai,4,15.07,True,12.160000000000002,12.05,11.840000000000002,14.206390537365488,14.759850101672708,12.391756923068607,15.443825679753358,12.589789425291908,8.580698803269652
2019-03-03,Chennai,4,18.86,True,12.160000000000002,11.259999999999998,12.93,14.26012061163236,14.84782680735104,11.560861624597505,15.653095182841485,12.345947083212057,8.2569806736996
2019-03-04,Chennai,4,13.32,True,12.160000000000002,11.890000000000002,13.370000000000001,14.312448819788056,14.935252752121814,12.025494989016922,15.35998600107506,12.498156616514704,8.490824739297747
2019-03-05,Chennai,4,27.1,True,12.160000000000002,12.340000000000003,10.82,14.363406542581401,15.022100439907643,12.584305434775052,15.513525537292688,13.077032962665797,9.361640791465355
2019-03-06,Chennai,4,12.09,True,12.160000000000002,13.449999999999998,12.83,14.413024754242121,15.108334470085264,12.445911669932457,15.306576192956001,13.60368562938389,9.540686519153239
2019-03-07,Chennai,4,20.52,True,12.160000000000002,12.160000000000002,16.630000000000003,14.461334012859423,15.193912215953393,12.502607062875322,15.272635452687354,13.87581284757477,9.549750635153222
2019-03-08,Chennai,4,14.39,True,12.160000000000002,11.85,22.600000000000005,14.508364449906793,15.278784490717268,12.332147325929588,15.490297752008848,13.826097312995977,9.625741504325667
2019-03-09,Chennai,4,21.64,True,12.160000000000002,12.05,16.089999999999996,14.554145759978637,15.362896202771893,12.391756923068607,15.73958781313918,13.568752896214413,9.538822662885817
2018-10-11,Chennai,5,19.25,True,21.119999999999997,15.719999999999995,20.160000000000004,19.314172230853103,19.696557566052597,19.748765655757367,14.939173609579809,20.621594490227185,26.77201353599015
2018-10-12,Chennai,5,18.38,True,21.119999999999997,18.379999999999995,20.180000000000003,18.39113770457586,19.170049005804657,20.11652318378093,14.92232280358443,19.57599978488819,27.1229846390722
2018-10-13,Chennai,5,13.52,True,21.119999999999997,15.290000000000003,22.359999999999996,17.897950802266198,18.56426116919606,20.106823117968556,14.89993933245942,18.703796984427253,26.838934949991195
2018-10-14,Chennai,5,15.82,True,21.119999999999997,13.799999999999997,21.730000000000004,17.62357946580986,18.21273964055209,18.428412864795746,14.725725463112632,17.860668356782014,26.218152367780075
2018-10-15,Chennai,5,12.85,True,21.119999999999997,17.820000000000004,17.74,17.463496888173292,18.381751017460783,19.078178001681778,14.910386245270894,18.750703401673878,26.948232666493226
2018-10-16,Chennai,5,12.68,True,21.119999999999997,17.820000000000004,18.88,17.364094143062644,18.25024531572816,19.354560952509367,14.893487639983434,19.54024869950374,29.524812218131327
2018-10-17,Chennai,5,15.63,True,21.119999999999997,21.119999999999997,19.660000000000004,17.297335350644296,18.355084541235065,19.78807115491738,15.041056503814866,20.5859359321919,29.906194005139234
2018-10-18,Chennai,5,17.18,True,21.119999999999997,15.719999999999995,24.61,17.248396593603292,18.151485689852286,19.748765655757367,14.824960618230728,20.611766159074037,29.586677892082946
2018-10-19,Chennai,5,19.41,True,21.119999999999997,18.379999999999995,26.9,17.209388264658347,18.016716135346144,20.11652318378093,15.059435906471535,20.063287681758702,29.421355487301597
2018-10-20,Chennai,5,22.31,True,21.119999999999997,15.290000000000003,19.36,17.17609204643434,17.91370197675467,20.106823117968556,14.915599477328678,19.421537799717573,28.548103970801588
2018-10-21,Chennai,5,16.62,True,21.119999999999997,13.799999999999997,22.859999999999996,17.146242739339712,17.827750870810853,18.428412864795746,14.899187513903689,18.792081713910136,27.33048967182509
2018-10-22,Chennai,5,19.55,True,21.119999999999997,17.820000000000004,21.360000000000003,17.118617078008086,17.752783798953974,19.078178001681778,15.055090347691428,19.893154269049635,27.5250200155139
2018-10-23,Chennai,5,20.24,True,21.119999999999997,17.820000000000004,25.920000000000005,17.092548623964635,17.686078247402445,19.354560952509367,15.0164168488661,21.438036780791,29.560507218767725
2018-10-24,Chennai,5,19.44,True,21.119999999999997,21.119999999999997,21.910000000000004,17.06766894253927,17.626242345560733,19.78807115491738,15.05381091653698,21.26122518407132,29.37724224654492
2018-10-25,Chennai,5,21.39,True,21.119999999999997,15.719999999999995,18.110000000000003,17.043769342594302,17.57242941905294,19.748765655757367,14.881707582182726,21.389754760703347,28.55161943127128
2018-10-26,Chennai,5,19.89,True,21.119999999999997,18.379999999999995,19.04,17.020726964328595,17.524031223247608,20.11652318378093,14.767700375860779,20.843878393686776,27.940295857487147
2018-10-27,Chennai,5,23.1,True,21.119999999999997,15.290000000000003,20.74,16.99846524517123,17.480556488165536,20.106823117968556,14.95001444391589,20.51533375159075,26.734410310476864
2018-10-28,Chennai,5,20.55,True,21.119999999999997,13.799999999999997,19.51,16.976932762525273,17.441581447227016,18.428412864795746,15.059177410726738,19.68882020614656,25.298763586470148
2018-10-29,Chennai,5,19.05,True,21.119999999999997,17.820000000000004,21.299999999999997,16.956091903262372,17.40672849007116,19.078178001681778,14.775020377698675,20.26975316056143,25.256515891418847
2018-10-30,Chennai,5,17.96,True,21.119999999999997,17.820000000000004,18.46,16.935912789207674,17.375655933623975,19.354560952509367,14.981988311144674,21.14172519223719,26.97181498301566
2018-10-31,Chennai,5,17.33,True,21.119999999999997,21.119999999999997,21.69,16.91637001448179,17.34805229912581,19.78807115491738,14.812703736284336,21.20155887713063,26.72842952897884
2018-11-01,Chennai,5,17.66,True,21.119999999999997,15.719999999999995,20.349999999999998,16.89744088751162,17.323632510237147,19.748765655757367,14.754716882427465,21.738573979364094,25.98099248267616
2018-11-02,Chennai,5,15.78,True,21.119999999999997,18.379999999999995,18.51,16.879104478499976,17.302134990449655,20.11652318378093,14.905878790336885,21.709474820511076,25.50590571146841
2018-11-03,Chennai,5,14.37,True,21.119999999999997,15.290000000000003,21.200000000000003,16.861341098307832,17.28331924642588,20.106823117968556,14.942361641760607,22.113279531299906,24.552374011987947
2018-11-04,Chennai,5,13.34,True,21.119999999999997,13.799999999999997,23.880000000000003,16.844132008627263,17.266963762027988,18.428412864795746,14.769125316351763,21.1240950803389,23.43673295584431
2018-11-05,Chennai,5,15.35,True,21.119999999999997,17.820000000000004,16.96,16.82745925636017,17.25286412209714,19.078178001681778,15.166801765299468,21.456779060313647,23.662987647631976
2018-11-06,Chennai,5,17.64,True,21.119999999999997,17.820000000000004,20.489999999999995,16.811305574889598,17.240831323298362,19.354560952509367,14.780999099297025,22.42913875306452,25.612759302116938
2018-11-07,Chennai,5,18.17,True,21.119999999999997,21.119999999999997,21.369999999999997,16.795654321558526,17.230690245622057,19.78807115491738,14.86669513201,22.411326372685263,25.763671699022453
2018-11-08,Chennai,5,21.91,True,21.119999999999997,15.719999999999995,18.769999999999996,16.780489434918326,17.222278265681798,19.748765655757367,14.87492143019498,22.54128714199019,25.45032892824787
2018-11-09,Chennai,5,16.56,True,21.119999999999997,18.379999999999995,19.51,16.765795402933,17.21544399693646,20.11652318378093,15.19558083797194,22.353020149908538,25.40989935755878
2020-06-02,Hyderabad,0,23.75,True,30.480000000000004,23.189999999999998,19.269999999999996,30.08254577305279,28.69347119408552,30.313131960545498,21.268618316133537,26.62927856595867,18.52120320946287
2020-06-03,Hyderabad,0,20.72,True,30.480000000000004,24.26,23.839999999999993,28.83047319973537,27.280864081394,30.50298078103117,21.648919815607517,25.090261158160338,18.116754817181253
2020-06-04,Hyderabad,0,18.89,True,30.480000000000004,26.370000000000005,30.319999999999997,28.705610059135427,26.43606399952766,31.166006876720097,21.507251763034507,24.919617500263687,17.56761416259097
2020-06-05,Hyderabad,0,22.78,True,30.480000000000004,24.049999999999997,23.98,27.96128503340964,25.08235685497763,30.288825759551422,21.294868546827573,26.051781352973457,16.531565768752852
2020-06-06,Hyderabad,0,20.88,True,30.480000000000004,23.9,22.08,28.11102241499175,24.372844280779347,31.12534768777867,20.539150852268794,24.856685613759634,15.747794876344727
2020-06-07,Hyderabad,0,18.0,True,30.480000000000004,27.749999999999996,30.990000000000002,27.564519343123216,23.005335532125354,30.106683336591537,21.439301028383785,24.757888030559588,14.577303847895775
2020-06-08,Hyderabad,0,19.5,True,30.480000000000004,30.480000000000004,23.400000000000002,27.81341744127217,22.392764713694056,30.09817317015203,19.89471186541985,23.63890919636265,14.12947162517894
2020-06-09,Hyderabad,0,19.43,True,30.480000000000004,23.189999999999998,20.709999999999997,27.35038423683664,22.01287863554006,30.313131960545498,20.858375128148335,22.218933217995655,14.379278297771362
2020-06-10,Hyderabad,0,21.57,True,30.480000000000004,24.26,19.180000000000003,27.63250438822662,21.475794138385673,30.50298078103117,21.32496769622424,22.301785916443606,14.094033754423718
2020-06-11,Hyderabad,0,23.97,True,30.480000000000004,26.370000000000005,15.469999999999995,27.20899922060919,20.958858384250778,31.166006876720097,21.38931632657032,22.1184601089452,13.718799170191366
2020-06-12,Hyderabad,0,21.01,True,30.480000000000004,24.049999999999997,17.240000000000002,27.499038877706447,20.02149003889957,30.288825759551422,20.202657549659403,22.048702606616303,12.976118175967803
2020-06-13,Hyderabad,0,19.35,True,30.480000000000004,23.9,14.46,27.097787780076292,19.58628435509164,31.12534768777867,20.693386991340518,22.10238757256579,12.447683145750135
2020-06-14,Hyderabad,0,19.97,True,30.480000000000004,27.749999999999996,13.519999999999998,27.386033756223288,18.606864505348742,30.106683336591537,20.470594669304372,22.203521062555655,11.615965492080432
2020-06-15,Hyderabad,0,19.95,True,30.480000000000004,30.480000000000004,9.26,27.000079851017333,18.228098157961508,30.09817317015203,20.803308145968877,20.85183764668456,11.374742083079052
2020-06-16,Hyderabad,0,17.7,True,30.480000000000004,23.189999999999998,12.020000000000001,27.282877926752356,18.032695325225934,30.313131960545498,20.484735248631633,21.282550270254603,11.71752993731943
2020-06-17,Hyderabad,0,18.86,True,30.480000000000004,24.26,10.98,26.909293888087557,17.70196964969591,30.50298078103117,20.98753750428536,21.53845431156524,11.630360705591897
2020-06-18,Hyderabad,0,18.92,True,30.480000000000004,26.370000000000005,11.54,27.18535445650257,17.381458214108672,31.166006876720097,20.590420144963634,21.889835761801983,11.47185061277221
2020-06-19,Hyderabad,0,20.73,True,30.480000000000004,24.049999999999997,11.049999999999999,26.822796476376812,16.702866441593564,30.288825759551422,20.80593969953987,22.925267127076985,10.998055546477481
2020-06-20,Hyderabad,0,19.96,True,30.480000000000004,23.9,16.829999999999995,27.091751800841102,16.43718190212351,31.12534768777867,20.010207944149542,23.290878470180015,10.699523686462623
2020-06-21,Hyderabad,0,21.8,True,30.480000000000004,27.749999999999996,15.009999999999998,26.73950337960651,15.705671784260247,30.106683336591537,19.880474219280426,22.72853728522157,10.124551411490941
2020-06-22,Hyderabad,0,21.71,True,30.480000000000004,30.480000000000004,19.640000000000004,27.00134258113183,15.47589465113705,30.09817317015203,18.737664706151822,22.069445471340046,10.058635505303826
2020-06-23,Hyderabad,0,22.45,True,30.480000000000004,23.189999999999998,19.859999999999996,26.658939831212294,15.399189759891136,30.313131960545498,20.162803455448902,22.54647944373027,10.514766909298823
2020-06-24,Hyderabad,0,24.72,True,30.480000000000004,24.26,23.580000000000002,26.91378745929506,15.203756788484931,30.50298078103117,19.762143258017872,22.765355398817366,10.581531597791768
2020-06-25,Hyderabad,0,25.42,True,30.480000000000004,26.370000000000005,13.790000000000001,26.58087199017177,15.0138097092977,31.166006876720097,19.886369369157332,22.752355251090748,10.575079074602789
2020-06-26,Hyderabad,0,21.78,True,30.480000000000004,24.049999999999997,11.879999999999999,26.828901311049417,14.50879895505809,30.288825759551422,19.76626694961951,22.628534766636502,10.262470143441487
2020-06-27,Hyderabad,0,22.64,True,30.480000000000004,23.9,9.709999999999999,26.505162287129,14.358831420187292,31.12534768777867,19.95174058111292,22.685394198891217,10.098342740153672
2020-06-28,Hyderabad,0,22.73,True,30.480000000000004,27.749999999999996,13.54,26.74656142663641,13.796118856951935,30.106683336591537,18.947915928595748,22.467931684805514,9.65459240525294
2020-06-29,Hyderabad,0,27.59,True,30.480000000000004,30.480000000000004,16.939999999999998,26.431712590995545,13.670598717376995,30.09817317015203,19.613520644574706,22.333540999787083,9.682842662082217
2020-06-30,Hyderabad,0,24.58,True,30.480000000000004,23.189999999999998,14.659999999999997,26.666671415896975,13.67910048532603,30.313131960545498,19.505817368606078,22.43849148619725,10.207715676198934
2020-07-01,Hyderabad,0,27.18,True,30.480000000000004,24.26,14.339999999999998,26.36044183557895,13.580617586184017,30.50298078103117,20.061365275291433,22.42296710019096,10.345907095278445
2020-02-03,Hyderabad,1,30.21,True,29.279999999999998,38.529999999999994,41.849999999999994,29.54099993168469,29.787892006071875,30.399459297381075,36.24520563522796,32.58159014487986,26.509306922490865
2020-02-04,Hyderabad,1,31.23,True,29.279999999999998,29.77,42.48,30.575618844443223,31.017371525704775,29.793240070292015,39.88185907927683,36.05021556418791,28.11736267148319
2020-02-05,Hyderabad,1,34.88,True,29.279999999999998,38.77,45.85,31.264825105520536,31.006016957194845,30.272505201283852,38.50037068837454,36.941036993218994,28.598662825040055
2020-02-06,Hyderabad,1,41.17,True,29.279999999999998,36.65999999999999,45.84,31.62121909191911,30.88050826695027,30.64040571393339,37.11845648103077,35.92390970193295,28.83779560905079
2020-02-07,Hyderabad,1,28.37,True,29.279999999999998,38.18,35.49,31.766764210337712,30.553030952825406,30.5981620977312,38.019470492814776,35.04061378999777,28.3643312451527
2020-02-08,Hyderabad,1,28.55,True,29.279999999999998,40.690000000000005,48.410000000000004,31.79099596579676,30.704151394796426,31.247126755074987,36.470652858561856,35.17328026687804,28.11121266192993
2020-02-09,Hyderabad,1,27.11,True,29.279999999999998,29.279999999999998,43.21,31.747873490637488,29.891242214891655,30.326920487692632,38.05729261056582,36.135689394191076,27.150574917380613
2020-02-10,Hyderabad,1,29.29,True,29.279999999999998,38.529999999999994,39.42999999999999,31.668194954730716,30.154388970615273,30.399459297381075,35.6478729805198,37.473468064060796,27.394322586828174
2020-02-11,Hyderabad,1,29.93,True,29.279999999999998,29.77,35.54999999999999,31.569209585458516,30.378792153909203,29.793240070292015,38.11352229878678,37.80228799036983,29.067667563351023
2020-02-12,Hyderabad,1,36.64,True,29.279999999999998,38.77,46.129999999999995,31.460500601232006,30.394234550828294,30.272505201283852,35.177432894725634,37.132685306298185,29.55321777697929
2020-02-13,Hyderabad,1,43.3,True,29.279999999999998,36.65999999999999,56.54000000000001,31.34736702345856,30.302797332012222,30.64040571393339,35.68368387508773,35.939627018924845,29.76403851404956
2020-02-14,Hyderabad,1,60.15,True,29.279999999999998,38.18,47.79,31.232726085479882,30.01797087295201,30.5981620977312,37.43475883144683,35.31684990894907,29.21753908913495
2020-02-15,Hyderabad,1,57.58,True,29.279999999999998,40.690000000000005,38.739999999999995,31.11817418733277,30.20450968956065,31.247126755074987,38.21637938655315,35.1972812566462,28.877947081994304
2020-02-16,Hyderabad,1,43.19,True,29.279999999999998,29.279999999999998,46.78,31.00457629484363,29.450516544993473,30.326920487692632,39.24900890662938,35.652649923225184,27.796454279171094
2020-02-17,Hyderabad,1,44.99,True,29.279999999999998,38.529999999999994,44.86999999999999,30.89239275954909,29.7533376066507,30.399459297381075,35.08395658197707,36.71452934483053,27.931906739893694
2020-02-18,Hyderabad,1,47.25,True,29.279999999999998,29.77,51.92,30.78186036523123,30.021811413919014,29.793240070292015,34.99704205509641,37.700916621475855,29.499738355582725
2020-02-19,Hyderabad,1,44.57,True,29.279999999999998,38.77,38.849999999999994,30.673092568634758,30.087992986017277,30.272505201283852,36.94954808933036,37.28930784328461,29.83808644696131
2020-02-20,Hyderabad,1,27.45,True,29.279999999999998,36.65999999999999,31.300000000000004,30.566134982036523,30.05124984182995,30.64040571393339,36.81976677569549,36.74899283786573,29.88296648492837
2020-02-21,Hyderabad,1,22.96,True,29.279999999999998,38.18,35.72,30.460996074195315,29.825275257415342,30.5981620977312,36.40450944403966,36.69874297070841,29.159243648452335
2020-02-22,Hyderabad,1,27.78,True,29.279999999999998,40.690000000000005,43.43000000000001,30.357664152994428,30.06659188657992,31.247126755074987,36.81432108006752,37.249225657190024,28.639383066898006
2020-02-23,Hyderabad,1,24.85,True,29.279999999999998,29.279999999999998,51.31000000000001,30.256116754830252,29.377558843017077,30.326920487692632,37.21642450717827,36.469205937361316,27.38691110097981
2020-02-24,Hyderabad,1,27.31,True,29.279999999999998,38.529999999999994,39.74999999999999,30.15632583127672,29.73686855869024,30.399459297381075,36.05891554905492,36.12023380966004,27.337022405996343
2020-02-25,Hyderabad,1,28.15,True,29.279999999999998,29.77,37.02,30.058260609741172,30.06413068629097,29.793240070292015,35.68342526343,36.66166740483058,28.678609194624958
2020-02-26,Hyderabad,1,34.26,True,29.279999999999998,38.77,46.580000000000005,29.961889166890323,30.19140863775194,30.272505201283852,34.91200617751837,37.44772865757776,28.813530820588056
2020-02-27,Hyderabad,1,33.43,True,29.279999999999998,36.65999999999999,44.71999999999999,29.86717928982593,30.216554914247634,30.64040571393339,35.99292615033475,36.98786003400632,28.666672641762837
2020-02-28,Hyderabad,1,29.75,True,29.279999999999998,38.18,37.89000000000001,29.774098943275913,30.05226580439756,30.5981620977312,35.121221532615074,35.45347072053993,27.792348636965983
2020-02-29,Hyderabad,1,25.56,True,29.279999999999998,40.690000000000005,45.29999999999999,29.682616518971432,30.35584434631499,31.247126755074987,37.06280086065459,34.919479566242096,27.12896219364413
2020-03-01,Hyderabad,1,27.41,True,29.279999999999998,29.279999999999998,30.469999999999995,29.5927009647261,29.72475170672226,30.326920487692632,32.808434424981364,34.054929196631385,25.79105525881764
2020-03-02,Hyderabad,1,31.95,True,29.279999999999998,38.529999999999994,28.790000000000006,29.50432184719388,30.146350008051254,30.399459297381075,33.906189034735085,34.98150122322632,25.60786350347609
2020-03-03,Hyderabad,1,27.73,True,29.279999999999998,29.77,34.92,29.41744937817965,30.536130197406724,29.793240070292015,33.69510492423525,36.22324180145855,26.74069035024393
2019-10-06,Hyderabad,2,26.42,True,26.370000000000005,21.560000000000002,42.32999999999999,25.52822104574796,25.31809894095597,26.285287136986376,20.5319002294703,23.802410297411544,19.93993924616859
2019-10-07,Hyderabad,2,23.98,True,26.370000000000005,28.89,39.74999999999999,24.75823689363839,24.740561763227852,25.71403111516162,21.16861919463149,23.105419835090597,19.815584318704452
2019-10-08,Hyderabad,2,21.05,True,26.370000000000005,21.75,40.32999999999999,24.284650324853366,25.02215348572138,25.423565210981675,20.639537334168757,23.03298796978283,20.79416240564269
2019-10-09,Hyderabad,2,25.34,True,26.370000000000005,21.430000000000003,46.529999999999994,24.01105565268849,24.7470735799201,25.698279432552702,20.42192368384615,23.104856618035733,20.76948081629639
2019-10-10,Hyderabad,2,32.44,True,26.370000000000005,24.899999999999995,48.32000000000001,23.85385621854746,24.32806284884364,25.652119016375565,20.3767308502657,22.552818410452318,20.525381985687268
2019-10-11,Hyderabad,2,26.75,True,26.370000000000005,24.269999999999992,43.03000000000001,23.76252984732158,23.692994581807923,25.7855736920235,20.7510130861222,21.48642291785039,19.722770779036253
2019-10-12,Hyderabad,2,27.6,True,26.370000000000005,26.370000000000005,42.790000000000006,23.708341777110114,23.27695236191391,26.15747158990299,20.406984999031092,21.46280860125812,19.038399617557076
2019-10-13,Hyderabad,2,24.49,True,26.370000000000005,21.560000000000002,46.54,23.675120055842413,22.724699032573152,26.285287136986376,20.682579632389416,22.287495796069997,17.962910896607454
2019-10-14,Hyderabad,2,24.54,True,26.370000000000005,28.89,36.76,23.653764380665145,22.687978573390406,25.71403111516162,21.33296344999923,24.46940728983094,17.69998885429449
2019-10-15,Hyderabad,2,23.13,True,26.370000000000005,21.75,35.21,23.639146181112825,23.059245525517355,25.423565210981675,20.852773922520285,26.470212762117008,18.448211427144468
2019-10-16,Hyderabad,2,28.52,True,26.370000000000005,21.430000000000003,32.39,23.628371390345485,22.917344987564377,25.698279432552702,20.706942109100638,26.39961586051646,18.325678860003716
2019-10-17,Hyderabad,2,27.32,True,26.370000000000005,24.899999999999995,34.67,23.619805313641667,22.637978810866787,25.652119016375565,21.218934399247356,26.015313851061958,18.042827390940044
2019-10-18,Hyderabad,2,20.85,True,26.370000000000005,24.269999999999992,31.810000000000002,23.612523915975828,22.152324335703355,25.7855736920235,20.777446649622842,25.138507615034335,17.30383929436064
2019-10-19,Hyderabad,2,21.67,True,26.370000000000005,26.370000000000005,37.92,23.60600449186065,21.864968170558328,26.15747158990299,21.53853731029666,25.968123608526156,16.707179328138558
2019-10-20,Hyderabad,2,23.54,True,26.370000000000005,21.560000000000002,47.2,23.599951082327422,21.4449635656883,26.285287136986376,20.937667350447555,26.06489021137618,15.799756889566222
2019-10-21,Hyderabad,2,21.12,True,26.370000000000005,28.89,44.57000000000001,23.59419587405661,21.506030304041104,25.71403111516162,20.919091993572767,26.84374706936896,15.645389846572048
2019-10-22,Hyderabad,2,27.1,True,26.370000000000005,21.75,51.4,23.588643489343177,21.952531382898847,25.423565210981675,20.897856149388073,26.380573484749615,16.431472996656847
2019-10-23,Hyderabad,2,23.75,True,26.370000000000005,21.430000000000003,45.120000000000005,23.58323950232632,21.91258997003415,25.698279432552702,21.827012325165427,25.790697114596536,16.479241534175472
2019-10-24,Hyderabad,2,19.81,True,26.370000000000005,24.899999999999995,46.11000000000001,23.577952643956394,21.739257835888363,25.652119016375565,20.89989008734604,26.620953431119165,16.416017119603016
2019-10-25,Hyderabad,2,22.14,True,26.370000000000005,24.269999999999992,45.35,23.572764743189694,21.364911179806995,25.7855736920235,21.399739321662214,26.877623840894007,15.960177867110193
2019-10-26,Hyderabad,2,18.42,True,26.370000000000005,26.370000000000005,47.970000000000006,23.56766504084986,21.177045749733963,26.15747158990299,20.584006485992692,27.42699982798538,15.652362555015507
2019-10-27,Hyderabad,2,21.39,True,26.370000000000005,21.560000000000002,60.75000000000001,23.56264697517467,20.85782912278336,26.285287136986376,20.712421217538893,27.725424517714128,15.059939677646799
2019-10-28,Hyderabad,2,24.01,True,26.370000000000005,28.89,46.839999999999996,23.55770636456032,21.001883352242288,25.71403111516162,20.87004959940889,28.33413206009313,15.196392993337824
2019-10-29,Hyderabad,2,25.96,True,26.370000000000005,21.75,46.3,23.5528403801353,21.521342419589843,25.423565210981675,21.01576565561197,28.790380609454374,16.281831329064794
2019-10-30,Hyderabad,2,26.24,True,26.370000000000005,21.430000000000003,47.35,23.548046964828867,21.567215962444738,25.698279432552702,20.853153964814968,28.855881482246996,16.66952864713144
2019-10-31,Hyderabad,2,19.89,True,26.370000000000005,24.899999999999995,47.68999999999999,23.54332450484878,21.48088542020468,25.652119016375565,21.891004716164716,28.15529539853508,16.95857779427497
2019-11-01,Hyderabad,2,20.95,True,26.370000000000005,24.269999999999992,45.190000000000005,23.53867164385096,21.194177882342885,25.7855736920235,20.706474369483736,26.74111348264386,16.840252066516133
2019-11-02,Hyderabad,2,25.34,True,26.370000000000005,26.370000000000005,37.540000000000006,23.53408717777697,21.088318894773163,26.15747158990299,21.08577988579835,25.81997377872827,16.863669158852165
2019-11-03,Hyderabad,2,22.49,True,26.370000000000005,21.560000000000002,32.84000000000001,23.52956999529644,20.849651072480388,26.285287136986376,21.191773203985765,25.95077542591084,16.558607122205995
2019-11-04,Hyderabad,2,25.82,True,26.370000000000005,28.89,30.949999999999996,23.525119044032582,21.069366941313138,25.71403111516162,21.727506615903977,27.709122450355807,17.030050190697796
2019-06-08,Hyderabad,3,30.99,True,22.08,25.809999999999995,22.160000000000004,22.743413581195448,22.017644659738227,22.542780947833183,23.636668464990944,21.77472479794792,21.824355488362453
2019-06-09,Hyderabad,3,23.4,True,22.08,30.78,22.160000000000004,23.403146196100323,21.006274721618773,21.3708297513764,24.07849977984667,21.50813008808504,20.29581461171671
2019-06-10,Hyderabad,3,20.71,True,22.08,19.269999999999996,20.619999999999997,23.826058933486017,20.435788036740025,20.362140728112063,23.77552193447583,20.588720361863988,19.73056604935012
2019-06-11,Hyderabad,3,19.18,True,22.08,23.839999999999993,23.24,24.072379898312132,20.746709435383426,21.7971305192829,23.661339437901713,20.804666245031363,20.502532125761977
2019-06-12,Hyderabad,3,15.47,True,22.08,30.319999999999997,23.7,24.210632531530123,20.51554090048496,22.185618878245773,22.96126384340103,20.710996222119878,20.30852974339897
2019-06-13,Hyderabad,3,17.24,True,22.08,23.98,21.31,24.28606856489916,19.991618580472103,21.778200336917994,23.14421894677142,20.899283395979833,19.875094502274703
2019-06-14,Hyderabad,3,14.46,True,22.08,22.08,23.309999999999995,24.3256075640558,19.318978412925805,22.416009281976482,22.590547022326877,21.43164486580284,18.96585243854004
2019-06-15,Hyderabad,3,13.52,True,22.08,25.809999999999995,20.049999999999997,24.3447778796886,18.84793987005904,22.542780947833183,22.70250226691279,21.428634075811676,18.23410639658387
2019-06-16,Hyderabad,3,9.26,True,22.08,30.78,20.48,24.35244026604941,17.97486150855119,21.3708297513764,22.94854110296116,21.82834309210799,17.09003457251968
2019-06-17,Hyderabad,3,12.02,True,22.08,19.269999999999996,20.319999999999997,24.35362843184744,17.5497675346946,20.362140728112063,22.733943939889816,20.560619774515015,16.759762616894054
2019-06-18,Hyderabad,3,10.98,True,22.08,23.839999999999993,20.169999999999998,24.351195968361573,17.88439621074152,21.7971305192829,21.92522788006633,21.204999765423405,17.584621312271707
2019-06-19,Hyderabad,3,11.54,True,22.08,30.319999999999997,18.200000000000003,24.3467586658719,17.753462163578433,22.185618878245773,21.617026601232492,21.32529368369872,17.58501294778506
2019-06-20,Hyderabad,3,11.05,True,22.08,23.98,21.389999999999997,24.34123067341897,17.36853520391825,21.778200336917994,22.067095150328925,21.40227618378436,17.375655021915183
2019-06-21,Hyderabad,3,16.83,True,22.08,22.08,22.019999999999996,24.33512875803208,16.85225011097844,22.416009281976482,21.120288172060096,21.476710555967774,16.738744234095375
2019-06-22,Hyderabad,3,15.01,True,22.08,25.809999999999995,28.029999999999998,24.328744731929667,16.51005186328044,22.542780947833183,21.124379492395757,20.907806045872057,16.246584533530864
2019-06-23,Hyderabad,3,19.64,True,22.08,30.78,23.779999999999998,24.322243098172976,15.812246173217378,21.3708297513764,21.2702908301388,20.854583428091452,15.368393056167136
2019-06-24,Hyderabad,3,19.86,True,22.08,19.269999999999996,20.559999999999995,24.315716325450264,15.50600585298612,20.362140728112063,21.845141872015578,19.730878778282612,15.212402823648777
2019-06-25,Hyderabad,3,23.58,True,22.08,23.839999999999993,20.7,24.30921613081865,15.873147382437061,21.7971305192829,21.24490351385029,20.358423173044454,16.11152175206901
2019-06-26,Hyderabad,3,13.79,True,22.08,30.319999999999997,23.210000000000004,24.30277118194114,15.829074805201302,22.185618878245773,20.845936234945324,20.069410242069974,16.253657170736535
2019-06-27,Hyderabad,3,11.88,True,22.08,23.98,28.070000000000004,24.296397113673976,15.557891338886925,21.778200336917994,20.64143950880103,20.539744229340656,16.194323563241774
2019-06-28,Hyderabad,3,9.71,True,22.08,22.08,24.389999999999997,24.290102195561783,15.166773862281808,22.416009281976482,20.231167510745397,18.99207244722853,15.723055566698072
2019-06-29,Hyderabad,3,13.54,True,22.08,25.809999999999995,22.68,24.283890538449718,14.930169684807879,22.542780947833183,20.672223748187818,19.371333357074462,15.37429037837607
2019-06-30,Hyderabad,3,16.94,True,22.08,30.78,26.400000000000002,24.277763908678253,14.368741484583875,21.3708297513764,20.153311077459303,18.74816074064986,14.643756347126004
2019-07-01,Hyderabad,3,14.66,True,22.08,19.269999999999996,27.029999999999998,24.271722754433885,14.159955787185583,20.362140728112063,19.61151286445198,18.142590868929165,14.590592921712899
2019-07-02,Hyderabad,3,14.34,True,22.08,23.839999999999993,24.209999999999997,24.26576678633359,14.567196423539823,21.7971305192829,19.369975354516203,18.5601165343052,15.549571195012621
2019-07-03,Hyderabad,3,12.48,True,22.08,30.319999999999997,23.43,24.259895305794217,14.599453598626216,22.185618878245773,19.723524512072917,18.70222330059455,15.7750807470964
2019-07-04,Hyderabad,3,13.84,True,22.08,23.98,22.069999999999997,24.254107390698977,14.42178173868009,21.778200336917994,19.65706762295268,18.70807710064562,15.798004453056109
2019-07-05,Hyderabad,3,13.5,True,22.08,22.08,22.739999999999995,24.24840200032388,14.130751518499917,22.416009281976482,19.088019140099387,18.636199815051743,15.409055765192875
2019-07-06,Hyderabad,3,8.82,True,22.08,25.809999999999995,26.0,24.242778034582642,13.98119850099882,22.542780947833183,19.305192922143807,18.517715424740192,15.130032787987368
2019-07-07,Hyderabad,3,7.09,True,22.08,30.78,27.250000000000004,24.237234367426865,13.524738027450988,21.3708297513764,19.785813842224936,18.62943601786187,14.464357017350686
2019-02-08,Hyderabad,4,48.41,True,35.49,45.36000000000001,59.37000000000001,35.48610193200901,34.95734369082395,35.63670716602621,45.40396046156178,34.99175418052575,45.00904143985528
2019-02-09,Hyderabad,4,43.21,True,35.49,47.27000000000001,55.80999999999999,36.231117609899144,35.41979402886946,35.42039692163142,45.37925759147188,36.384550975647365,44.534080387223554
2019-02-10,Hyderabad,4,39.43,True,35.49,41.849999999999994,53.50000000000001,36.694933535893064,34.01448497034813,33.37837914752111,44.79259478812215,34.98835622419031,43.016742630280895
2019-02-11,Hyderabad,4,35.55,True,35.49,42.48,28.89999999999999,36.87898255463379,34.05685718051057,33.10165277210819,45.03750466815914,35.999899041078294,43.46272976215219
2019-02-12,Hyderabad,4,46.13,True,35.49,45.85,20.550000000000004,36.88466828578361,35.18888868590113,34.31222023623668,44.83168785206875,37.64678269740216,46.672748703028574
2019-02-13,Hyderabad,4,56.54,True,35.49,45.84,31.980000000000004,36.78741015396053,35.58407551738625,35.60370750734383,45.08275776986866,39.11455839843428,47.76955768459865
2019-02-14,Hyderabad,4,47.79,True,35.49,35.49,44.769999999999996,36.633196149309086,35.63660377950007,36.620506625244055,44.4947813273225,41.685275996506576,48.4241879553171
2019-02-15,Hyderabad,4,38.74,True,35.49,45.36000000000001,48.92999999999999,36.44864726487576,34.63214332281382,35.63670716602621,44.85877452608909,42.12956796810784,47.4940964649569
2019-02-16,Hyderabad,4,46.78,True,35.49,47.27000000000001,51.240000000000016,36.24890168081607,34.08842547371811,35.42039692163142,44.0921386179993,43.28276420430964,46.77143521645714
2019-02-17,Hyderabad,4,44.87,True,35.49,41.849999999999994,60.23,36.04249569590549,32.68015973452736,33.37837914752111,44.82743236779956,43.51492506862434,44.933079749789854
2019-02-18,Hyderabad,4,51.92,True,35.49,42.48,58.629999999999995,35.83421110186787,32.671245113785375,33.10165277210819,43.88983545818485,44.362188580938906,45.12203284021041
2019-02-19,Hyderabad,4,38.85,True,35.49,45.85,44.16,35.62670422313697,33.71372465191994,34.31222023623668,44.58917952700218,44.86348600637012,48.1309679988504
2019-02-20,Hyderabad,4,31.3,True,35.49,45.84,41.74999999999999,35.421430987044005,34.06633400825106,35.60370750734383,44.22851474470112,44.91497361738726,48.91312147637808
2019-02-21,Hyderabad,4,35.72,True,35.49,35.49,46.91,35.219170523973666,34.10518424196613,36.620506625244055,44.96008613031569,43.86890569546777,49.215086274424145
2019-02-22,Hyderabad,4,43.43,True,35.49,45.36000000000001,49.209999999999994,35.02032106064046,33.15026025866381,35.63670716602621,44.609014877777476,42.342691569295724,47.89903747516313
2019-02-23,Hyderabad,4,51.31,True,35.49,47.27000000000001,47.99999999999999,34.82506699008305,32.64403808034042,35.42039692163142,43.878143271234684,41.35804473725244,46.7996287378465
2019-02-24,Hyderabad,4,39.75,True,35.49,41.849999999999994,43.620000000000005,34.633473153018265,31.32347527391716,33.37837914752111,44.352338032807914,39.86482585792673,44.60312282564557
2019-02-25,Hyderabad,4,37.02,True,35.49,42.48,51.650000000000006,34.44553801825168,31.343765144267678,33.10165277210819,43.90105380764597,40.22059921111107,44.43579405108095
2019-02-26,Hyderabad,4,46.58,True,35.49,45.85,65.81999999999996,34.26122366271849,32.375726746067905,34.31222023623668,43.62008315292001,40.48070210762249,47.03008491845294
2019-02-27,Hyderabad,4,44.72,True,35.49,45.84,67.65000000000003,34.08047265786343,32.75845758882938,35.60370750734383,43.38412060153865,39.548853072393804,47.431564537333564
2019-02-28,Hyderabad,4,37.89,True,35.49,35.49,70.43000000000004,33.90321756713678,32.84903958274836,36.620506625244055,43.45978239285347,38.44520338488874,47.376072543703124
2019-03-01,Hyderabad,4,45.3,True,35.49,45.36000000000001,65.25999999999998,33.729386274329634,31.993366770449697,35.63670716602621,43.2152618622747,37.03370709963424,45.789178608452524
2019-03-02,Hyderabad,4,30.47,True,35.49,47.27000000000001,56.010000000000005,33.558904959869295,31.571200658522656,35.42039692163142,42.70352906223479,35.298238664149736,44.44887570749823
2019-03-03,Hyderabad,4,28.79,True,35.49,41.849999999999994,45.04,33.3916997506119,30.367836728077997,33.37837914752111,43.03169284726147,33.7845511277576,42.111134098649174
2019-03-04,Hyderabad,4,34.92,True,35.49,42.48,49.19,33.22769762192965,30.45787348274553,33.10165277210819,42.83791053984178,34.359943955038894,41.73353256872748
2019-03-05,Hyderabad,4,42.82,True,35.49,45.85,45.36999999999999,33.06682687875869,31.530994593916425,34.31222023623668,42.39077275417552,36.2296143904048,43.97536534320417
2019-03-06,Hyderabad,4,51.51,True,35.49,45.84,38.90999999999999,32.90901739996961,31.9827497470719,35.60370750734383,42.64696807452838,37.072347081011884,44.18857453881142
2019-03-07,Hyderabad,4,57.64,True,35.49,35.49,43.04,32.754200750099656,32.15548030165629,36.620506625244055,42.59482367630732,37.87564514370819,44.01407441388911
2019-03-08,Hyderabad,4,45.68,True,35.49,45.36000000000001,49.93000000000001,32.60231021714604,31.40878586529351,35.63670716602621,42.177732006633796,36.760730742266,42.45971795220715
2019-03-09,Hyderabad,4,39.57,True,35.49,47.27000000000001,52.669999999999995,32.45328080952541,31.08356257770938,35.42039692163142,42.28887823193488,35.64468985687363,41.18111810929993
2018-10-11,Hyderabad,5,43.03,True,48.32000000000001,33.83,25.009999999999998,45.43948122069831,45.006330817391884,49.73833027245683,22.83201525322565,47.93355474205028,34.08862231820009
2018-10-12,Hyderabad,5,42.79,True,48.32000000000001,34.47,26.829999999999995,43.1916137713322,41.816115778691206,49.58119438540502,24.072262513745496,43.522450452942515,32.54787398631373
2018-10-13,Hyderabad,5,46.54,True,48.32000000000001,42.32999999999999,19.29,41.737826524399885,39.709954411440435,47.88247423650203,23.541931889103125,42.719141048413626,31.149542912138514
2018-10-14,Hyderabad,5,36.76,True,48.32000000000001,39.74999999999999,25.1,40.775288258134715,37.20789687844939,45.32309269348998,22.775877685334866,42.06635399782024,29.175053956425153
2018-10-15,Hyderabad,5,35.21,True,48.32000000000001,40.32999999999999,22.099999999999998,40.090517342220224,35.6511089591248,43.551664022448556,22.874883975070844,39.93481075276388,28.448650524680527
2018-10-16,Hyderabad,5,32.39,True,48.32000000000001,46.529999999999994,45.32000000000001,39.561812892811055,35.61455311953817,46.18950165334017,22.691453775181106,39.596106810346434,29.660882095790743
2018-10-17,Hyderabad,5,34.67,True,48.32000000000001,48.32000000000001,36.5,39.12227440813343,34.71577592202477,48.31927837580327,22.523154591630416,39.60075293192391,29.432624549495355
2018-10-18,Hyderabad,5,31.81,True,48.32000000000001,33.83,34.49,38.73523393434722,33.836340505632755,49.73833027245683,22.285946321530442,39.647669812057906,28.967183037256465
2018-10-19,Hyderabad,5,37.92,True,48.32000000000001,34.47,30.599999999999998,38.380508518008526,32.31166126738042,49.58119438540502,23.787729042179013,39.56817353844773,27.6797456815673
2018-10-20,Hyderabad,5,47.2,True,48.32000000000001,42.32999999999999,20.04,38.04691956512112,31.054047447244727,47.88247423650203,22.92310634288369,39.53992119393208,26.594189432535334
2018-10-21,Hyderabad,5,44.57,True,48.32000000000001,39.74999999999999,18.74,37.728224000398846,29.439008801756852,45.32309269348998,22.58146200499554,39.59958167198586,25.083239357384365
2018-10-22,Hyderabad,5,51.4,True,48.32000000000001,40.32999999999999,17.27,37.42089219486755,28.530764721088115,43.551664022448556,23.625420744385845,39.88659736938276,24.715397392476163
2018-10-23,Hyderabad,5,45.12,True,48.32000000000001,46.529999999999994,21.459999999999997,37.122890117916604,28.82100557455903,46.18950165334017,23.36235045114015,39.77725290863645,26.12968894273475
2018-10-24,Hyderabad,5,46.11,True,48.32000000000001,48.32000000000001,24.35,36.83301023213497,28.400777507959834,48.31927837580327,24.10331410597109,40.882149293570066,26.364819785128827
2018-10-25,Hyderabad,5,45.35,True,48.32000000000001,33.83,48.15999999999999,36.55050327751011,27.976890853159304,49.73833027245683,22.776666052146265,41.06751940336739,26.4577406844971
2018-10-26,Hyderabad,5,47.97,True,48.32000000000001,34.47,34.370000000000005,36.27487540258988,26.995217697689036,49.58119438540502,22.11373441441678,40.15414840113441,25.842029297546976
2018-10-27,Hyderabad,5,60.75,True,48.32000000000001,42.32999999999999,24.220000000000002,36.00577628153136,26.209492462236163,47.88247423650203,23.47157198207692,39.92833087839979,25.435665844136732
2018-10-28,Hyderabad,5,46.84,True,48.32000000000001,39.74999999999999,40.690000000000005,35.74293734128206,25.094895763986894,45.32309269348998,23.755408130671373,39.69045940612728,24.6218298800459
2018-10-29,Hyderabad,5,46.3,True,48.32000000000001,40.32999999999999,25.47,35.48613760310923,24.558473026355383,43.551664022448556,22.493241877490984,40.72203933868903,24.934218017166028
2018-10-30,Hyderabad,5,47.35,True,48.32000000000001,46.529999999999994,34.419999999999995,35.23518474890523,25.044610743679527,46.18950165334017,23.131242159058257,40.773867142444985,27.113000756992356
2018-10-31,Hyderabad,5,47.69,True,48.32000000000001,48.32000000000001,43.37,34.98990458540872,24.90980451781764,48.31927837580327,22.48420832982552,40.26647120129179,28.14561282366008
2018-11-01,Hyderabad,5,45.19,True,48.32000000000001,33.83,46.36999999999999,34.75013514333056,24.76200619770349,49.73833027245683,22.521373802207307,39.72559349431027,29.052292077423154
2018-11-02,Hyderabad,5,37.54,True,48.32000000000001,34.47,37.68,34.515723336610066,24.10737866159151,49.58119438540502,22.156068977129763,40.10395185327633,29.168346491313496
2018-11-03,Hyderabad,5,32.84,True,48.32000000000001,42.32999999999999,37.43999999999999,34.28652303755617,23.610833418936483,47.88247423650203,22.36117114892028,41.26838035137012,29.473496549588113
2018-11-04,Hyderabad,5,30.95,True,48.32000000000001,39.74999999999999,35.86,34.062393936639474,22.801342746531365,45.32309269348998,21.939027931337748,41.44443830449873,29.24136225900717
2018-11-05,Hyderabad,5,36.41,True,48.32000000000001,40.32999999999999,31.18,33.843200838586284,22.50070265695259,43.551664022448556,23.71478150533441,41.728071209761,30.27462362280858
2018-11-06,Hyderabad,5,39.76,True,48.32000000000001,46.529999999999994,39.099999999999994,33.628813202442814,23.13095972232408,46.18950165334017,22.578676779946665,42.29271561513687,33.549905813255734
2018-11-07,Hyderabad,5,38.84,True,48.32000000000001,48.32000000000001,43.63,33.419104819340106,23.188748798845598,48.31927837580327,21.374228110833723,42.705029967465805,35.397747300702555
2018-11-08,Hyderabad,5,35.89,True,48.32000000000001,33.83,40.59,33.213953569174436,23.229266095103892,49.73833027245683,22.27809992033526,42.64168008977331,37.01514105929979
2018-11-09,Hyderabad,5,42.33,True,48.32000000000001,34.47,39.120000000000005,33.01324122362331,22.787247906752192,49.58119438540502,23.51618103228567,42.22656226285645,37.523846119560375
2020-06-02,Lucknow,0,16.23,True,14.450000000000001,18.970000000000002,20.990000000000002,14.60684949699331,14.020038405337965,14.257339104758524,11.94204677877174,12.913647559987066,15.132994933139404
2020-06-03,Lucknow,0,18.09,True,14.450000000000001,14.3,22.470000000000002,14.518539961459258,13.665912424284498,14.513368827415258,12.174285148085453,13.019895373239551,15.29815703584715
2020-06-04,Lucknow,0,10.59,True,14.450000000000001,8.42,21.32,14.534807819334809,13.763827604788434,13.493636409490447,12.831404814490709,12.925857157966924,15.187609299185908
2020-06-05,Lucknow,0,16.4,True,14.450000000000001,9.199999999999998,20.87,14.598271753737368,13.744243399660759,13.426834872029037,12.923383603756228,12.575391758332918,14.80334667607892
2020-06-06,Lucknow,0,14.54,True,14.450000000000001,11.290000000000001,21.55,14.683035540988156,13.721102879836126,13.48607884875883,12.194353437088195,12.855375984541013,14.618308840858838
2020-06-07,Lucknow,0,13.52,True,14.450000000000001,12.38,22.050000000000004,14.777288311421833,13.73976856639339,13.467981085893628,12.717843148637376,12.16248062135318,14.277521295547578
2020-06-08,Lucknow,0,16.9,True,14.450000000000001,14.450000000000001,22.69,14.87561623529949,13.744939661975563,13.750035367778345,12.194076340475062,12.50887107395966,14.824548011318813
2020-06-09,Lucknow,0,22.28,True,14.450000000000001,18.970000000000002,21.84,14.97553107647813,13.822412063817024,14.257339104758524,13.145806162391608,13.060302056830613,14.792627257127105
2020-06-10,Lucknow,0,15.44,True,14.450000000000001,14.3,20.279999999999998,15.075886853372175,13.903676333584489,14.513368827415258,12.19308199784777,13.151209000624627,15.075457443248148
2020-06-11,Lucknow,0,15.07,True,14.450000000000001,8.42,20.819999999999997,15.176154324659173,13.976911560766624,13.493636409490447,13.856668911682227,12.35401569287614,15.076779344788147
2020-06-12,Lucknow,0,10.4,True,14.450000000000001,9.199999999999998,21.790000000000003,15.276087852377994,14.048986026821478,13.426834872029037,12.586782081774507,12.825357710268397,14.791786658563097
2020-06-13,Lucknow,0,10.32,True,14.450000000000001,11.290000000000001,20.540000000000003,15.37557229425418,14.121951775144646,13.48607884875883,12.779747343051072,12.630633293980624,14.690228734595133
2020-06-14,Lucknow,0,9.22,True,14.450000000000001,12.38,23.810000000000002,15.474552609291703,14.196392967515104,13.467981085893628,12.730733165445825,12.969083166267351,14.416513128297428
2020-06-15,Lucknow,0,11.68,True,14.450000000000001,14.450000000000001,21.130000000000003,15.57300148758231,14.272440291174192,13.750035367778345,12.71490477850738,13.421467011393915,15.025457363224557
2020-06-16,Lucknow,0,9.35,True,14.450000000000001,18.970000000000002,18.650000000000002,15.670904464192159,14.35007816385585,14.257339104758524,13.205139231184509,13.313267917755459,15.035248738394191
2020-06-17,Lucknow,0,12.42,True,14.450000000000001,14.3,26.679999999999996,15.768253072961773,14.42923799336934,14.513368827415258,14.231089899725974,13.24295498953714,15.34998782720384
2020-06-18,Lucknow,0,9.99,True,14.450000000000001,8.42,23.500000000000004,15.865041697343049,14.509826753444711,13.493636409490447,14.225634226603605,12.719014067040966,15.363519119494537
2020-06-19,Lucknow,0,8.1,True,14.450000000000001,9.199999999999998,22.01,15.961266121181357,14.591736020219658,13.426834872029037,12.883387842909281,12.347830913824717,15.07050650276619
2020-06-20,Lucknow,0,7.85,True,14.450000000000001,11.290000000000001,24.04,16.05692286110303,14.674845123326925,13.48607884875883,13.401374621565573,12.043808785567208,14.949890476667589
2020-06-21,Lucknow,0,7.92,True,14.450000000000001,12.38,25.719999999999995,16.152008858244013,14.759022542498416,13.467981085893628,12.90896493764132,12.038610091840487,14.641295431955566
2020-06-22,Lucknow,0,7.97,True,14.450000000000001,14.450000000000001,26.77,16.246521335171014,14.84412680051043,13.750035367778345,12.59369817164967,12.787272972679386,15.214649876976537
2020-06-23,Lucknow,0,11.73,True,14.450000000000001,18.970000000000002,31.430000000000007,16.340457728735593,14.930007232010842,14.257339104758524,12.958920303218067,12.639628446871344,15.168362252253111
2020-06-24,Lucknow,0,23.96,True,14.450000000000001,14.3,27.360000000000003,16.43381565782848,15.016504743957437,14.513368827415258,13.278809571757193,12.328743983643651,15.417955595046212
2020-06-25,Lucknow,0,28.99,True,14.450000000000001,8.42,33.25,16.526592907172333,15.103452603276708,13.493636409490447,13.063069504620282,11.639364621232406,15.354911979670167
2020-06-26,Lucknow,0,20.1,True,14.450000000000001,9.199999999999998,30.24,16.61878741848442,15.190677262748046,13.426834872029037,13.426919671175796,12.12546145744637,14.979906357807172
2020-06-27,Lucknow,0,19.22,True,14.450000000000001,11.290000000000001,26.469999999999995,16.710397285025635,15.27799922827548,13.48607884875883,13.56526401284441,12.053088876190552,14.773470191375843
2020-06-28,Lucknow,0,17.67,True,14.450000000000001,12.38,26.169999999999998,16.801420747705986,15.365233967902338,13.467981085893628,13.928780154201606,11.942415231126,14.380489363346808
2020-06-29,Lucknow,0,18.47,True,14.450000000000001,14.450000000000001,21.589999999999996,16.89185619190649,15.452192861616389,13.750035367778345,13.140503207026399,12.076656266410778,14.852188057560044
2020-06-30,Lucknow,0,11.94,True,14.450000000000001,18.970000000000002,20.339999999999996,16.98170214463218,15.538684190120694,14.257339104758524,13.444728521817277,12.162333127722988,14.716019298954494
2020-07-01,Lucknow,0,14.44,True,14.450000000000001,14.3,20.450000000000003,17.07095727182,15.624514159991623,14.513368827415258,13.616402072680307,12.084777324264707,14.869219203916511
2020-02-03,Lucknow,1,54.62,True,41.78,84.51999999999998,33.37,43.55103984668661,41.17969909594947,42.91863761689381,42.426906540565184,40.84820243246779,33.00753968124153
2020-02-04,Lucknow,1,65.73,True,41.78,48.85999999999999,36.580000000000005,45.46254684868755,42.63939312634565,46.60487298136377,41.806114475961856,43.44486955026285,33.06596101703269
2020-02-05,Lucknow,1,42.87,True,41.78,28.590000000000003,57.51999999999999,46.057318609624566,43.53234933158813,45.91294589561706,41.41443757712536,43.9718487527455,33.76113879281724
2020-02-06,Lucknow,1,44.36,True,41.78,36.790000000000006,59.33,46.37955243965029,42.70051814340036,45.71563028072889,41.15030165393217,46.9680486083484,34.25070455018278
2020-02-07,Lucknow,1,45.01,True,41.78,45.07000000000001,33.02,46.40591326388017,41.890967226877855,44.87438059483605,41.06391435609985,46.49274051308608,33.87869156647412
2020-02-08,Lucknow,1,53.58,True,41.78,47.88,39.51,46.3229430021055,41.37311181647068,45.38615508867447,40.75152987459618,44.971242718806174,33.8382131845887
2020-02-09,Lucknow,1,77.57,True,41.78,41.78,27.169999999999998,46.16754693259496,41.30403993791562,42.18403544058765,40.704455524027345,43.41923345863529,33.22353269757093
2020-02-10,Lucknow,1,69.99,True,41.78,84.51999999999998,29.99,45.98016249832383,41.02316087760055,42.91863761689381,40.612546611363705,44.35664072849691,34.59831539462449
2020-02-11,Lucknow,1,65.86,True,41.78,48.85999999999999,44.08,45.775725577401865,40.7310918938082,46.60487298136377,40.76976327700424,48.897766586626545,34.68396394620072
2020-02-12,Lucknow,1,55.38,True,41.78,28.590000000000003,60.47000000000001,45.56430502440396,40.496078303419026,45.91294589561706,40.48146648108614,52.231921830600484,35.36275054747147
2020-02-13,Lucknow,1,47.2,True,41.78,36.790000000000006,57.48000000000002,45.350544308878995,40.29583224125121,45.71563028072889,40.66003729696437,47.49992409890545,35.752032746364854
2020-02-14,Lucknow,1,31.79,True,41.78,45.07000000000001,51.56999999999999,45.13710658408592,40.1228195998966,44.87438059483605,40.23664350011006,41.97786455931093,35.175802739850404
2020-02-15,Lucknow,1,37.93,True,41.78,47.88,32.71000000000001,44.92530944784726,39.97388957515856,45.38615508867447,39.99924305112683,39.286946863559955,34.88625024145645
2020-02-16,Lucknow,1,53.08,True,41.78,41.78,26.45,44.71584953901036,39.847213781325976,42.18403544058765,40.014282245252836,40.09442740961583,33.960555695951314
2020-02-17,Lucknow,1,47.02,True,41.78,84.51999999999998,21.479999999999997,44.509063671202625,39.741378873520134,42.91863761689381,39.987687494929354,44.81714627422788,35.02027476456625
2020-02-18,Lucknow,1,38.99,True,41.78,48.85999999999999,35.84,44.305107668993884,39.65511529854467,46.60487298136377,39.69597478472192,47.43746480714565,34.732930403310064
2020-02-19,Lucknow,1,64.63,True,41.78,28.590000000000003,45.190000000000005,44.104038565269285,39.58721435672222,45.91294589561706,39.68532832673526,45.93744132937347,35.01529661758244
2020-02-20,Lucknow,1,36.81,True,41.78,36.790000000000006,50.20000000000001,43.9058624219259,39.536501234490395,45.71563028072889,39.80968429973633,43.472959101960825,34.9959753965175
2020-02-21,Lucknow,1,15.99,True,41.78,45.07000000000001,51.07999999999999,43.71055840507632,39.50182486133637,44.87438059483605,39.446313881369406,43.46518765032028,34.042521740042204
2020-02-22,Lucknow,1,22.72,True,41.78,47.88,38.45000000000001,43.51809199837635,39.48205300019,45.38615508867447,39.13389979415357,45.15560361694222,33.397471578873805
2020-02-23,Lucknow,1,32.13,True,41.78,41.78,22.490000000000002,43.328421876496954,39.47606913431411,42.18403544058765,38.977045953305954,46.486343363248,32.18674168016702
2020-02-24,Lucknow,1,35.17,True,41.78,84.51999999999998,40.989999999999995,43.14150359109288,39.48277012844759,42.91863761689381,39.15180015370294,46.46472397949677,32.902296548850565
2020-02-25,Lucknow,1,20.95,True,41.78,48.85999999999999,67.36000000000003,42.95729150401221,39.50106435770417,46.60487298136377,38.74379591210364,45.54056983837931,32.39515857457111
2020-02-26,Lucknow,1,32.74,True,41.78,28.590000000000003,54.950000000000024,42.77573980793151,39.529870210076155,45.91294589561706,38.818697381709185,46.747604031685945,32.47994661450502
2020-02-27,Lucknow,1,35.33,True,41.78,36.790000000000006,29.849999999999998,42.59680305608895,39.56811493135474,45.71563028072889,38.46649558604756,49.37422364002936,32.348696856850495
2020-02-28,Lucknow,1,44.43,True,41.78,45.07000000000001,25.1,42.42043643330211,39.61473379974178,44.87438059483605,38.488792295601854,48.26900771375187,31.423831142315592
2020-02-29,Lucknow,1,40.11,True,41.78,47.88,41.589999999999996,42.24659588911391,39.66866962249592,45.38615508867447,38.26591075811971,44.95052127696842,30.857045248412646
2020-03-01,Lucknow,1,34.18,True,41.78,41.78,58.75000000000001,42.07523819813678,39.72887254786416,42.18403544058765,37.9368324550942,41.23446279823072,29.834973822760663
2020-03-02,Lucknow,1,41.53,True,41.78,84.51999999999998,31.51999999999999,41.90632098191459,39.7943001850456,42.91863761689381,38.042531258292435,41.95478489525154,30.673526895086358
2020-03-03,Lucknow,1,41.29,True,41.78,48.85999999999999,25.97,41.73980271062737,39.86391802385738,46.60487298136377,37.876666739781435,44.830256540272885,30.441266444897863
2019-10-06,Lucknow,2,25.5,True,20.839999999999996,16.65,45.870000000000005,20.77766442169123,22.22991782953761,20.751724112810457,28.307283366774197,21.513776203050714,22.617281229226606
2019-10-07,Lucknow,2,29.57,True,20.839999999999996,21.119999999999997,42.10999999999999,20.888047045463523,23.371855846857812,22.267616487963906,29.692615842466154,22.114431282765484,24.487755491013008
2019-10-08,Lucknow,2,28.62,True,20.839999999999996,23.709999999999997,48.29,20.923260300449844,24.153896906812093,22.88866795947142,28.943898934037346,22.45805265754327,25.29148808154751
2019-10-09,Lucknow,2,25.94,True,20.839999999999996,22.62,40.53,20.978046911784848,24.965419533130383,22.829902060305045,29.333355851067697,22.302863723635046,26.867314890854917
2019-10-10,Lucknow,2,30.13,True,20.839999999999996,21.23,34.21999999999999,21.021594021423276,25.771771274454075,22.07607671726882,30.9137769937568,21.97922133414044,28.27038075341937
2019-10-11,Lucknow,2,37.12,True,20.839999999999996,21.779999999999998,31.930000000000007,21.06668618253425,26.49478706835342,21.46333867436235,30.76565143981181,21.7031463147848,29.05916798426068
2019-10-12,Lucknow,2,33.32,True,20.839999999999996,20.839999999999996,33.900000000000006,21.1096830587024,27.30774725552222,20.85718950853909,31.51599365936134,21.627859569557913,29.971896924672485
2019-10-13,Lucknow,2,34.97,True,20.839999999999996,16.65,31.109999999999992,21.152404423122405,28.022276362190652,20.751724112810457,32.38665211481416,21.325314974768066,30.751951791811475
2019-10-14,Lucknow,2,35.65,True,20.839999999999996,21.119999999999997,35.56000000000001,21.1944784381631,28.756992999955134,22.267616487963906,31.587833807734437,21.81378850833286,33.54749075758388
2019-10-15,Lucknow,2,30.27,True,20.839999999999996,23.709999999999997,44.60000000000001,21.236191921010917,29.531341013740022,22.88866795947142,31.915633849975876,22.6058539948912,34.82135094942358
2019-10-16,Lucknow,2,29.76,True,20.839999999999996,22.62,50.160000000000004,21.277526413837677,30.32872359300266,22.829902060305045,32.20292041482208,22.970172971526484,37.04699785181948
2019-10-17,Lucknow,2,32.92,True,20.839999999999996,21.23,46.95,21.31853532998064,31.143582854328542,22.07607671726882,33.5669290755939,22.399713746074408,38.92019584174132
2019-10-18,Lucknow,2,38.47,True,20.839999999999996,21.779999999999998,49.830000000000005,21.359225890584867,31.97360234165282,21.46333867436235,33.330684559438765,22.554806356385367,39.82536920702157
2019-10-19,Lucknow,2,45.03,True,20.839999999999996,20.839999999999996,51.55,21.399610776680838,32.817359169449134,20.85718950853909,34.06529757752883,22.610131718804897,40.7632541310362
2019-10-20,Lucknow,2,36.05,True,20.839999999999996,16.65,47.79,21.439694680575236,33.67361475275785,20.751724112810457,33.02986470532699,22.572975191784032,41.385193424843166
2019-10-21,Lucknow,2,36.43,True,20.839999999999996,21.119999999999997,54.87999999999999,21.479481882628107,34.54109956035455,22.267616487963906,34.814319008727146,23.48940945585897,44.53069580032944
2019-10-22,Lucknow,2,48.15,True,20.839999999999996,23.709999999999997,41.35,21.518975032707683,35.4184473154383,22.88866795947142,34.9216221598715,24.036959835132986,45.49491520282215
2019-10-23,Lucknow,2,56.8,True,20.839999999999996,22.62,53.21,21.55817640097998,36.30417488007281,22.829902060305045,35.0124080305683,24.03835668477271,47.53062627490197
2019-10-24,Lucknow,2,58.47,True,20.839999999999996,21.23,58.31000000000001,21.59708787180023,37.19667661504844,22.07607671726882,36.34266826979752,24.324798797882167,48.948003570898436
2019-10-25,Lucknow,2,38.17,True,20.839999999999996,21.779999999999998,90.95000000000002,21.635711186142327,38.09422386909,21.46333867436235,37.039392694312745,24.061386083035952,49.031010211420444
2019-10-26,Lucknow,2,62.62,True,20.839999999999996,20.839999999999996,75.23999999999997,21.674047985113493,38.99496683457491,20.85718950853909,36.96784072026476,23.835375488293923,49.07342739090282
2019-10-27,Lucknow,2,64.36,True,20.839999999999996,16.65,76.26,21.712099865081647,39.896937983919344,20.751724112810457,36.81686271723385,23.655021995353117,48.68493037903233
2019-10-28,Lucknow,2,67.87,True,20.839999999999996,21.119999999999997,62.280000000000015,21.749868396196838,40.79805688819947,22.267616487963906,36.88069059117768,24.238483464199014,51.165439457126745
2019-10-29,Lucknow,2,68.2,True,20.839999999999996,23.709999999999997,67.07000000000002,21.78735513640266,41.69613638681066,22.88866795947142,38.242669174220964,24.23098699282653,51.07136329701513
2019-10-30,Lucknow,2,61.6,True,20.839999999999996,22.62,78.78999999999998,21.82456163748392,42.588890116258824,22.829902060305045,36.75433748366644,24.441938521617743,52.15486650737765
2019-10-31,Lucknow,2,80.61,True,20.839999999999996,21.23,68.95,21.861489448764424,43.47394140561251,22.07607671726882,40.26125670201657,24.41629299126688,52.55024013433354
2019-11-01,Lucknow,2,81.36,True,20.839999999999996,21.779999999999998,70.29999999999998,21.898140118821395,44.348833532443535,21.46333867436235,38.3833171860961,23.997379036567594,51.56943164287796
2019-11-02,Lucknow,2,94.87,True,20.839999999999996,20.839999999999996,82.88,21.93451519637784,45.2110413144509,20.85718950853909,40.57180285269878,23.914971392140945,50.64445531855023
2019-11-03,Lucknow,2,67.88,True,20.839999999999996,16.65,76.48000000000002,21.97061623065937,46.05798399111309,20.751724112810457,40.47063538157508,23.888747374346657,49.39115013064031
2019-11-04,Lucknow,2,55.83,True,20.839999999999996,21.119999999999997,50.07999999999999,22.006444771494554,46.88703932770614,22.267616487963906,40.512028182794445,24.406732557239017,51.133304730634464
2019-06-08,Lucknow,3,22.05,True,21.55,22.190000000000005,13.020000000000001,22.218509408855383,21.03116011712486,20.435326684736037,21.672229687051498,21.262743177872746,20.720335968536425
2019-06-09,Lucknow,3,22.69,True,21.55,21.189999999999998,16.059999999999995,22.59504876095412,20.495995726799155,20.778294488410854,22.09502055646709,21.497630578270513,20.296043859160264
2019-06-10,Lucknow,3,21.84,True,21.55,20.990000000000002,13.449999999999998,22.797060321972126,20.134963936062544,22.871110473145336,21.879454388608583,21.7876625349014,21.212953588830434
2019-06-11,Lucknow,3,20.28,True,21.55,22.470000000000002,15.310000000000002,22.913144472462918,19.763655881692504,23.28592134373729,21.729189484672105,22.454820221305805,21.055992018240534
2019-06-12,Lucknow,3,20.82,True,21.55,21.32,25.79,22.987200136993568,19.543592970861567,22.48509367234095,21.263496871964865,22.296158794784922,21.49345988697859
2019-06-13,Lucknow,3,21.79,True,21.55,20.87,24.58,23.04070629641719,19.31637364754922,21.873409072538273,21.251327165665014,22.74147345316048,21.740992109624077
2019-06-14,Lucknow,3,20.54,True,21.55,21.55,28.15,23.084109588400164,19.052631981498518,21.092686427567354,21.03463051358514,23.176202373090888,21.401801915271534
2019-06-15,Lucknow,3,23.81,True,21.55,22.190000000000005,28.860000000000003,23.122476669754743,18.861770168385796,20.435326684736037,20.724899108805577,23.157839304579955,21.104163834341346
2019-06-16,Lucknow,3,21.13,True,21.55,21.189999999999998,26.359999999999996,23.158261940866414,18.685034474925285,20.778294488410854,21.064823236188136,22.446070272235495,20.68058175638931
2019-06-17,Lucknow,3,18.65,True,21.55,20.990000000000002,28.429999999999996,23.192654059715032,18.51231626355203,22.871110473145336,20.883548481052078,23.739902243906815,21.588448255261635
2019-06-18,Lucknow,3,26.68,True,21.55,22.470000000000002,31.83,23.226229001081443,18.350401997638528,23.28592134373729,20.589245705852353,24.724575379355976,21.371773885274873
2019-06-19,Lucknow,3,23.5,True,21.55,21.32,32.94,23.259266315930727,18.200614517014003,22.48509367234095,20.42556948591566,24.10657463024561,21.72810051820556
2019-06-20,Lucknow,3,22.01,True,21.55,20.87,36.14,23.29190217576332,18.062951164747698,21.873409072538273,20.558642339976316,23.43350329866017,21.864024446201945
2019-06-21,Lucknow,3,24.04,True,21.55,21.55,37.39999999999999,23.32420340723768,17.93709488932095,21.092686427567354,20.30114805101604,23.02379894995024,21.38921228878006
2019-06-22,Lucknow,3,25.72,True,21.55,22.190000000000005,28.769999999999996,23.35620329962056,17.822660916393307,20.435326684736037,19.918778130803855,22.017121143889298,20.943141692191244
2019-06-23,Lucknow,3,26.77,True,21.55,21.189999999999998,27.020000000000003,23.387918921672686,17.719256601247903,20.778294488410854,20.21941943801428,22.41662400069634,20.36516421145256
2019-06-24,Lucknow,3,31.43,True,21.55,20.990000000000002,27.799999999999997,23.41935949580425,17.626495611425742,22.871110473145336,20.73512817287555,22.699097875898012,21.088338066236858
2019-06-25,Lucknow,3,27.36,True,21.55,22.470000000000002,32.870000000000005,23.45053044750219,17.544000946300628,23.28592134373729,20.35645192042357,22.154447532435174,20.704001985684048
2019-06-26,Lucknow,3,33.25,True,21.55,21.32,28.520000000000003,23.481435363395622,17.471405236472805,22.48509367234095,20.072113582343473,22.12102327076532,20.87646311046752
2019-06-27,Lucknow,3,30.24,True,21.55,20.87,26.26,23.512076938004718,17.408350392266456,21.873409072538273,20.246627403986167,22.1368329579797,20.8394283946881
2019-06-28,Lucknow,3,26.47,True,21.55,21.55,24.330000000000005,23.542457431459695,17.354487110980894,21.092686427567354,19.77829504741416,22.04881251165685,20.231778276062975
2019-06-29,Lucknow,3,26.17,True,21.55,22.190000000000005,25.509999999999998,23.572578890750883,17.309474370531923,20.435326684736037,20.321780358573182,22.556597897717353,19.67132343474913
2019-06-30,Lucknow,3,21.59,True,21.55,21.189999999999998,26.479999999999997,23.602443256637713,17.27297894335151,20.778294488410854,20.090732726210785,22.565866666210024,19.009302938424472
2019-07-01,Lucknow,3,20.34,True,21.55,20.990000000000002,26.699999999999996,23.63205241527163,17.244674941237637,22.871110473145336,19.675662178069214,22.98551676478277,19.584583394185916
2019-07-02,Lucknow,3,20.45,True,21.55,22.470000000000002,26.849999999999998,23.661408223088813,17.224243395964,23.28592134373729,20.2107869881374,22.92722375735035,19.147545060248543
2019-07-03,Lucknow,3,20.67,True,21.55,21.32,27.020000000000003,23.690512518780054,17.211371878810734,22.48509367234095,20.351341132573378,22.55296441207182,19.251383952509066
2019-07-04,Lucknow,3,22.68,True,21.55,20.87,26.46,23.719367129014532,17.205754161560154,21.873409072538273,20.00510781687345,22.876767664649854,19.185365640809877
2019-07-05,Lucknow,3,28.71,True,21.55,21.55,27.48999999999999,23.74797387114548,17.207089921124044,21.092686427567354,19.906324363438838,22.944458139154996,18.617348622325817
2019-07-06,Lucknow,3,28.67,True,21.55,22.190000000000005,31.559999999999995,23.776334554458558,17.215084489647175,20.435326684736037,20.05626704708399,22.29193795702084,18.1173484180281
2019-07-07,Lucknow,3,28.66,True,21.55,21.189999999999998,30.290000000000003,23.804450980717746,17.229448651601903,20.778294488410854,20.65127960360121,21.730503098586496,17.54544638756806
2019-02-08,Lucknow,4,39.51,True,33.02,57.06,36.42000000000001,35.42863188470113,34.329929526991855,37.17022807964513,34.65371967841802,33.01415599021732,44.62295895842935
2019-02-09,Lucknow,4,27.17,True,33.02,46.980000000000004,34.68,39.404919716750626,36.890835278996754,37.914530541449636,34.74664486535723,39.15564748424627,44.67216880584941
2019-02-10,Lucknow,4,29.99,True,33.02,33.37,38.79,39.67304092822023,37.94605843681163,37.62767075068476,34.46072468092239,42.795977238705206,44.04122278418856
2019-02-11,Lucknow,4,44.08,True,33.02,36.580000000000005,56.72,39.704221458214725,38.87675266113301,37.83368631875698,34.62306973267193,46.30995251572459,45.70895623185172
2019-02-12,Lucknow,4,60.47,True,33.02,57.51999999999999,37.18999999999999,40.102652580569355,38.85915477806777,38.99877586896626,34.83317148261318,50.78636369028405,45.27810744488415
2019-02-13,Lucknow,4,57.48,True,33.02,59.33,33.81,40.38905352572777,39.34953004012187,39.35344953742188,34.554897651319315,50.816955823684204,46.49423147103074
2019-02-14,Lucknow,4,51.57,True,33.02,33.02,24.51,40.54152527805879,40.312870367680596,39.305925429734806,34.476961410868064,48.18836257692126,47.13809102915028
2019-02-15,Lucknow,4,32.71,True,33.02,57.06,25.389999999999997,40.65232906693405,40.6627107297335,37.17022807964513,34.70818768478225,45.11498242541195,46.42723427801513
2019-02-16,Lucknow,4,26.45,True,33.02,46.980000000000004,21.430000000000003,40.737836972915,40.93230538010116,37.914530541449636,34.04671221912814,43.55057841477211,45.966266429463964
2019-02-17,Lucknow,4,21.48,True,33.02,33.37,26.730000000000004,40.79781442657329,41.27306662561717,37.62767075068476,34.21897718548106,45.06121687908446,44.78879291604581
2019-02-18,Lucknow,4,35.84,True,33.02,36.580000000000005,36.449999999999996,40.839460628926794,41.60211101678845,37.83368631875698,33.7798177225688,47.596550512068994,45.9269074952373
2019-02-19,Lucknow,4,45.19,True,33.02,57.51999999999999,37.61999999999999,40.86912408640522,41.96641094811388,38.99877586896626,33.95191683915309,50.04392656993017,44.94807211098856
2019-02-20,Lucknow,4,50.2,True,33.02,59.33,41.47999999999999,40.89025981233891,42.339858194305386,39.35344953742188,33.99197904085403,50.228266317580584,45.61661524537376
2019-02-21,Lucknow,4,51.08,True,33.02,33.02,50.35999999999999,40.90521188510504,42.73678012589423,39.305925429734806,33.95179268407076,50.70488937487369,45.73848547465854
2019-02-22,Lucknow,4,38.45,True,33.02,57.06,48.379999999999995,40.91579183471047,43.14865139326582,37.17022807964513,33.98665818970225,48.576373782813235,44.59440812476747
2019-02-23,Lucknow,4,22.49,True,33.02,46.980000000000004,55.30999999999998,40.923291305658324,43.57953119963993,37.914530541449636,33.415570397481986,47.71204093450308,43.76161735698043
2019-02-24,Lucknow,4,40.99,True,33.02,33.37,54.01000000000001,40.92860564600056,44.02629754286082,37.62767075068476,33.65443788743548,47.527012869828674,42.32782000159064
2019-02-25,Lucknow,4,67.36,True,33.02,36.580000000000005,31.019999999999996,40.93236956757603,44.48972456510344,37.83368631875698,33.77312279224683,49.78944709391,43.1640302365892
2019-02-26,Lucknow,4,54.95,True,33.02,57.51999999999999,19.72,40.935035570228116,44.968300807595114,38.99877586896626,33.301455860022195,51.83421714583563,42.090967814250355
2019-02-27,Lucknow,4,29.85,True,33.02,59.33,25.239999999999995,40.93692409902747,45.46169553449502,39.35344953742188,33.33032342455797,51.240322287522524,42.654321071930646
2019-02-28,Lucknow,4,25.1,True,33.02,33.02,28.14,40.93826181660833,45.96882268511913,39.305925429734806,33.182461861799126,47.863837774922445,42.79908525448675
2019-03-01,Lucknow,4,41.59,True,33.02,57.06,26.970000000000002,40.93920933438041,46.48892629166047,37.17022807964513,33.30535088562862,46.8409407952873,41.85098214723203
2019-03-02,Lucknow,4,58.75,True,33.02,46.980000000000004,21.7,40.939880472528216,47.02097330690582,37.914530541449636,32.885711365202475,49.11850622164282,41.28283412836087
2019-03-03,Lucknow,4,31.52,True,33.02,33.37,20.46,40.94035584842658,47.56399369068015,37.62767075068476,33.232237552826014,50.516107782896434,40.224642579583616
2019-03-04,Lucknow,4,25.97,True,33.02,36.580000000000005,25.719999999999995,40.94069256079214,48.11688996078851,37.83368631875698,32.982319652601745,50.82241663465358,41.409464725505565
2019-03-05,Lucknow,4,30.31,True,33.02,57.51999999999999,20.319999999999997,40.940931055654175,48.678544139761435,38.99877586896626,32.763597093172564,50.61074449568535,40.83933751677674
2019-03-06,Lucknow,4,31.28,True,33.02,59.33,21.470000000000002,40.941099982472316,49.24775853315788,39.35344953742188,32.707179714841146,51.90446498538435,41.927826646888235
2019-03-07,Lucknow,4,34.56,True,33.02,33.02,28.950000000000003,40.941219633854075,49.823290163427025,39.305925429734806,32.782087872693374,52.548049708473606,42.68063177397196
2019-03-08,Lucknow,4,40.62,True,33.02,57.06,44.32,40.94130438318104,50.40383338969024,37.17022807964513,32.14183300472988,51.798064512550106,42.38815439295652
2019-03-09,Lucknow,4,39.4,True,33.02,46.980000000000004,33.39000000000001,40.941364411261645,50.98803229037828,37.914530541449636,32.564942659572644,49.8719773717013,42.50090393914658
2018-10-11,Lucknow,5,31.93,True,34.21999999999999,43.64999999999999,30.57,34.590540206977124,36.06588567653287,37.27209540844796,26.898987310497148,34.318684046123735,44.8138759722689
2018-10-12,Lucknow,5,33.9,True,34.21999999999999,40.02,44.26,34.72005193162665,37.522470112762996,36.12858747129878,28.24127480688951,37.0150135978137,46.596307969929676
2018-10-13,Lucknow,5,31.11,True,34.21999999999999,45.870000000000005,62.280000000000015,34.16779616167642,38.63913703931392,36.13297555133635,27.616704353283723,40.802291735903914,48.46096071427079
2018-10-14,Lucknow,5,35.56,True,34.21999999999999,42.10999999999999,53.25,33.83744844762191,39.7121593839488,35.733515987208264,26.934623991815986,40.43792125887055,49.74863371006166
2018-10-15,Lucknow,5,44.6,True,34.21999999999999,48.29,59.680000000000014,33.683361182617034,40.504695616598234,36.38799799637143,26.89522823759272,42.3158012855131,54.038434528539845
2018-10-16,Lucknow,5,50.16,True,34.21999999999999,40.53,72.25999999999999,33.555855910990985,41.53652829680983,36.39394945613983,26.76525751522556,46.53118684313856,55.52394346760013
2018-10-17,Lucknow,5,46.95,True,34.21999999999999,34.21999999999999,71.23999999999998,33.452443154040516,42.569379764468465,36.875157988580675,26.720435977194786,47.03403666459163,59.49808992213945
2018-10-18,Lucknow,5,49.83,True,34.21999999999999,43.64999999999999,55.68,33.38028836806607,43.29615340895394,37.27209540844796,26.751170238008793,49.5361037888379,63.12452786408576
2018-10-19,Lucknow,5,51.55,True,34.21999999999999,40.02,36.49,33.32910865137645,44.05392295255812,36.12858747129878,27.767169483578254,53.89983429474067,64.99660691438854
2018-10-20,Lucknow,5,47.79,True,34.21999999999999,45.870000000000005,29.79,33.291340437308605,44.80353273664154,36.13297555133635,27.119447142011364,54.50506328651234,66.73558040329658
2018-10-21,Lucknow,5,54.88,True,34.21999999999999,42.10999999999999,30.050000000000004,33.26369914472088,45.570603592411864,35.733515987208264,26.52971597508485,51.817441060035996,67.45096540679526
2018-10-22,Lucknow,5,41.35,True,34.21999999999999,48.29,57.37999999999999,33.2436559131166,46.337418934110225,36.38799799637143,27.94405365934027,53.3587043019694,71.93717322207308
2018-10-23,Lucknow,5,53.21,True,34.21999999999999,40.53,80.43999999999997,33.22907236144195,47.11426474878222,36.39394945613983,27.590453326409953,54.54239413069053,72.43787478679256
2018-10-24,Lucknow,5,58.31,True,34.21999999999999,34.21999999999999,75.27000000000002,33.21843625666606,47.89264173401372,36.875157988580675,28.435967324583697,54.88008979577559,75.92669121816792
2018-10-25,Lucknow,5,90.95,True,34.21999999999999,43.64999999999999,86.11999999999999,33.21068680527387,48.67612378353575,37.27209540844796,26.89968650768962,52.898518172847915,78.69438894489372
2018-10-26,Lucknow,5,75.24,True,34.21999999999999,40.02,89.66000000000003,33.20504287474171,49.460122257290735,36.12858747129878,26.514376302729033,54.28366067763025,79.0938274405431
2018-10-27,Lucknow,5,76.26,True,34.21999999999999,45.870000000000005,83.17000000000003,33.200930777790205,50.245227609766026,36.13297555133635,27.656875626126148,55.89078651056969,79.23481788760918
2018-10-28,Lucknow,5,62.28,True,34.21999999999999,42.10999999999999,84.40999999999997,33.19793435741522,51.02846524167116,35.733515987208264,27.954977993626176,51.686702442812276,78.13661584022273
2018-10-29,Lucknow,5,67.07,True,34.21999999999999,48.29,55.400000000000006,33.19575107107705,51.80906143133387,36.38799799637143,26.96801606038559,54.43142838845381,81.33152249338795
2018-10-30,Lucknow,5,78.79,True,34.21999999999999,40.53,59.519999999999975,33.194160250926,52.584670416448176,36.39394945613983,27.452388124717782,55.64583733303438,80.00275383251481
2018-10-31,Lucknow,5,68.95,True,34.21999999999999,34.21999999999999,61.209999999999994,33.193001072461065,53.353866521270795,36.875157988580675,26.779911187673463,54.24808436969905,82.00913343288282
2018-11-01,Lucknow,5,70.3,True,34.21999999999999,43.64999999999999,44.849999999999994,33.19215640698269,54.1145207401523,37.27209540844796,26.837260348696788,49.470191973132536,83.25590372297772
2018-11-02,Lucknow,5,82.88,True,34.21999999999999,40.02,51.53,33.19154091940251,54.86487972273854,36.12858747129878,26.414229714999166,52.8764713827848,82.11498923502916
2018-11-03,Lucknow,5,76.48,True,34.21999999999999,45.870000000000005,56.670000000000016,33.19109242547253,55.60287140380089,36.13297555133635,26.71752906155612,55.750357550279006,80.8922732497693
2018-11-04,Lucknow,5,50.08,True,34.21999999999999,42.10999999999999,52.580000000000005,33.19076561455912,56.32657503919998,35.733515987208264,26.178661438846188,52.61570565007625,78.62219419334141
2018-11-05,Lucknow,5,39.64,True,34.21999999999999,48.29,49.040000000000006,33.19052747161253,57.03392833556069,36.38799799637143,28.027355148715372,55.14314053497965,80.85332338509487
2018-11-06,Lucknow,5,40.27,True,34.21999999999999,40.53,50.589999999999996,33.19035393958135,57.722935730135006,36.39394945613983,26.976731005666675,57.215479320408015,78.77277112770884
2018-11-07,Lucknow,5,55.44,True,34.21999999999999,34.21999999999999,59.570000000000014,33.19022748855817,58.39154909513253,36.875157988580675,25.844069898064532,58.74967238695984,80.17925186049837
2018-11-08,Lucknow,5,54.59,True,34.21999999999999,43.64999999999999,60.71999999999998,33.19013534486514,59.03776387608663,37.27209540844796,26.717836095899546,56.82613046863394,81.02494581340886
2018-11-09,Lucknow,5,52.55,True,34.21999999999999,40.02,55.769999999999996,33.19006820055192,59.65957487225888,36.12858747129878,28.02275763580718,55.98203561250333,79.73678313244402
2020-06-02,Ahmedabad,0,41.56,True,22.62,19.350000000000005,74.30999999999997,21.137810872464705,22.20735740216379,20.979634433170595,31.293128238607466,20.150859963540658,20.198123869462176
2020-06-03,Ahmedabad,0,43.36,True,22.62,21.42,77.11999999999998,20.46574961382821,22.124089086340796,20.064055988225988,30.152095800290795,19.40342875342754,19.280839024008124
2020-06-04,Ahmedabad,0,37.3,True,22.62,18.840000000000003,61.74000000000001,20.153251257942888,22.074283890959535,20.314453887466005,30.70263920196835,19.53891671057451,19.943909622362863
2020-06-05,Ahmedabad,0,33.6,True,22.62,18.600000000000005,68.94,20.006197417215127,22.197017067253167,20.157486886033038,31.662907204880824,19.571962789347342,20.33591059143268
2020-06-06,Ahmedabad,0,39.76,True,22.62,16.459999999999997,122.87999999999994,19.936603513945766,22.313661249373418,21.059315341011132,29.28041331100658,19.51418777915978,21.666292080287956
2020-06-07,Ahmedabad,0,34.11,True,22.62,15.350000000000005,154.42,19.90357883552547,22.48428807304227,18.550978366096032,32.12113809906367,19.71872348164264,20.301198245602126
2020-06-08,Ahmedabad,0,28.47,True,22.62,22.62,146.65000000000003,19.88788736443816,22.979086882704667,20.248712351105343,30.01990973257595,20.763246500603216,21.0958576427993
2020-06-09,Ahmedabad,0,25.68,True,22.62,19.350000000000005,127.01999999999992,19.88042710427504,23.19022915210522,20.979634433170595,34.112726660248335,20.343752364126445,21.57494376546365
2020-06-10,Ahmedabad,0,20.92,True,22.62,21.42,135.26,19.876879211742732,23.410770043278024,20.064055988225988,31.816939179272122,19.82358174929236,20.59878032828291
2020-06-11,Ahmedabad,0,26.94,True,22.62,18.840000000000003,140.5,19.875191699401782,23.632204421785186,20.314453887466005,31.565122637786583,19.307966945493213,21.30983986708913
2020-06-12,Ahmedabad,0,22.4,True,22.62,18.600000000000005,120.8,19.87438900171987,23.849557319673085,20.157486886033038,31.32461722789886,19.151600995149316,21.737319418122226
2020-06-13,Ahmedabad,0,28.15,True,22.62,16.459999999999997,112.66000000000003,19.874007171197942,24.059736430088243,21.059315341011132,32.6689767562364,18.845324638857786,23.17137319083091
2020-06-14,Ahmedabad,0,27.53,True,22.62,15.350000000000005,116.69,19.873825537789017,24.26066366800757,18.550978366096032,30.926140014229315,17.909521077857917,21.73664662188991
2020-06-15,Ahmedabad,0,31.93,True,22.62,22.62,103.68999999999997,19.873739135768233,24.450817676155285,20.248712351105343,33.55570945640015,17.804784962536644,22.61262537185156
2020-06-16,Ahmedabad,0,24.73,True,22.62,19.350000000000005,115.77999999999999,19.873698034660407,24.62899400395375,20.979634433170595,35.455817804789035,17.77799327364361,23.158841485649685
2020-06-17,Ahmedabad,0,19.65,True,22.62,21.42,130.64,19.873678482990723,24.794180783722325,20.064055988225988,37.99526184589916,17.971803014397814,22.152046337100558
2020-06-18,Ahmedabad,0,36.24,True,22.62,18.840000000000003,145.75000000000003,19.873669182314938,24.945495678604182,20.314453887466005,36.40467700792061,18.04387702846532,22.957731409391123
2020-06-19,Ahmedabad,0,33.84,True,22.62,18.600000000000005,155.72000000000003,19.873664758007298,25.082155254428415,20.157486886033038,36.72124746602321,18.404900303485682,23.464326997263345
2020-06-20,Ahmedabad,0,15.81,True,22.62,16.459999999999997,147.43999999999994,19.873662653375135,25.203461397603544,21.059315341011132,37.447097079976835,18.266926970187104,25.059542152639786
2020-06-21,Ahmedabad,0,12.44,True,22.62,15.350000000000005,163.54000000000002,19.87366165220675,25.30879656184361,18.550978366096032,35.37077102803693,18.06116568739718,23.561493899841203
2020-06-22,Ahmedabad,0,16.76,True,22.62,22.62,146.55000000000007,19.87366117595338,25.39762343721665,20.248712351105343,36.784524043681344,18.881363993367707,24.55559133901571
2020-06-23,Ahmedabad,0,15.67,True,22.62,19.350000000000005,277.30999999999995,19.873660949400797,25.469486665326347,20.979634433170595,36.502363081898686,18.657226924173457,25.189971795665706
2020-06-24,Ahmedabad,0,25.92,True,22.62,21.42,174.15,19.873660841630283,25.524015308452125,20.064055988225988,38.46269316110379,18.530320862804942,24.131508584712616
2020-06-25,Ahmedabad,0,24.83,True,22.62,18.840000000000003,213.58000000000007,19.873660790364113,25.56092536171948,20.314453887466005,38.586297353861774,18.82570337609137,25.02815838483764
2020-06-26,Ahmedabad,0,30.78,True,22.62,18.600000000000005,176.24000000000007,19.87366076597692,25.58002191172438,20.157486886033038,37.93138975143217,18.728842507470045,25.5852475997943
2020-06-27,Ahmedabad,0,56.35,True,22.62,16.459999999999997,164.64000000000001,19.87366075437599,25.581200717886478,21.059315341011132,38.181401954294756,19.076148349614396,27.30521976185332
2020-06-28,Ahmedabad,0,23.99,True,22.62,15.350000000000005,184.06999999999996,19.873660748857457,25.564449090732225,18.550978366096032,41.654249589143696,19.276529309604328,25.642263056380095
2020-06-29,Ahmedabad,0,25.15,True,22.62,22.62,107.85999999999999,19.873660746232307,25.529845999582424,20.248712351105343,37.56044302671741,18.631837016101542,26.655812416994728
2020-06-30,Ahmedabad,0,58.92,True,22.62,19.350000000000005,168.14999999999995,19.87366074498353,25.4775613793511,20.979634433170595,42.442339669868424,18.356733663144805,27.24449325131232
2020-07-01,Ahmedabad,0,35.04,True,22.62,21.42,119.50999999999998,19.873660744389486,25.40785463209862,20.064055988225988,43.27941484048284,18.143636041854208,25.97622285013296
2020-02-03,Ahmedabad,1,45.94,True,38.28,30.390000000000008,77.01999999999998,37.1073745779919,41.47937135495297,43.778062648429085,40.62691773701857,31.258654185000736,23.785394009544405
2020-02-04,Ahmedabad,1,59.9,True,38.28,18.020000000000003,80.34000000000002,36.87884145964655,43.07270987515413,44.60000586822941,40.68611772556437,30.783981628167563,23.854204387776832
2020-02-05,Ahmedabad,1,59.03,True,38.28,21.98,116.34,37.052668843370476,45.12219080802512,42.09124947949891,41.406803991315215,26.57189011502281,22.187014674189804
2020-02-06,Ahmedabad,1,55.49,True,38.28,26.88,67.95999999999997,37.40099376125586,47.13289394432431,43.44809702983068,40.81972407538765,26.49039890467262,22.492953042135692
2020-02-07,Ahmedabad,1,53.47,True,38.28,50.059999999999995,44.910000000000004,37.82444182492754,49.54751608969492,42.98398929391742,40.65888197969103,28.27492640969983,22.37336989947132
2020-02-08,Ahmedabad,1,54.77,True,38.28,54.23000000000001,56.09000000000002,38.27894517896819,51.42928098288048,45.86816474760237,40.91718820428849,28.586463490359705,23.17195291636739
2020-02-09,Ahmedabad,1,40.74,True,38.28,38.28,79.41999999999997,38.7447999365702,52.854867770642215,40.012027296260214,40.66456900328549,26.932724896762014,21.25365595496192
2020-02-10,Ahmedabad,1,47.28,True,38.28,30.390000000000008,77.13,39.21314778165189,54.68760141291478,43.778062648429085,40.745134068571026,28.20627108948571,21.047175972226817
2020-02-11,Ahmedabad,1,55.78,True,38.28,18.020000000000003,86.06999999999996,39.67998142745656,56.48998414527004,44.60000586822941,41.5993161287467,27.15428077825176,20.75502228149237
2020-02-12,Ahmedabad,1,56.27,True,38.28,21.98,76.65999999999997,40.143468970217356,58.2655452816035,42.09124947949891,41.516595402068475,27.893150080641036,18.977693340164734
2020-02-13,Ahmedabad,1,45.43,True,38.28,26.88,86.15000000000005,40.60275629252692,60.01259325772056,43.44809702983068,41.17218133641876,29.201670395576116,18.936553154648298
2020-02-14,Ahmedabad,1,57.55,True,38.28,50.059999999999995,65.12000000000003,41.057430416310424,61.727462512080514,42.98398929391742,41.14054992111988,30.059870930302925,18.554453540703356
2020-02-15,Ahmedabad,1,67.15,True,38.28,54.23000000000001,102.49999999999996,41.50727890935683,63.4057590615941,45.86816474760237,39.74115991403801,28.219720351565893,18.960425976264588
2020-02-16,Ahmedabad,1,63.11,True,38.28,38.28,75.36,41.952181977180196,65.04284987963963,40.012027296260214,41.38359550957648,29.852603939596605,17.164657243734457
2020-02-17,Ahmedabad,1,50.12,True,38.28,30.390000000000008,83.90000000000002,42.392064027602025,66.63406748322556,43.778062648429085,41.610842763429105,30.47173261193971,16.81889069860668
2020-02-18,Ahmedabad,1,54.08,True,38.28,18.020000000000003,104.86000000000003,42.826871889428666,68.17480757312661,44.60000586822941,41.097354326306586,30.577054237209666,16.44249998493389
2020-02-19,Ahmedabad,1,80.38,True,38.28,21.98,60.71999999999998,43.25656497440702,69.66058653254913,42.09124947949891,41.180105002789794,29.467500168818876,14.922265099131014
2020-02-20,Ahmedabad,1,70.75,True,38.28,26.88,83.56999999999998,43.68111078959154,71.0870836711815,43.44809702983068,42.04630745560332,30.340524004769044,14.829233792180467
2020-02-21,Ahmedabad,1,52.78,True,38.28,50.059999999999995,37.95,44.10048284617945,72.45017729994935,42.98398929391742,40.79416876531836,31.89174649205397,14.501648560447904
2020-02-22,Ahmedabad,1,52.87,True,38.28,54.23000000000001,48.68999999999999,44.514659641703524,73.74597777487877,45.86816474760237,42.19657509553466,35.14538252970862,14.83465800051397
2020-02-23,Ahmedabad,1,51.33,True,38.28,38.28,67.07000000000002,44.92362412316986,74.97085841767112,40.012027296260214,42.83935575182645,32.54430868763399,13.452705436362237
2020-02-24,Ahmedabad,1,74.32,True,38.28,30.390000000000008,77.31999999999998,45.32736336603168,76.12148439245215,43.778062648429085,41.73483187355418,32.13350562305271,13.250633375224526
2020-02-25,Ahmedabad,1,94.67,True,38.28,18.020000000000003,49.52000000000001,45.725868350457716,77.19483932199601,44.60000586822941,40.78120581691991,30.31073918006894,13.050605654480652
2020-02-26,Ahmedabad,1,124.33,True,38.28,21.98,45.599999999999994,46.11913378196471,78.18824933511634,42.09124947949891,41.22505569891303,26.74510862439977,11.943736069959256
2020-02-27,Ahmedabad,1,92.35,True,38.28,26.88,52.879999999999995,46.50715793284111,79.0994042266566,43.44809702983068,42.46521965121405,27.382655218523077,12.008774242324794
2020-02-28,Ahmedabad,1,91.2,True,38.28,50.059999999999995,73.91999999999997,46.88994249391873,79.9263754359403,42.98398929391742,42.01960410999468,31.1238737873367,11.898276479195413
2020-02-29,Ahmedabad,1,75.13,True,38.28,54.23000000000001,84.67,47.26749243211168,80.667630590617,45.86816474760237,42.3410164933409,32.037277879556385,12.3562600860785
2020-03-01,Ahmedabad,1,59.64,True,38.28,38.28,69.51000000000003,47.63981585175719,81.32204441310796,40.012027296260214,41.85128798179269,31.407928233544602,11.370055335003736
2020-03-02,Ahmedabad,1,62.85,True,38.28,30.390000000000008,48.400000000000006,48.00692385895316,81.88890584275337,43.778062648429085,43.027303879481316,28.229948999004268,11.385050008388175
2020-03-03,Ahmedabad,1,60.32,True,38.28,18.020000000000003,42.96,48.368830428597505,82.36792128612332,44.60000586822941,44.32434794671976,23.91108087011805,11.403955046352735
2019-10-06,Ahmedabad,2,132.77,True,168.74000000000007,79.10000000000002,62.42,130.53702436932494,128.71183298308512,125.18709176543912,81.16172977568748,136.56362959265013,102.37978834632685
2019-10-07,Ahmedabad,2,162.56,True,168.74000000000007,65.04,68.79999999999998,117.20394045161095,115.69702801667088,133.16647278861544,84.19029276402716,122.92261841215802,100.70086987871835
2019-10-08,Ahmedabad,2,171.17,True,168.74000000000007,92.52000000000002,94.67,111.69477049928106,110.75903127534527,145.54159729089895,82.04187648326274,129.08516285666437,100.07328584067156
2019-10-09,Ahmedabad,2,204.06,True,168.74000000000007,118.26,115.92000000000002,109.01831296279526,108.26688291653058,129.68656467157908,80.64027601059792,114.53331450316527,91.48829281439393
2019-10-10,Ahmedabad,2,199.03,True,168.74000000000007,98.77000000000001,68.38000000000001,107.43693328517423,106.37776509858845,129.22349122208976,81.15688552036448,114.71354603479301,90.45041100060263
2019-10-11,Ahmedabad,2,211.8,True,168.74000000000007,101.30000000000003,112.68999999999998,106.29829934373095,105.02837803264667,124.54477427726133,80.42937031986018,109.90505011181621,88.46508168492325
2019-10-12,Ahmedabad,2,245.62,True,168.74000000000007,168.74000000000007,98.22,105.34942644630246,104.22265378816311,133.17464326273944,80.50350442718266,103.67679663967117,89.73852624316602
2019-10-13,Ahmedabad,2,207.05,True,168.74000000000007,79.10000000000002,110.32999999999998,104.49061122116984,102.94726835197332,125.18709176543912,78.47382448628359,99.5060624027976,82.05609590773891
2019-10-14,Ahmedabad,2,221.25,True,168.74000000000007,65.04,114.23000000000002,103.68203407694159,101.87700835825184,133.16647278861544,83.7392405872181,105.14700390192381,79.64989929842977
2019-10-15,Ahmedabad,2,229.45,True,168.74000000000007,92.52000000000002,104.87000000000002,102.9074527002056,100.91712550802114,145.54159729089895,80.97892237000718,111.24591766779186,78.41563161530193
2019-10-16,Ahmedabad,2,219.01,True,168.74000000000007,118.26,146.82,102.15994836133952,100.03048856865009,129.68656467157908,80.12571653195661,109.4645075906184,71.28226129465345
2019-10-17,Ahmedabad,2,239.1,True,168.74000000000007,98.77000000000001,118.85,101.43630650013417,99.20053068586971,129.22349122208976,83.34333543561355,105.59533257061038,70.36644903820068
2019-10-18,Ahmedabad,2,217.53,True,168.74000000000007,101.30000000000003,94.48,100.73479682591896,98.41823277044205,124.54477427726133,83.02150026200253,94.58187915271735,68.98140814090053
2019-10-19,Ahmedabad,2,186.56,True,168.74000000000007,168.74000000000007,90.33000000000003,100.05429507595589,97.67751929116412,133.17464326273944,84.29253069089249,100.71111538111329,70.40605934156738
2019-10-20,Ahmedabad,2,159.1,True,168.74000000000007,79.10000000000002,105.96,99.39393486714194,96.9736135936996,125.18709176543912,79.97864456221674,103.48649881785389,64.9823986147803
2019-10-21,Ahmedabad,2,121.02,True,168.74000000000007,65.04,80.48999999999998,98.75296913158557,96.30243803882111,133.16647278861544,78.85100639746867,101.07522184217864,63.8858351163382
2019-10-22,Ahmedabad,2,108.85,True,168.74000000000007,92.52000000000002,85.92000000000004,98.13071447110242,95.66038469208715,145.54159729089895,81.65583827581091,104.99263977423324,63.88883510297052
2019-10-23,Ahmedabad,2,114.63,True,168.74000000000007,118.26,97.96000000000004,97.52652835202242,95.04421861931165,129.68656467157908,83.73491479212454,94.6570195547606,59.12746344825498
2019-10-24,Ahmedabad,2,152.09,True,168.74000000000007,98.77000000000001,111.66999999999996,96.93979933428665,94.45102958633575,129.22349122208976,79.99920341086697,93.92971973551953,59.55990580939853
2019-10-25,Ahmedabad,2,186.72,True,168.74000000000007,101.30000000000003,137.41000000000003,96.36994249838537,93.8782022094342,124.54477427726133,81.43138885404174,89.76039906184879,59.67322730521859
2019-10-26,Ahmedabad,2,86.91,True,168.74000000000007,168.74000000000007,80.40000000000003,95.81639696754675,93.32339377656066,133.17464326273944,79.85275700424363,88.33778190684944,62.31962624934371
2019-10-27,Ahmedabad,2,72.14,True,168.74000000000007,79.10000000000002,78.53999999999998,95.27862429524076,92.7845157575611,125.18709176543912,80.39432635993921,80.03087273228293,58.87894431323022
2019-10-28,Ahmedabad,2,68.64,True,168.74000000000007,65.04,50.69,94.75610722908797,92.25971744775048,133.16647278861544,78.56879571660075,78.50975865917037,59.26729587925406
2019-10-29,Ahmedabad,2,62.2,True,168.74000000000007,92.52000000000002,73.74000000000002,94.24834865562669,91.74737106862597,145.54159729089895,79.05791178700015,77.24180953341093,60.663026129651755
2019-10-30,Ahmedabad,2,74.41,True,168.74000000000007,118.26,70.9,93.75487064662617,91.24605797966838,129.68656467157908,78.87521712449113,75.10037438564952,57.4105989125373
2019-10-31,Ahmedabad,2,115.84,True,168.74000000000007,98.77000000000001,69.94,93.27521357376871,90.75455578892186,129.22349122208976,81.93149970204301,71.25943791787833,59.06555740723433
2019-11-01,Ahmedabad,2,112.58,True,168.74000000000007,101.30000000000003,85.76999999999997,92.80893527690165,90.27182621224019,124.54477427726133,80.04300411056118,71.8043709081309,60.3408691382767
2019-11-02,Ahmedabad,2,87.8,True,168.74000000000007,168.74000000000007,110.63000000000001,92.35561027844665,89.79700356618059,133.17464326273944,76.45202963148726,76.31776558523667,64.12496713093259
2019-11-03,Ahmedabad,2,115.67,True,168.74000000000007,79.10000000000002,102.84000000000003,91.91482903957888,89.32938380339122,125.18709176543912,77.64654501297424,82.95718037803617,61.51126966854518
2019-11-04,Ahmedabad,2,175.04,True,168.74000000000007,65.04,55.52,91.48619725507832,88.86841401777201,133.16647278861544,80.18255176954797,87.52609329266937,62.70275322980913
2019-06-08,Ahmedabad,3,154.42,True,122.87999999999994,70.71,45.870000000000005,106.34022949683731,108.44656574964226,97.20803301241453,72.21337169598591,107.4801090755353,104.54178187545102
2019-06-09,Ahmedabad,3,146.65,True,122.87999999999994,70.34999999999998,43.32,90.14482675431192,93.10024637581829,93.48131600115784,74.42223146369106,91.54911946699656,101.76263078690236
2019-06-10,Ahmedabad,3,127.02,True,122.87999999999994,74.30999999999997,59.190000000000005,91.42280467352107,94.83268164907064,100.10117636748224,74.74676013229924,94.34089884943029,102.80156274733072
2019-06-11,Ahmedabad,3,135.26,True,122.87999999999994,77.11999999999998,35.11999999999999,85.81484812880942,89.65105017898108,101.9473127582126,73.52697563984044,94.16203714996192,104.79340939701393
2019-06-12,Ahmedabad,3,140.5,True,122.87999999999994,61.74000000000001,31.879999999999995,88.40142144436156,92.47702801438675,91.76548968069955,72.21252944392397,88.69347035055603,100.25052607940928
2019-06-13,Ahmedabad,3,120.8,True,122.87999999999994,68.94,43.60999999999999,85.46819723379984,90.09665404057498,92.10349393269313,73.75640634267124,81.91291911448678,103.98421819746963
2019-06-14,Ahmedabad,3,112.66,True,122.87999999999994,122.87999999999994,42.9,87.50762354402127,93.32218823169563,94.6088836111745,70.0162787745688,79.87006438786148,109.02002905737606
2019-06-15,Ahmedabad,3,116.69,True,122.87999999999994,70.71,36.480000000000004,85.68756156559479,91.81645300072022,97.20803301241453,72.90372738627673,76.21397819720256,114.84273219132106
2019-06-16,Ahmedabad,3,103.69,True,122.87999999999994,70.34999999999998,36.239999999999995,87.11003186822084,93.6622721927938,93.48131600115784,73.3213645045454,72.46773937304226,112.04296148303773
2019-06-17,Ahmedabad,3,115.78,True,122.87999999999994,74.30999999999997,35.46,85.91733190871943,92.94885898816348,100.10117636748224,74.39837068646914,72.4830850563466,113.63151679603666
2019-06-18,Ahmedabad,3,130.64,True,122.87999999999994,77.11999999999998,35.74,86.88045764216099,94.42677459470872,101.9473127582126,71.76627111427072,72.92189281012136,116.48469436036231
2019-06-19,Ahmedabad,3,145.75,True,122.87999999999994,61.74000000000001,44.16,86.0866188666709,94.12357696515372,91.76548968069955,72.59864979526135,75.62317773897398,112.25434254583736
2019-06-20,Ahmedabad,3,155.72,True,122.87999999999994,68.94,49.96000000000001,86.73355869034314,95.29387215756351,92.10349393269313,72.60608723366833,75.37662318325233,117.4647589133864
2019-06-21,Ahmedabad,3,147.44,True,122.87999999999994,122.87999999999994,49.53,86.20291454715796,95.25012658010051,94.6088836111745,72.84967953098936,76.43542702230215,124.41702971532183
2019-06-22,Ahmedabad,3,163.54,True,122.87999999999994,70.71,49.54999999999999,86.63651337427538,96.18732371507078,97.20803301241453,72.71155200604834,75.66897200136191,132.56862599665826
2019-06-23,Ahmedabad,3,146.55,True,122.87999999999994,70.34999999999998,51.25000000000001,86.28137686761627,96.2881770699741,93.48131600115784,72.84631188517757,73.2891772771108,130.9660409736012
2019-06-24,Ahmedabad,3,277.31,True,122.87999999999994,74.30999999999997,54.719999999999985,86.57180632839227,97.05729939884503,100.10117636748224,75.90955130876013,71.1575545518125,134.5882609185832
2019-06-25,Ahmedabad,3,174.15,True,122.87999999999994,77.11999999999998,43.379999999999995,86.33404718379306,97.25147215361044,101.9473127582126,73.32146313028429,71.35421952822315,139.8593035043623
2019-06-26,Ahmedabad,3,213.58,True,122.87999999999994,61.74000000000001,45.660000000000004,86.52854383551865,97.89248724221098,91.76548968069955,71.94412796156524,70.64834104825931,136.65487963446384
2019-06-27,Ahmedabad,3,176.24,True,122.87999999999994,68.94,41.589999999999996,86.36935023151361,98.1367486219672,92.10349393269313,72.54088221243696,71.33814376427831,144.93407291444163
2019-06-28,Ahmedabad,3,164.64,True,122.87999999999994,122.87999999999994,45.790000000000006,86.49959395804156,98.67748786475497,94.6088836111745,69.35840923568126,72.30299301277233,155.49526006281818
2019-06-29,Ahmedabad,3,184.07,True,122.87999999999994,70.71,53.18,86.39300051964644,98.94224457491974,97.20803301241453,71.24458991645456,72.03225435769852,167.66334547422926
2019-06-30,Ahmedabad,3,107.86,True,122.87999999999994,70.34999999999998,50.489999999999995,86.48021549904797,99.4010064437692,93.48131600115784,71.8495240910966,72.21548654027023,167.4210668221611
2019-07-01,Ahmedabad,3,168.15,True,122.87999999999994,74.30999999999997,61.629999999999974,86.40884111472309,99.66591645350965,100.10117636748224,70.90731118677682,71.80076055140219,173.61458456766698
2019-07-02,Ahmedabad,3,119.51,True,122.87999999999994,77.11999999999998,53.330000000000005,86.46724213371753,100.05520705800912,101.9473127582126,71.12663654304616,71.83360750523421,181.7030878029195
2019-07-03,Ahmedabad,3,118.73,True,122.87999999999994,61.74000000000001,38.099999999999994,86.41944983572888,100.30623649081225,91.76548968069955,73.03318737953626,71.48240131862694,178.4396468240417
2019-07-04,Ahmedabad,3,144.03,True,122.87999999999994,68.94,28.1,86.45855616256567,100.63443244987876,92.10349393269313,70.48993317950232,73.01176109429434,189.73036225107026
2019-07-05,Ahmedabad,3,106.12,True,122.87999999999994,122.87999999999994,58.020000000000024,86.4265542754188,100.86214567460848,94.6088836111745,69.83612067759567,73.5986095378762,203.54901258327928
2019-07-06,Ahmedabad,3,171.04,True,122.87999999999994,70.71,57.79999999999998,86.45274044295373,101.13515236235874,97.20803301241453,71.56864503394497,73.42288075204357,218.88591968219706
2019-07-07,Ahmedabad,3,148.91,True,122.87999999999994,70.34999999999998,98.32000000000002,86.43131180256879,101.33346853995182,93.48131600115784,73.62619647220703,73.5385536489833,217.41249662818274
2019-02-08,Ahmedabad,4,56.09,True,44.910000000000004,77.34999999999998,140.77999999999997,58.55412784115234,61.15135876981212,53.84013665998635,76.8810932724674,68.03004834103473,80.5275003722032
2019-02-09,Ahmedabad,4,79.42,True,44.910000000000004,66.95000000000002,173.6699999999999,63.45906153572348,68.74806101920268,56.133339388437,80.44971092361818,83.89067806839138,83.04652394733473
2019-02-10,Ahmedabad,4,77.13,True,44.910000000000004,77.01999999999998,172.83999999999995,67.453026941639,74.56567774180942,56.3234046922033,80.43361496884508,88.06398885398553,79.38513871216847
2019-02-11,Ahmedabad,4,86.07,True,44.910000000000004,80.34000000000002,99.65000000000002,67.77646866860826,75.982391513022,58.15923473638024,79.03474954573545,86.32767602825712,76.93446142335846
2019-02-12,Ahmedabad,4,76.66,True,44.910000000000004,116.34,130.92999999999998,69.09569852564735,78.04102452564369,59.806799635599695,77.53841461756377,84.0486526118349,75.98355891097883
2019-02-13,Ahmedabad,4,86.15,True,44.910000000000004,67.95999999999997,117.16000000000001,68.70948705005983,77.5927259965237,59.088720106883066,77.68870469132534,84.38054651813012,72.05356185443654
2019-02-14,Ahmedabad,4,65.12,True,44.910000000000004,44.910000000000004,104.30999999999997,69.3148117786046,78.02010355700247,57.0807359929303,77.19580509255589,85.2220845235633,73.7977353664747
2019-02-15,Ahmedabad,4,102.5,True,44.910000000000004,77.34999999999998,106.88999999999996,68.95258858917272,77.72265925512836,53.84013665998635,78.8322561841528,84.1170547512987,73.95552648935016
2019-02-16,Ahmedabad,4,75.36,True,44.910000000000004,66.95000000000002,176.38000000000005,69.29848128915381,77.95780611359902,56.133339388437,78.44424221041449,84.73409202831522,75.42791229921482
2019-02-17,Ahmedabad,4,83.9,True,44.910000000000004,77.01999999999998,180.34000000000003,69.04291932102001,77.48354619464499,56.3234046922033,77.96614211925906,82.86655253653939,71.27803142516821
2019-02-18,Ahmedabad,4,104.86,True,44.910000000000004,80.34000000000002,177.19,69.25869156389398,77.40041443139386,58.15923473638024,76.3816103890763,77.61391215235956,68.28108502874117
2019-02-19,Ahmedabad,4,60.72,True,44.910000000000004,116.34,199.1699999999999,69.08910190591817,76.86454594440104,59.806799635599695,79.24147971837841,77.78875372767763,66.6689781784837
2019-02-20,Ahmedabad,4,83.57,True,44.910000000000004,67.95999999999997,159.18000000000004,69.22751536386195,76.57638915856184,59.088720106883066,77.06221729594311,75.18809547178986,62.516929141184505
2019-02-21,Ahmedabad,4,37.95,True,44.910000000000004,44.910000000000004,164.78000000000006,69.11678490439353,75.981669549774,57.0807359929303,81.70677104871866,74.39640752304744,63.36368404594465
2019-02-22,Ahmedabad,4,48.69,True,44.910000000000004,77.34999999999998,135.70999999999995,69.20630545287662,75.53836827350568,53.84013665998635,76.36760128501068,77.0550420870206,62.88566482531928
2019-02-23,Ahmedabad,4,67.07,True,44.910000000000004,66.95000000000002,141.96999999999997,69.13433013255678,74.87952707050316,56.133339388437,75.8632446883996,72.85734537933276,63.5849950443026
2019-02-24,Ahmedabad,4,77.32,True,44.910000000000004,77.01999999999998,133.66000000000003,69.19236456141256,74.30140683684385,56.3234046922033,80.50489350645437,75.31211559652988,59.62893216486065
2019-02-25,Ahmedabad,4,49.52,True,44.910000000000004,80.34000000000002,125.35000000000004,69.1456391790113,73.56859873677087,58.15923473638024,78.76252862740891,75.14059154356791,56.76535144315974
2019-02-26,Ahmedabad,4,45.6,True,44.910000000000004,116.34,135.69000000000003,69.18328672266657,72.87328269080437,59.806799635599695,76.15488128683499,70.61312601149427,55.164913091500395
2019-02-27,Ahmedabad,4,52.88,True,44.910000000000004,67.95999999999997,152.62000000000003,69.15296394761955,72.06403600321768,59.088720106883066,78.21955574375983,69.38003209094143,51.562403250038244
2019-02-28,Ahmedabad,4,73.92,True,44.910000000000004,44.910000000000004,177.22999999999996,69.1773908294165,71.26567829989497,57.0807359929303,76.4787194595584,70.44933587091299,52.192727331727916
2019-03-01,Ahmedabad,4,84.67,True,44.910000000000004,77.34999999999998,116.22,69.15771456254545,70.38159132404805,53.84013665998635,77.65956117751033,70.12942428128046,51.81612659907857
2019-03-02,Ahmedabad,4,69.51,True,44.910000000000004,66.95000000000002,105.31000000000004,69.17356427476376,69.49298632176689,56.133339388437,74.44255793214823,72.34120724503914,52.50144889474989
2019-03-03,Ahmedabad,4,48.4,True,44.910000000000004,77.01999999999998,104.43999999999998,69.16079679525107,68.53878852163614,56.3234046922033,74.98648788548677,68.50113069233176,49.40556540867701
2019-03-04,Ahmedabad,4,42.96,True,44.910000000000004,80.34000000000002,78.27,69.17108122933647,67.57212868613706,58.15923473638024,74.9110479254927,71.41838565815038,47.27047952346038
2019-03-05,Ahmedabad,4,67.29,True,44.910000000000004,116.34,114.49999999999996,69.16279675631955,66.55493109768477,59.806799635599695,76.20528724455684,74.12703559437328,46.237395101367625
2019-03-06,Ahmedabad,4,72.21,True,44.910000000000004,67.95999999999997,128.12000000000003,69.16947005646001,65.52224205598428,59.088720106883066,76.94983640745964,72.90360099558109,43.54695514051084
2019-03-07,Ahmedabad,4,72.07,True,44.910000000000004,44.910000000000004,121.55999999999996,69.16409449140232,64.45080774639455,57.0807359929303,72.82963740585836,72.35096502988362,44.4718333590986
2019-03-08,Ahmedabad,4,54.45,True,44.910000000000004,77.34999999999998,147.43999999999994,69.16842462236659,63.36405478227434,53.84013665998635,74.08902030548155,72.55453019630352,44.575099543925276
2019-03-09,Ahmedabad,4,47.19,True,44.910000000000004,66.95000000000002,119.70999999999994,69.16493656666776,62.24823238329282,56.133339388437,76.31063353593355,72.71931459561779,45.623978498516195
