date,city,window,actual,observed,Naive (last value),Seasonal naive (weekly),Seasonal naive (annual),ARIMA,SARIMA,Holt-Winters,LSTM,XGBoost,Prophet
2020-06-02,Delhi,0,45.9,True,41.05,55.380000000000024,66.94,46.00924566596266,50.28505791718062,35.457094848215476,40.037943861695105,43.97457225477694,47.01706005310292
2020-06-03,Delhi,0,50.62,True,41.05,43.21999999999999,54.950000000000024,44.701154061546816,52.04364933186835,35.35852669957476,42.87847261246008,44.42739691568968,47.31181411425221
2020-06-04,Delhi,0,68.24,True,41.05,39.07000000000001,73.34999999999997,44.4387150418169,54.19828107137669,34.757871631112366,42.017048652565926,50.052701764676186,47.25903823482296
2020-06-05,Delhi,0,42.43,True,41.05,24.620000000000005,70.61000000000001,44.56897229933501,57.09999272185358,34.17026421226595,42.362137743123895,49.834343427505495,46.256310747428934
2020-06-06,Delhi,0,35.14,True,41.05,23.089999999999996,54.80999999999998,44.84949375880564,59.079686241942376,34.34345195193162,42.442001628746425,50.19797291346363,44.92743906303861
2020-06-07,Delhi,0,39.99,True,41.05,21.51,69.75,45.18755442597811,60.87018114774745,35.34793502224662,41.13638496846798,53.07735779067076,43.96059356811701
2020-06-08,Delhi,0,46.9,True,41.05,41.05,101.04999999999998,45.54726606180518,60.74550931119868,35.956032458897525,41.445272482506475,55.027528116597125,44.24795958410771
2020-06-09,Delhi,0,64.77,True,41.05,55.380000000000024,74.48000000000003,45.91466591909014,61.407547972513335,35.457094848215476,41.13747490104492,55.055453301123094,44.62158600738551
2020-06-10,Delhi,0,58.9,True,41.05,43.21999999999999,118.38000000000004,46.284301945846224,62.26483725402354,35.35852669957476,41.51402033690153,49.81450710112058,45.01375927293303
2020-06-11,Delhi,0,54.69,True,41.05,39.07000000000001,59.85999999999998,46.65403363138951,62.89860257135214,34.757871631112366,41.100015083028914,44.36650404642865,45.03616331303952
2020-06-12,Delhi,0,64.0,True,41.05,24.620000000000005,52.65999999999999,47.0230103444747,63.35364396376464,34.17026421226595,42.59546100540661,50.092434168638846,44.108959840830614
2020-06-13,Delhi,0,52.36,True,41.05,23.089999999999996,53.78999999999998,47.39088426393207,63.65190672769836,34.34345195193162,40.660338952421945,44.08577599836788,42.82627713325452
2020-06-14,Delhi,0,71.08,True,41.05,21.51,81.86000000000003,47.7575038304432,63.808657472002906,35.34793502224662,41.38339669642464,43.03896062384946,41.84713236883625
2020-06-15,Delhi,0,48.69,True,41.05,41.05,42.06,48.12279433823966,63.83695683361337,35.956032458897525,41.06485154785974,42.94232251454395,42.02157566215557
2020-06-16,Delhi,0,39.87,True,41.05,55.380000000000024,40.17999999999999,48.48671142180979,63.74885063862081,35.457094848215476,41.16148176234568,44.596181789648696,42.235304613005184
2020-06-17,Delhi,0,34.35,True,41.05,43.21999999999999,30.390000000000008,48.849222937059125,63.555661518641074,35.35852669957476,41.802850310602814,44.96167528674484,42.42535679669273
2020-06-18,Delhi,0,36.84,True,41.05,39.07000000000001,79.96000000000001,49.21030190218728,63.2680472191289,34.757871631112366,43.278575154490284,45.470395348526914,42.22970423015942
2020-06-19,Delhi,0,57.6,True,41.05,24.620000000000005,42.75999999999999,49.569923745950824,62.89600826004819,34.17026421226595,41.13349307477551,39.7660740783171,41.11680615438974
2020-06-20,Delhi,0,35.96,True,41.05,23.089999999999996,71.14999999999999,49.9280652332886,62.448892434809984,34.34345195193162,41.05124913046675,36.04125951863565,39.66010700463199
2020-06-21,Delhi,0,39.7,True,41.05,21.51,68.27000000000001,50.28470404400582,61.93540644137017,35.34793502224662,42.941758832916754,35.09796443468454,38.480727678562054
2020-06-22,Delhi,0,39.47,True,41.05,41.05,42.06,50.63981860562276,61.36363513815761,35.956032458897525,41.76674656422162,36.55780433393399,38.35759773960152
2020-06-23,Delhi,0,29.02,True,41.05,55.380000000000024,26.289999999999996,50.99338802506457,60.74106668727068,35.457094848215476,41.59863207212303,39.7971490848756,38.26213173060605
2020-06-24,Delhi,0,30.91,True,41.05,43.21999999999999,53.65,51.345392058719725,60.07462164675382,35.35852669957476,43.25875369062436,41.147783153929986,38.14286870339178
2020-06-25,Delhi,0,38.37,True,41.05,39.07000000000001,67.36000000000003,51.69581109732838,59.37068436418808,34.757871631112366,42.17388238325374,39.578117785104986,37.682370409625705
2020-06-26,Delhi,0,50.01,True,41.05,24.620000000000005,65.29999999999998,52.04462615654269,58.635135385891836,34.17026421226595,42.711759096720435,40.75957746627413,36.421474179789634
2020-06-27,Delhi,0,39.8,True,41.05,23.089999999999996,61.209999999999994,52.39181886959948,57.87338392227232,34.34345195193162,41.29294727507147,41.248290458217376,34.887580494096504
2020-06-28,Delhi,0,59.52,True,41.05,21.51,58.080000000000005,52.737371480724875,57.09039967910956,35.34793502224662,42.630033587618165,38.325000295815755,33.634155496161085
2020-06-29,Delhi,0,44.86,True,41.05,41.05,65.23999999999998,53.081266838738664,56.29074357873178,35.956032458897525,43.10518661312468,38.62840336245929,33.33821405901736
2020-06-30,Delhi,0,39.8,True,41.05,55.380000000000024,57.270000000000024,53.42348839065652,55.47859706173485,35.457094848215476,43.85920788511561,40.58795662980518,33.09446753337107
2020-07-01,Delhi,0,54.01,True,41.05,43.21999999999999,71.67999999999998,53.76402017521634,54.65778978718156,35.35852669957476,43.25215277004228,39.78798746970519,32.86042064543392
2020-02-03,Delhi,1,138.5,True,120.86000000000003,209.9699999999999,131.09999999999997,118.28583366799188,122.25170295724251,120.03236988791822,121.36071108788849,117.0150916284452,118.91829668814323
2020-02-04,Delhi,1,188.42,True,120.86000000000003,104.45000000000002,144.61999999999998,116.99880721430245,127.23885418766201,117.86907665398111,123.36178993559194,116.49912124583109,119.33681820090816
2020-02-05,Delhi,1,150.08,True,120.86000000000003,77.95000000000003,256.32999999999987,116.56017779367616,130.33762026494463,119.15628894143313,124.42645516152528,118.7267472457371,120.71590126566268
2020-02-06,Delhi,1,118.57,True,120.86000000000003,91.56,177.24999999999997,116.24377686204556,131.0210673163872,119.2466258622864,124.02339665193843,122.04569493855104,122.16885789941138
2020-02-07,Delhi,1,150.15,True,120.86000000000003,92.03999999999999,65.65,115.99259211893762,131.76686631872226,116.36816572777317,121.45418006781091,135.3385465847922,120.28985709925253
2020-02-08,Delhi,1,149.67,True,120.86000000000003,112.13000000000002,72.28999999999999,115.7767423664919,131.1478555708082,116.83762043497437,120.69825584814483,144.31243194875515,117.24465474112263
2020-02-09,Delhi,1,151.43,True,120.86000000000003,120.86000000000003,82.50000000000001,115.58053090219798,130.77988923411775,118.046885266052,119.90700646319603,148.04611752356166,113.95465412305018
2020-02-10,Delhi,1,174.4,True,120.86000000000003,209.9699999999999,143.30999999999997,115.39569726835595,130.48251649122548,120.03236988791822,118.96504571357879,148.36321659448134,114.0270397701975
2020-02-11,Delhi,1,176.57,True,120.86000000000003,104.45000000000002,173.61,115.21788525137285,129.9485279664356,117.86907665398111,118.0501367478786,147.7679933024807,114.41710139232612
2020-02-12,Delhi,1,172.12,True,120.86000000000003,77.95000000000003,208.63999999999993,115.04479017917348,129.24528532934042,119.15628894143313,116.94674622880916,149.54947433721375,115.59760395569243
2020-02-13,Delhi,1,95.72,True,120.86000000000003,91.56,198.2599999999999,114.87518595002429,128.41653269731557,119.2466258622864,115.71884000487916,142.07164626884614,116.71246223259594
2020-02-14,Delhi,1,73.84,True,120.86000000000003,92.03999999999999,153.73,114.70841374174466,127.49026266004293,116.36816572777317,113.93320496824158,135.83757410126637,114.51525632248887
2020-02-15,Delhi,1,83.07,True,120.86000000000003,112.13000000000002,123.45999999999998,114.54411323831732,126.48841126635854,116.83762043497437,112.45138664475627,136.98348954450756,111.10374632936708
2020-02-16,Delhi,1,132.63,True,120.86000000000003,120.86000000000003,112.33999999999996,114.38208131376526,125.42895718404442,118.046885266052,110.88773649034664,141.99744011712065,107.37931241118756
2020-02-17,Delhi,1,158.69,True,120.86000000000003,209.9699999999999,99.27000000000001,114.22219772088863,124.32675027998583,120.03236988791822,110.34750937583362,146.8804491006421,106.74473504348599
2020-02-18,Delhi,1,125.53,True,120.86000000000003,104.45000000000002,109.11000000000004,114.06438601021226,123.19406687901288,117.86907665398111,108.30687949535543,145.15305968482778,106.32113075894561
2020-02-19,Delhi,1,138.46,True,120.86000000000003,77.95000000000003,126.12000000000003,113.90859297417651,122.04105554966245,119.15628894143313,107.94088426214842,142.20166799024835,106.55318809760624
2020-02-20,Delhi,1,98.84,True,120.86000000000003,91.56,102.29999999999998,113.75477783310731,120.87610734239824,119.2466258622864,106.36743171792864,143.53238348836317,106.65634321664463
2020-02-21,Delhi,1,53.11,True,120.86000000000003,92.03999999999999,73.33000000000003,113.60290654427864,119.70616387962491,116.36816572777317,104.69512632042408,146.26585271608488,103.70742440386996
2020-02-22,Delhi,1,63.62,True,120.86000000000003,112.13000000000002,73.90000000000003,113.45294880526326,118.53697288856397,116.83762043497437,103.32668940823179,146.73223060876992,99.69199943742034
2020-02-23,Delhi,1,105.71,True,120.86000000000003,120.86000000000003,56.51,113.3048764743055,117.37329939254425,118.046885266052,101.83549724024512,143.87904465541558,95.46200736184755
2020-02-24,Delhi,1,70.59,True,120.86000000000003,209.9699999999999,89.34,113.15866273600754,116.21909972740988,120.03236988791822,100.21066890367348,145.6480065418653,94.04397231169159
2020-02-25,Delhi,1,127.75,True,120.86000000000003,104.45000000000002,92.35999999999997,113.0142816590718,115.07766457189965,117.86907665398111,100.66603293898852,146.30637628687577,92.86462079174588
2020-02-26,Delhi,1,141.81,True,120.86000000000003,77.95000000000003,59.96999999999999,112.87170796031094,113.95173627375867,119.15628894143313,99.07243078720198,143.81363714918638,92.3217009863033
2020-02-27,Delhi,1,107.28,True,120.86000000000003,91.56,47.17999999999999,112.73091687721715,112.84360493547071,119.2466258622864,98.16127729948357,144.103533209949,91.74236586654806
2020-02-28,Delhi,1,83.48,True,120.86000000000003,92.03999999999999,96.37999999999998,112.5918840976964,111.75518700336977,116.36816572777317,97.49485903804198,145.47482922745854,88.64147095224055
2020-02-29,Delhi,1,60.01,True,120.86000000000003,112.13000000000002,93.83000000000001,112.45458571993841,110.68808948085729,116.83762043497437,96.85526556199015,141.58496238748083,84.76376693977433
2020-03-01,Delhi,1,42.83,True,120.86000000000003,120.86000000000003,109.60000000000001,112.31899822820382,109.64366235453362,118.046885266052,96.66588301410646,137.64962845369922,80.84448663851228
2020-03-02,Delhi,1,99.34,True,120.86000000000003,209.9699999999999,62.91999999999999,112.1850984770477,108.6230413723848,120.03236988791822,94.60848258544439,140.54877369914843,79.44174693363438
2020-03-03,Delhi,1,86.26,True,120.86000000000003,104.45000000000002,105.93,112.05286368004423,107.6271829359298,117.86907665398111,94.42895250640738,144.73745581334518,78.36403336037345
2019-10-06,Delhi,2,58.75,True,39.480000000000004,16.91,78.86999999999999,37.9937312471691,50.99534639494727,40.68299930686102,62.44833280795737,39.44591766452434,62.93608970997767
2019-10-07,Delhi,2,55.88,True,39.480000000000004,29.419999999999995,81.13999999999999,36.55403201667222,60.435169622510614,41.75561642039773,65.21152490611344,46.0813957255589,66.03885929440064
2019-10-08,Delhi,2,44.85,True,39.480000000000004,33.919999999999995,118.60000000000005,35.97857578956746,67.30260393697023,41.34513085899132,65.13883973132732,47.35896477876088,70.00960376841897
2019-10-09,Delhi,2,77.02,True,39.480000000000004,40.160000000000004,103.26000000000002,35.677063375940925,72.60909599825656,41.61588692581037,70.89617270730984,49.65046715766516,74.48606289265184
2019-10-10,Delhi,2,100.82,True,39.480000000000004,57.98999999999999,93.35999999999997,35.518204692882556,76.56942250738881,41.383372657633885,71.82358688732006,57.583085665880816,79.18979208679337
2019-10-11,Delhi,2,98.07,True,39.480000000000004,43.07000000000001,70.42000000000003,35.434259578999935,80.07097409300412,40.70198654120189,73.3705707873226,57.927915523516866,82.35534478936113
2019-10-12,Delhi,2,103.45,True,39.480000000000004,39.480000000000004,67.92999999999999,35.38983148518788,82.99971692770114,40.90955723083373,77.3699523184828,57.40246027642361,84.54580880569328
2019-10-13,Delhi,2,132.57,True,39.480000000000004,16.91,132.93,35.36629837928421,85.5017738993406,40.68299930686102,78.3481263165621,57.83938588155829,85.95949032832893
2019-10-14,Delhi,2,116.33,True,39.480000000000004,29.419999999999995,91.88000000000002,35.35382766563289,87.86360462347368,41.75561642039773,78.10273701546,49.75430640017087,90.62978153412975
2019-10-15,Delhi,2,133.35,True,39.480000000000004,33.919999999999995,115.95999999999994,35.347217621547244,90.15885413412482,41.34513085899132,81.41542837107404,46.274502830427075,96.4188700159502
2019-10-16,Delhi,2,146.37,True,39.480000000000004,40.160000000000004,139.18,35.34371356627814,92.41695795384554,41.61588692581037,81.96902815862948,41.247625660140784,102.81818461454166
2019-10-17,Delhi,2,121.68,True,39.480000000000004,57.98999999999999,137.28999999999994,35.34185590757518,94.66179232387184,41.383372657633885,92.28355289297637,42.685850789121815,109.42374889494221
2019-10-18,Delhi,2,90.41,True,39.480000000000004,43.07000000000001,143.20000000000002,35.34087104427137,96.9041623836741,40.70198654120189,90.73775928347158,49.861935696163876,113.77952698001077
2019-10-19,Delhi,2,76.77,True,39.480000000000004,39.480000000000004,137.72999999999996,35.3403488958556,99.15095219560213,40.90955723083373,95.40567211583142,52.02361907860864,116.64298901337891
2019-10-20,Delhi,2,98.05,True,39.480000000000004,16.91,168.86999999999992,35.34007206391059,101.40478426288686,40.68299930686102,96.26535099763684,51.991379611307124,118.28073893035251
2019-10-21,Delhi,2,115.16,True,39.480000000000004,29.419999999999995,141.15,35.339925292764185,103.6664218038658,41.75561642039773,99.25936492156804,47.198921584162285,124.20725231806513
2019-10-22,Delhi,2,93.51,True,39.480000000000004,33.919999999999995,121.64999999999999,35.33984747722016,105.93511312052605,41.34513085899132,100.81805817097161,40.315615198322384,131.4449574884708
2019-10-23,Delhi,2,122.12,True,39.480000000000004,40.160000000000004,119.39999999999995,35.339806220693724,108.20929924046982,41.61588692581037,105.40323100654915,38.993955592955515,139.26020347436196
2019-10-24,Delhi,2,173.56,True,39.480000000000004,57.98999999999999,174.04,35.339784347142555,110.486836526979,41.383372657633885,110.19152572906398,44.174792607796256,147.07207725289675
2019-10-25,Delhi,2,129.9,True,39.480000000000004,43.07000000000001,168.82,35.339772750130464,112.76522987462761,40.70198654120189,114.98058851104607,48.235564619113866,151.58787911580055
2019-10-26,Delhi,2,148.73,True,39.480000000000004,39.480000000000004,203.12,35.3397666015761,115.04173882639053,40.90955723083373,116.88411306253265,47.095390930455274,153.87407778131092
2019-10-27,Delhi,2,198.81,True,39.480000000000004,16.91,206.05,35.339763341708405,117.31346416313168,40.68299930686102,123.08564055024397,43.23565910601948,154.33584403574085
2019-10-28,Delhi,2,301.39,True,39.480000000000004,29.419999999999995,205.00000000000003,35.33976161337725,119.57739744716842,41.75561642039773,123.21478777299562,46.28132234972453,160.12880316894638
2019-10-29,Delhi,2,287.56,True,39.480000000000004,33.919999999999995,231.8299999999999,35.33976069704291,121.83045896986788,41.34513085899132,133.61171019062473,49.26890877802719,167.2673409291448
2019-10-30,Delhi,2,279.32,True,39.480000000000004,40.160000000000004,263.39000000000004,35.339760211216685,124.06952393160533,41.61588692581037,132.57607082302601,52.485426655631834,174.76215453526066
2019-10-31,Delhi,2,314.32,True,39.480000000000004,57.98999999999999,225.17000000000002,35.33975995363916,126.29144353667706,41.383372657633885,140.84990514828613,56.6551513893108,181.86329235137774
2019-11-01,Delhi,2,388.45,True,39.480000000000004,43.07000000000001,236.66999999999996,35.339759817075546,128.49306209995405,40.70198654120189,144.31829308889112,58.89652352298842,184.56872260797218
2019-11-02,Delhi,2,320.26,True,39.480000000000004,39.480000000000004,205.4399999999999,35.339759744671646,130.6712320860301,40.90955723083373,148.5951639500436,56.87975849178927,184.35294805909436
2019-11-03,Delhi,2,582.28,True,39.480000000000004,16.91,159.55999999999995,35.33975970628422,132.8228276670709,40.68299930686102,152.21008275841737,57.64342750557193,181.84016586512752
2019-11-04,Delhi,2,272.3,True,39.480000000000004,29.419999999999995,97.27000000000001,35.3397596859318,134.94475736683523,41.75561642039773,162.26017390786225,58.96159198302279,185.43892206297997
2019-06-08,Delhi,3,69.75,True,54.80999999999998,95.39999999999998,76.78000000000002,59.92970100258479,60.422227176860964,58.13851818603163,67.89834760175388,59.039355189685935,68.48485210234224
2019-06-09,Delhi,3,101.05,True,54.80999999999998,73.35999999999999,52.79,64.95948713067652,67.35783993590158,58.28073011082178,71.69513047636764,65.91004554362044,66.32557876249615
2019-06-10,Delhi,3,74.48,True,54.80999999999998,66.94,67.02000000000002,66.76580027087346,69.60138830011148,58.682231297137356,73.44498674993758,66.0366053780141,66.05513906205444
2019-06-11,Delhi,3,118.38,True,54.80999999999998,54.950000000000024,73.21999999999997,68.01854007198517,70.84321224473155,57.634949526182915,74.38713676975631,67.78365136244423,66.35882263982582
2019-06-12,Delhi,3,59.86,True,54.80999999999998,73.34999999999997,141.27999999999997,68.67222770628925,70.14840210678517,58.61355833019624,74.25287849013735,76.70677646292711,67.17536907710314
2019-06-13,Delhi,3,52.66,True,54.80999999999998,70.61000000000001,261.7699999999999,69.15210336326386,70.18615893077427,60.35896399065984,73.9315222012399,87.3515057991475,69.12111233528208
2019-06-14,Delhi,3,53.79,True,54.80999999999998,54.80999999999998,225.49000000000007,69.515985047516,70.72120989287548,57.971908029857104,73.10921614584943,86.44038782673077,68.15792206640984
2019-06-15,Delhi,3,81.86,True,54.80999999999998,95.39999999999998,153.28000000000003,69.83614312492982,70.0802818969556,58.13851818603163,71.25004948391086,89.91642011845606,66.36346292935802
2019-06-16,Delhi,3,42.06,True,54.80999999999998,73.35999999999999,127.32000000000002,70.13161511472876,69.34234888041513,58.28073011082178,71.00224583939841,87.73787320024731,63.928780169893
2019-06-17,Delhi,3,40.18,True,54.80999999999998,66.94,84.46999999999997,70.41580165815155,68.71454243585917,58.682231297137356,70.14463885091652,83.27906792963381,63.25515816678488
2019-06-18,Delhi,3,30.39,True,54.80999999999998,54.950000000000024,61.05999999999999,70.69342545840242,68.06360195133173,57.634949526182915,68.42082569903003,75.02544135506764,63.066579214454606
2019-06-19,Delhi,3,79.96,True,54.80999999999998,73.34999999999997,52.75999999999999,70.96713346761942,67.36233692534367,58.61355833019624,68.02412364116566,71.9665700956241,63.30198005916792
2019-06-20,Delhi,3,42.76,True,54.80999999999998,70.61000000000001,67.54999999999997,71.23799931029897,66.6102220380945,60.35896399065984,66.62567228362455,74.29789208147467,64.53435552196402
2019-06-21,Delhi,3,71.15,True,54.80999999999998,54.80999999999998,76.98,71.50656675761923,65.81301094779943,57.971908029857104,65.51199380091744,80.89523490862534,63.00606078134108
2019-06-22,Delhi,3,68.27,True,54.80999999999998,95.39999999999998,83.97999999999999,71.7730728852227,64.9775248460583,58.13851818603163,64.57313020068561,70.01199838237437,60.71282032025354
2019-06-23,Delhi,3,42.06,True,54.80999999999998,73.35999999999999,81.33000000000003,72.03763329662813,64.11035577623127,58.28073011082178,62.88635121261774,61.574734785852584,57.864572134212004
2019-06-24,Delhi,3,26.29,True,54.80999999999998,66.94,54.150000000000006,72.30030136611657,63.21757759191783,58.682231297137356,62.2106993744149,59.20830312101074,56.64575994946756
2019-06-25,Delhi,3,53.65,True,54.80999999999998,54.950000000000024,46.9,72.56110390282825,62.30471356795589,57.634949526182915,61.39674538872841,59.786864088093004,55.88443578594826
2019-06-26,Delhi,3,67.36,True,54.80999999999998,73.34999999999997,29.98,72.82005494122117,61.376766778297934,58.61355833019624,59.53548274484183,58.49335013774099,55.523647318607196
2019-06-27,Delhi,3,65.3,True,54.80999999999998,70.61000000000001,52.48,73.07716294398958,60.43826328245857,60.35896399065984,59.28332989268856,62.08750096301628,56.060859692497026
2019-06-28,Delhi,3,61.21,True,54.80999999999998,54.80999999999998,30.069999999999997,73.33243385191035,59.493295369280894,57.971908029857104,57.925289551073774,61.99671730180395,54.23911444494157
2019-06-29,Delhi,3,58.08,True,54.80999999999998,95.39999999999998,37.11,73.58587257327166,58.54556175455089,58.13851818603163,57.8247608181903,63.03116676499661,51.834469743959794
2019-06-30,Delhi,3,65.24,True,54.80999999999998,73.35999999999999,41.40999999999999,73.83748364070992,57.598404150285965,58.28073011082178,57.36618983215531,56.86397389093237,49.04169623660857
2019-07-01,Delhi,3,57.27,True,54.80999999999998,66.94,34.18,74.08727152009608,56.65484029127604,58.682231297137356,56.71760534881247,51.929697815621665,47.713848004137134
2019-07-02,Delhi,3,71.68,True,54.80999999999998,54.950000000000024,34.24,74.33524074754874,55.717593681690566,57.634949526182915,56.21424736348541,49.616677674610706,46.84080785398769
2019-07-03,Delhi,3,39.99,True,54.80999999999998,73.34999999999997,44.550000000000004,74.58139599086961,54.78912036607681,58.61355833019624,55.88686725766488,45.77672685781057,46.36966252193989
2019-07-04,Delhi,3,36.82,True,54.80999999999998,70.61000000000001,45.75999999999999,74.8257420750024,53.87163302920377,60.35896399065984,55.21528607910065,50.07079243130262,46.71341617116151
2019-07-05,Delhi,3,48.6,True,54.80999999999998,54.80999999999998,50.410000000000004,75.06828399130399,52.96712271461535,57.971908029857104,54.822523895984695,55.289206130681265,45.14872031295524
2019-07-06,Delhi,3,34.25,True,54.80999999999998,95.39999999999998,57.12000000000001,75.30902689926765,52.07737843103016,58.13851818603163,53.484487443756024,50.57338785722228,43.1591971367539
2019-07-07,Delhi,3,38.81,True,54.80999999999998,73.35999999999999,61.93000000000002,75.54797612483507,51.20400489237271,58.28073011082178,52.98472879620139,48.15655637548529,40.89849056496765
2019-02-08,Delhi,4,72.29,True,65.65,178.67999999999995,186.18999999999997,82.50443997201567,84.53679725031049,83.64520596716015,132.7457260214753,100.43175381578983,147.60955700559305
2019-02-09,Delhi,4,82.5,True,65.65,177.32000000000002,203.32999999999998,107.77475814336772,112.76152673723261,83.18963600215432,135.83626708474412,124.01270771178055,144.19863458866703
2019-02-10,Delhi,4,143.31,True,65.65,131.09999999999997,209.6999999999999,114.90229131954985,119.30893277660749,81.41975816630126,136.1190576240772,130.86569760442023,137.99476326542577
2019-02-11,Delhi,4,173.61,True,65.65,144.61999999999998,148.12999999999997,120.73983594399395,121.73655497299613,82.30506852992653,135.3441598526999,158.85526592869806,136.52863138739832
2019-02-12,Delhi,4,208.64,True,65.65,256.32999999999987,72.35999999999997,122.50719041458925,121.03789235634711,82.31531679144409,135.21376315354684,144.44684810072053,138.0108774025673
2019-02-13,Delhi,4,198.26,True,65.65,177.24999999999997,103.92999999999996,123.55658038342321,123.99791644792124,83.66525142780773,134.45985788111395,137.4512323091463,139.8425035790006
2019-02-14,Delhi,4,153.73,True,65.65,65.65,76.91999999999999,123.81955261187379,129.57713754032577,85.75236211742991,134.11835659351644,142.92353480874218,142.99575571665284
2019-02-15,Delhi,4,123.46,True,65.65,178.67999999999995,94.49,123.87930429597598,128.72733922039154,83.64520596716015,133.8308424297104,140.52589450099995,143.12621000983643
2019-02-16,Delhi,4,112.34,True,65.65,177.32000000000002,123.19000000000004,123.78822436832947,127.32073521649357,83.18963600215432,132.88137483957905,137.97018513239425,139.17169441765768
2019-02-17,Delhi,4,99.27,True,65.65,131.09999999999997,127.80000000000001,123.64944006845677,126.80862943094995,81.41975816630126,131.4382230909631,138.61272470292042,132.39172628753442
2019-02-18,Delhi,4,109.11,True,65.65,144.61999999999998,127.26999999999995,123.48242014585753,126.17568193774815,82.30506852992653,130.01128612457626,141.1600485756278,130.04733558408128
2019-02-19,Delhi,4,126.12,True,65.65,256.32999999999987,172.55000000000004,123.30623273499754,125.40294399101963,82.31531679144409,130.05316081067488,145.7106747162296,130.3752983228348
2019-02-20,Delhi,4,102.3,True,65.65,177.24999999999997,167.16000000000003,123.12604810893285,124.5205557818487,83.66525142780773,128.08348217538273,144.64880967246233,130.89202172739397
2019-02-21,Delhi,4,73.33,True,65.65,65.65,172.98999999999995,122.94552828092907,123.55557789935776,85.75236211742991,126.45773012611225,144.80508822393338,132.5117165991654
2019-02-22,Delhi,4,73.9,True,65.65,178.67999999999995,159.66999999999993,122.7658843008609,122.5300839453188,83.64520596716015,124.08748664163305,146.49755617843758,131.23501074070577
2019-02-23,Delhi,4,56.51,True,65.65,177.32000000000002,163.74999999999997,122.58782516237254,121.46193531808385,83.18963600215432,122.44388120947919,148.31073525306064,126.21476671659306
2019-02-24,Delhi,4,89.34,True,65.65,131.09999999999997,164.20000000000007,122.41160375967536,120.36556104824966,81.41975816630126,122.52037961476935,142.10460123036805,118.73360109810766
2019-02-25,Delhi,4,92.36,True,65.65,144.61999999999998,106.26,122.23734331520215,119.25260935088681,82.30506852992653,119.4350312162914,136.97513374932734,115.34860243409257
2019-02-26,Delhi,4,59.97,True,65.65,256.32999999999987,67.27000000000001,122.06507868176887,118.13248184036036,82.31531679144409,117.7080680532343,131.5208154515097,114.40623371961543
2019-02-27,Delhi,4,47.18,True,65.65,177.24999999999997,85.53000000000003,121.89481447664569,117.01276847805121,83.66525142780773,116.18029985370914,126.15550977731132,113.69735196819995
2019-02-28,Delhi,4,96.38,True,65.65,65.65,143.25,121.72653789714252,115.89959995525619,85.75236211742991,114.9609737028088,111.93563839474179,114.02897412711155
2019-03-01,Delhi,4,93.83,True,65.65,178.67999999999995,120.71,121.5602296337616,114.7979320973338,83.64520596716015,113.77185924289013,104.0884944228578,111.9829326459544
2019-03-02,Delhi,4,109.6,True,65.65,177.32000000000002,139.18,121.395867107543,113.7117747209594,83.18963600215432,111.74461364512096,102.74097854407776,106.91769913196816
2019-03-03,Delhi,4,62.92,True,65.65,131.09999999999997,98.25000000000001,121.23342660081427,112.64437536736465,81.41975816630126,110.71613239549926,107.03394962676072,99.98246218353152
2019-03-04,Delhi,4,105.93,True,65.65,144.61999999999998,79.83,121.07288400686481,111.59836654536713,82.30506852992653,109.59786297291429,118.70362796261932,96.70503847956175
2019-03-05,Delhi,4,68.86,True,65.65,256.32999999999987,76.95999999999997,120.91421525443782,110.57588357131465,82.31531679144409,109.7440733218534,115.38744040924021,95.652946439327
2019-03-06,Delhi,4,83.45,True,65.65,177.24999999999997,75.45000000000003,120.75739647077108,109.57865878309646,83.66525142780773,108.73757192866766,106.63975959812113,94.9650745334215
2019-03-07,Delhi,4,104.61,True,65.65,65.65,87.62000000000002,120.60240406405292,108.60809681207647,85.75236211742991,107.73422498442976,94.42727044498857,95.31869819185327
2019-03-08,Delhi,4,92.07,True,65.65,178.67999999999995,139.87999999999994,120.4492147544863,107.66533469423811,83.64520596716015,106.03261651757406,95.95994014149656,93.85061898005331
2019-03-09,Delhi,4,73.31,True,65.65,177.32000000000002,134.76000000000002,120.29780558683053,106.75128986283715,83.18963600215432,105.76117659734338,95.97510611302408,89.99556798322726
2018-10-11,Delhi,5,70.42,True,93.35999999999997,97.39999999999996,104.45000000000002,87.99675742237997,93.40585235831401,98.86525773854459,101.16574368203332,109.23755988213054,100.33713783708802
2018-10-12,Delhi,5,67.93,True,93.35999999999997,121.12000000000002,106.85000000000004,83.90316605933903,96.28138210134117,96.68657258794892,110.84582018890876,116.45867603061588,105.07887770866918
2018-10-13,Delhi,5,132.93,True,93.35999999999997,78.86999999999999,137.41999999999996,82.51860479046962,101.80951227046275,95.04061852031629,113.09746778910949,118.8161838274989,106.51447424758878
2018-10-14,Delhi,5,91.88,True,93.35999999999997,81.13999999999999,147.06999999999996,81.64354999161891,105.30149469506159,93.05346568133632,121.46366366792978,115.44955908167042,106.07717602299915
2018-10-15,Delhi,5,115.96,True,93.35999999999997,118.60000000000005,147.83000000000004,81.29055765550234,106.48481533425254,94.14109434302668,123.76859221963734,103.71264087381971,109.07999128119175
2018-10-16,Delhi,5,139.18,True,93.35999999999997,103.26000000000002,152.61000000000004,81.0906927281134,109.55121199204174,94.95774518387579,130.22186293461763,95.94861344806293,115.77226197369951
2018-10-17,Delhi,5,137.29,True,93.35999999999997,93.35999999999997,121.69999999999996,81.00246730696234,111.48360990582,96.14949482989587,135.17744834907498,102.88205691130607,122.56961012691455
2018-10-18,Delhi,5,143.2,True,93.35999999999997,97.39999999999996,152.15999999999997,80.95554439339926,110.49106433297689,98.86525773854459,135.8653157301921,106.08435476303075,132.18824455995804
2018-10-19,Delhi,5,137.73,True,93.35999999999997,121.12000000000002,176.16999999999996,80.93380521784012,113.62945493706465,96.68657258794892,140.6734673511575,118.95097875648106,138.8214705947329
2018-10-20,Delhi,5,168.87,True,93.35999999999997,78.86999999999999,426.51999999999987,80.92264180894207,118.8296495242271,95.04061852031629,151.19323226561724,145.00357884329324,141.01640761128493
2018-10-21,Delhi,5,141.15,True,93.35999999999997,81.13999999999999,213.11999999999992,80.91733116790232,122.35289509717359,93.05346568133632,152.6589009400228,153.22816162261608,140.6218941262729
2018-10-22,Delhi,5,121.65,True,93.35999999999997,118.60000000000005,146.01000000000005,80.91465680029842,123.52906120979029,94.14109434302668,162.2435144437188,150.45050978612747,144.64531850562844
2018-10-23,Delhi,5,119.4,True,93.35999999999997,103.26000000000002,163.34999999999997,80.91336585765313,126.57900813620864,94.95774518387579,172.1428568554107,151.58311807102896,153.39558140289674
2018-10-24,Delhi,5,174.04,True,93.35999999999997,93.35999999999997,188.24000000000004,80.91272275937105,128.50090659167995,96.14949482989587,173.38252427715648,159.5944458887097,162.09062588268176
2018-10-25,Delhi,5,168.82,True,93.35999999999997,97.39999999999996,203.03000000000006,80.91240981580992,127.63176196097973,98.86525773854459,173.59437479446206,163.6556895371861,174.26180863328912
2018-10-26,Delhi,5,203.12,True,93.35999999999997,121.12000000000002,178.90999999999997,80.91225485190087,130.68845085775666,96.68657258794892,184.6247292526442,159.7459874388697,182.2116281294952
2018-10-27,Delhi,5,206.05,True,93.35999999999997,78.86999999999999,167.54000000000005,80.91217910623106,135.67554356865358,95.04061852031629,187.468178779558,150.96803406613725,184.05753287388822
2018-10-28,Delhi,5,205.0,True,93.35999999999997,81.13999999999999,198.3700000000001,80.9121417227784,139.03433152338013,93.05346568133632,196.16197268437918,147.33144351702003,182.27498706089793
2018-10-29,Delhi,5,231.83,True,93.35999999999997,118.60000000000005,187.82000000000005,80.91212340470084,140.15912760957664,94.14109434302668,204.9416904845123,145.3359740934128,185.93075389431817
2018-10-30,Delhi,5,263.39,True,93.35999999999997,103.26000000000002,196.37000000000003,80.91211438062754,143.0217235607031,94.95774518387579,205.21814932477346,143.03516735284458,195.26214670166476
2018-10-31,Delhi,5,225.17,True,93.35999999999997,93.35999999999997,211.64000000000004,80.91210995273245,144.80310757822016,96.14949482989587,211.31347722649983,147.4952029369876,204.0507787461845
2018-11-01,Delhi,5,236.67,True,93.35999999999997,97.39999999999996,179.16999999999993,80.91210777362943,143.95869331867,98.86525773854459,217.3182607090208,154.30332118104923,216.66038432335617
2018-11-02,Delhi,5,205.44,True,93.35999999999997,121.12000000000002,160.68999999999994,80.91210670358579,146.76061069987261,96.68657258794892,228.96479223326912,168.93249142756486,223.4697466619138
2018-11-03,Delhi,5,159.56,True,93.35999999999997,78.86999999999999,168.16000000000005,80.91210617728129,151.31967093664153,95.04061852031629,237.24370455622784,192.2707331786733,222.41361476102335
2018-11-04,Delhi,5,97.27,True,93.35999999999997,81.13999999999999,190.32999999999996,80.91210591873221,154.33315734862845,93.05346568133632,238.53600214560325,215.15374003836695,216.78603895905158
2018-11-05,Delhi,5,361.98,True,93.35999999999997,118.60000000000005,209.60999999999993,80.91210579160372,155.26645352219143,94.14109434302668,242.53525010104784,234.2215643259826,217.4266312415837
2018-11-06,Delhi,5,177.88,True,93.35999999999997,103.26000000000002,216.52999999999992,80.91210572913684,157.77259418485355,94.95774518387579,248.83124448009744,266.9540589875994,224.3142174611235
2018-11-07,Delhi,5,175.43,True,93.35999999999997,93.35999999999997,517.9300000000001,80.91210569842718,159.26615944778544,96.14949482989587,256.4991655968203,278.6619740495747,230.11678602426917
2018-11-08,Delhi,5,420.3,True,93.35999999999997,97.39999999999996,639.1899999999998,80.91210568333554,158.34917442738737,98.86525773854459,254.74564310681913,279.5523208975688,239.7272909549991
2018-11-09,Delhi,5,300.91,True,93.35999999999997,121.12000000000002,495.9,80.91210567591696,160.7370239029042,96.68657258794892,259.4533257665987,299.08415101030965,242.5056700948691
2020-06-02,Bengaluru,0,8.95,True,9.160000000000002,22.250000000000004,20.300000000000004,12.523789199340392,13.388296234819482,13.41877113592969,24.342445836605833,12.677285778815143,17.433111996173558
2020-06-03,Bengaluru,0,9.69,True,9.160000000000002,19.810000000000002,27.330000000000002,16.076814722429965,16.3064944905196,13.789892586961521,25.453471949483003,16.17491400328135,17.48436724596429
2020-06-04,Bengaluru,0,10.91,True,9.160000000000002,28.460000000000004,28.400000000000002,17.342096574790112,18.719309750615345,14.174581619121001,25.949711038964438,18.111271314269967,17.135755954957773
2020-06-05,Bengaluru,0,22.88,True,9.160000000000002,23.159999999999997,25.719999999999995,18.33754710569084,19.856950109909345,13.763075913124373,25.449949155129108,18.098380819037036,16.615812485393164
2020-06-06,Bengaluru,0,18.18,True,9.160000000000002,15.869999999999997,25.020000000000003,19.11569632713874,20.33773321163721,13.417736986044776,25.407227435181763,17.373250403552753,16.278681050836006
2020-06-07,Bengaluru,0,17.6,True,9.160000000000002,23.32,23.54,19.724354234229352,21.48679636276083,12.34444403233225,25.195980209532035,17.005649293941744,14.83733179626401
2020-06-08,Bengaluru,0,20.16,True,9.160000000000002,9.160000000000002,16.310000000000002,20.203646829527283,20.821554546732987,12.65094133608266,24.850310252531557,17.097432419570328,15.206497328654166
2020-06-09,Bengaluru,0,21.7,True,9.160000000000002,22.250000000000004,7.849999999999998,20.585646008448133,21.644007751882594,13.41877113592969,26.14032686572934,17.47213869328543,15.898303448951165
2020-06-10,Bengaluru,0,25.44,True,9.160000000000002,19.810000000000002,11.320000000000002,20.895192433880453,22.187587678769397,13.789892586961521,24.56832441333896,17.839568003632824,16.011690098845683
2020-06-11,Bengaluru,0,16.53,True,9.160000000000002,28.460000000000004,12.800000000000002,21.151125164033534,22.55985348616899,14.174581619121001,26.047475136061507,18.66129535569596,15.757465901682309
2020-06-12,Bengaluru,0,16.84,True,9.160000000000002,23.159999999999997,16.379999999999995,21.367527025624845,22.82118900226447,13.763075913124373,25.683046819800364,18.1745560450228,15.344895144985564
2020-06-13,Bengaluru,0,16.79,True,9.160000000000002,15.869999999999997,22.110000000000003,21.55482025986745,23.00611223094672,13.417736986044776,24.658887571752885,18.633821688561696,15.10355040785468
2020-06-14,Bengaluru,0,16.66,True,9.160000000000002,23.32,23.639999999999997,21.720663817502253,23.13524028801361,12.34444403233225,25.4129915499272,17.956222364056046,13.831913684574959
2020-06-15,Bengaluru,0,19.57,True,9.160000000000002,9.160000000000002,22.01,21.870658014922125,23.221676085003722,12.65094133608266,25.054373730758257,19.576500172437047,14.259004313031472
2020-06-16,Bengaluru,0,17.07,True,9.160000000000002,22.250000000000004,25.770000000000003,22.008883442327736,23.27434790505542,13.41877113592969,25.964508484384325,19.493377509988743,15.005159715567416
2020-06-17,Bengaluru,0,18.29,True,9.160000000000002,19.810000000000002,28.820000000000004,22.138305968843326,23.29975076606807,13.789892586961521,25.464965944698275,20.045733489393854,15.219420360580358
2020-06-18,Bengaluru,0,28.32,True,9.160000000000002,28.460000000000004,25.41,22.26107752558254,23.302865691753208,14.174581619121001,27.436252755261183,21.66101933152357,15.094667741992343
2020-06-19,Bengaluru,0,21.55,True,9.160000000000002,23.159999999999997,24.36,22.37875766089136,23.287659298918655,13.763075913124373,24.327803968899175,20.934141708256234,14.825923506168875
2020-06-20,Bengaluru,0,18.32,True,9.160000000000002,15.869999999999997,25.350000000000005,22.492475800601365,23.25736871151029,13.417736986044776,26.125467651161937,20.303177688798286,14.730741399852084
2020-06-21,Bengaluru,0,18.18,True,9.160000000000002,23.32,16.58,22.60304959933319,23.214675252161552,12.34444403233225,26.021316504301485,19.510730159383783,13.627795660038633
2020-06-22,Bengaluru,0,15.65,True,9.160000000000002,9.160000000000002,14.799999999999997,22.711071014243878,23.161818912352985,12.65094133608266,24.764364323627078,23.183310498651345,14.203626092327246
2020-06-23,Bengaluru,0,20.38,True,9.160000000000002,22.250000000000004,18.540000000000003,22.816968773295404,23.100679796871507,13.41877113592969,24.054036833855587,22.91503022812522,15.119900626585597
2020-06-24,Bengaluru,0,19.72,True,9.160000000000002,19.810000000000002,30.390000000000008,22.92105364300597,23.032839880395013,13.789892586961521,26.203141602666133,22.141533281072647,15.519755016662515
2020-06-25,Bengaluru,0,16.93,True,9.160000000000002,28.460000000000004,34.69,23.023551195355232,22.959632030713685,14.174581619121001,25.664682430425277,21.779519919848624,15.581720772061903
2020-06-26,Bengaluru,0,15.4,True,9.160000000000002,23.159999999999997,26.439999999999994,23.12462550643293,22.882180082990352,13.763075913124373,24.797421941032994,21.21521440313455,15.493991235033718
2020-06-27,Bengaluru,0,16.6,True,9.160000000000002,15.869999999999997,26.980000000000004,23.224396285793812,22.801432164001817,13.417736986044776,24.993513116827774,20.776892032788844,15.58252132733585
2020-06-28,Bengaluru,0,20.44,True,9.160000000000002,23.32,25.370000000000005,23.322951251553246,22.718188657454412,12.34444403233225,25.148803328213848,19.869969153497912,14.590417354230368
2020-06-29,Bengaluru,0,28.68,True,9.160000000000002,9.160000000000002,20.160000000000004,23.420355067297354,22.633125774168033,12.65094133608266,25.951731080407683,20.659981650773297,15.372975234486987
2020-06-30,Bengaluru,0,14.47,True,9.160000000000002,22.250000000000004,26.89,23.516655793923437,22.546815450231207,13.41877113592969,26.452192310932748,20.443909266110722,16.524941991795043
2020-07-01,Bengaluru,0,17.5,True,9.160000000000002,19.810000000000002,20.789999999999996,23.611889546052446,22.45974214809677,13.789892586961521,26.36586873243519,20.34689235204129,17.109730087303703
2020-02-03,Bengaluru,1,33.79,True,35.27000000000001,45.489999999999995,39.49999999999999,36.46826395999665,38.623417342811656,40.65151832535688,41.54573925950797,34.565509134916475,35.382753978103594
2020-02-04,Bengaluru,1,29.27,True,35.27000000000001,52.629999999999995,32.91,37.13893880953893,40.82718574098455,43.38686847870305,41.48333933731936,36.853844900367434,37.19676448562483
2020-02-05,Bengaluru,1,30.66,True,35.27000000000001,46.449999999999996,37.93,37.49127618439246,41.60054004397911,44.629333530954746,41.68712714732581,35.845511219143205,37.8305470458026
2020-02-06,Bengaluru,1,43.83,True,35.27000000000001,43.42000000000001,60.07999999999999,37.65543977396555,41.974902627476965,44.392876721160036,41.36669613699578,35.6987491717674,37.037868642771485
2020-02-07,Bengaluru,1,49.51,True,35.27000000000001,46.36000000000001,51.879999999999995,37.70987747478368,42.50674998983537,43.01724770547934,41.2247231998089,36.03971406909552,36.16850030657803
2020-02-08,Bengaluru,1,45.3,True,35.27000000000001,52.07000000000001,54.760000000000005,37.70103753756278,43.03617269612925,42.49705564507305,41.307112386967994,36.44986128613912,35.71728246081573
2020-02-09,Bengaluru,1,52.39,True,35.27000000000001,35.27000000000001,68.67999999999999,37.656142170634745,42.191312411049346,38.56859675895939,41.4101170419101,34.837027189850915,32.67974192676795
2020-02-10,Bengaluru,1,35.53,True,35.27000000000001,45.489999999999995,50.309999999999995,37.591048826680726,42.53316461940109,40.65151832535688,41.446360425447374,36.03232329638696,33.93712518507949
2020-02-11,Bengaluru,1,33.94,True,35.27000000000001,52.629999999999995,41.64999999999999,37.51495866900424,42.73274811056102,43.38686847870305,41.24970630377365,37.820628174697944,35.58768718157727
2020-02-12,Bengaluru,1,32.82,True,35.27000000000001,46.449999999999996,49.31999999999999,37.43319478628847,42.85373836539702,44.629333530954746,41.27333923049456,37.37351382296097,36.11037902092877
2020-02-13,Bengaluru,1,37.67,True,35.27000000000001,43.42000000000001,47.31000000000001,37.348827716893126,42.92877712023707,44.392876721160036,40.61134993175255,36.14396865577883,35.27888592769142
2020-02-14,Bengaluru,1,50.47,True,35.27000000000001,46.36000000000001,37.94,37.26362198901341,42.97501351094576,43.01724770547934,41.352610818304875,35.56127012042455,34.38648494960416
2020-02-15,Bengaluru,1,54.91,True,35.27000000000001,52.07000000000001,35.35,37.178585780176356,43.00182658134797,42.49705564507305,41.09507385274782,35.92295895279623,33.903883448752225
2020-02-16,Bengaluru,1,45.02,True,35.27000000000001,35.27000000000001,45.36999999999999,37.094289605323056,43.01463609398237,38.56859675895939,41.96822012255109,32.97489573035911,30.97701896823976
2020-02-17,Bengaluru,1,41.66,True,35.27000000000001,45.489999999999995,47.43,37.01105092270571,43.01678599701816,40.65151832535688,41.91550118883637,34.933081568590886,32.14043254130221
2020-02-18,Bengaluru,1,43.29,True,35.27000000000001,52.629999999999995,42.92,36.92904101402203,43.01048382923094,43.38686847870305,41.44574882008095,35.41329614537717,33.686130531829754
2020-02-19,Bengaluru,1,55.31,True,35.27000000000001,46.449999999999996,44.28,36.848346844294255,42.99727775208685,44.629333530954746,42.33652955372795,37.07245600702643,34.17451823818308
2020-02-20,Bengaluru,1,47.86,True,35.27000000000001,43.42000000000001,31.489999999999995,36.769006856962164,42.978306030424925,44.392876721160036,41.71569072994303,36.625695795626086,33.393445904502414
2020-02-21,Bengaluru,1,30.24,True,35.27000000000001,46.36000000000001,36.400000000000006,36.69103168235624,42.9544333273395,43.01724770547934,41.20036457346804,38.109061004221196,32.5692136429849
2020-02-22,Bengaluru,1,33.96,True,35.27000000000001,52.07000000000001,38.35,36.61441611502419,42.92632963946393,42.49705564507305,41.23072626854598,36.4000631114684,32.148856985977474
2020-02-23,Bengaluru,1,36.3,True,35.27000000000001,35.27000000000001,51.36000000000001,36.539146038410735,42.89451928730337,38.56859675895939,41.04490087887737,33.033559701956385,29.41924051166972
2020-02-24,Bengaluru,1,35.6,True,35.27000000000001,45.489999999999995,47.59000000000001,36.46520242574092,42.85941357518858,40.65151832535688,41.12777509581326,34.99101621324278,30.595311925948938
2020-02-25,Bengaluru,1,41.83,True,35.27000000000001,52.629999999999995,39.230000000000004,36.392563649070816,42.82133401150493,43.38686847870305,40.69632430067027,35.69643058415086,32.160761107098885
2020-02-26,Bengaluru,1,47.39,True,35.27000000000001,46.449999999999996,51.92,36.321206809431345,42.780529682667286,44.629333530954746,41.49910032888176,37.09824393030966,32.74110069614315
2020-02-27,Bengaluru,1,39.39,True,35.27000000000001,43.42000000000001,45.489999999999995,36.251108500629975,42.737190738916006,44.392876721160036,40.80937671831189,36.929993620143904,32.12313314462407
2020-02-28,Bengaluru,1,42.58,True,35.27000000000001,46.36000000000001,50.8,36.18224524546092,42.691459123247164,43.01724770547934,40.55435988376933,35.83766735777542,31.47748230680253
2020-02-29,Bengaluru,1,48.75,True,35.27000000000001,52.07000000000001,58.179999999999986,36.11459374248979,42.64343724407567,42.49705564507305,40.560229081867384,35.72999001104977,31.236556983235673
2020-03-01,Bengaluru,1,56.2,True,35.27000000000001,35.27000000000001,40.93,36.048131003369896,42.593195057727264,38.56859675895939,40.636139962687665,33.29984217304503,28.751349878379106
2020-03-02,Bengaluru,1,53.75,True,35.27000000000001,45.489999999999995,36.98,35.982834426961354,42.54077589141697,40.65151832535688,39.900493382293554,34.903562857095686,30.09403652461512
2020-03-03,Bengaluru,1,70.78,True,35.27000000000001,52.629999999999995,43.14999999999999,35.91868183702834,42.48620125348187,43.38686847870305,40.63255753485496,36.09980442924727,31.852172583242748
2019-10-06,Bengaluru,2,27.15,True,32.72999999999999,38.39999999999999,14.0,29.957692136623347,31.75695303656687,29.41572921677177,28.770909586122567,32.52782171743468,26.56943425857273
2019-10-07,Bengaluru,2,35.57,True,32.72999999999999,23.220000000000002,20.86,28.53041760751718,29.91707010188017,31.45925229018348,29.213170480735766,28.407112098214967,28.393687666509713
2019-10-08,Bengaluru,2,24.46,True,32.72999999999999,34.279999999999994,32.94,27.787870701966774,30.30126250422371,33.96353404282582,28.930963643560606,29.843616419766636,30.88871613523783
2019-10-09,Bengaluru,2,31.67,True,32.72999999999999,17.339999999999996,31.819999999999993,27.40961847033896,28.89606328543135,34.7593088837962,29.353114313652252,27.50773970848783,32.33672717313656
2019-10-10,Bengaluru,2,73.77,True,32.72999999999999,26.790000000000003,40.93,27.230050761836836,29.62513781804426,34.137653523249895,29.056891626020843,29.41002342850288,32.26519203511345
2019-10-11,Bengaluru,2,45.16,True,32.72999999999999,41.279999999999994,55.07999999999999,27.16026437112091,30.400860206933093,32.92575950080467,29.66179093707903,33.33186470660884,32.28811978820929
2019-10-12,Bengaluru,2,38.44,True,32.72999999999999,32.72999999999999,56.30999999999998,27.151460028327328,30.071831584360382,32.9650598979396,29.54880688189496,34.011345591974596,32.97451003269381
2019-10-13,Bengaluru,2,20.84,True,32.72999999999999,38.39999999999999,72.73999999999997,27.17650678672365,30.093144429081395,29.41572921677177,29.532523093196847,33.654061182832066,30.841726562710726
2019-10-14,Bengaluru,2,22.61,True,32.72999999999999,23.220000000000002,48.47999999999999,27.22021153110416,30.194575185711294,31.45925229018348,29.914322025438608,33.65322671350447,32.96638028051079
2019-10-15,Bengaluru,2,24.94,True,32.72999999999999,34.279999999999994,41.44,27.27403284195585,30.345073925520673,33.96353404282582,30.14806173732111,33.19328878088755,35.86604578010077
2019-10-16,Bengaluru,2,21.73,True,32.72999999999999,17.339999999999996,35.36999999999999,27.3331596144968,30.528388013717628,34.7593088837962,30.15955518132571,31.86782140312853,37.55092748941924
2019-10-17,Bengaluru,2,19.3,True,32.72999999999999,26.790000000000003,19.990000000000002,27.394880396272928,30.735489282672553,34.137653523249895,31.236145449893232,33.19041113467307,37.4683462211935
2019-10-18,Bengaluru,2,25.83,True,32.72999999999999,41.279999999999994,62.949999999999996,27.457667975706233,30.96097400854249,32.92575950080467,32.293547971995544,32.86493501091996,37.47934941699909
2019-10-19,Bengaluru,2,19.25,True,32.72999999999999,32.72999999999999,20.749999999999996,27.520663830827615,31.201324916508128,32.9650598979396,32.37339046461364,35.070210780947434,38.23548200261357
2019-10-20,Bengaluru,2,17.2,True,32.72999999999999,38.39999999999999,25.610000000000003,27.58338724802046,31.45405740428378,29.41572921677177,32.73859172000841,32.911950395703904,35.71202160503595
2019-10-21,Bengaluru,2,20.71,True,32.72999999999999,23.220000000000002,36.42000000000001,27.645571036812882,31.717290034969835,31.45925229018348,33.68890379161452,35.628050079787876,38.06441602237245
2019-10-22,Bengaluru,2,16.46,True,32.72999999999999,34.279999999999994,37.81,27.70706869255805,31.989520882875148,33.96353404282582,34.43201454135716,35.56392014982543,41.25243037252656
2019-10-23,Bengaluru,2,11.71,True,32.72999999999999,17.339999999999996,49.17,27.76780191839863,32.26950525740843,34.7593088837962,34.608987654292925,34.48493526761276,42.98138251396547
2019-10-24,Bengaluru,2,12.57,True,32.72999999999999,26.790000000000003,62.67,27.827730956281624,32.55618446358285,34.137653523249895,34.636631732011885,34.48154286237599,42.632788222445804
2019-10-25,Bengaluru,2,13.43,True,32.72999999999999,41.279999999999994,46.34,27.886837811801918,32.84864111344464,32.92575950080467,35.449657718464316,35.05863729596895,42.33508496056773
2019-10-26,Bengaluru,2,18.21,True,32.72999999999999,32.72999999999999,50.19,27.94511676878967,33.146068915529376,32.9650598979396,36.10714353074753,35.72126896298145,42.8120115142962
2019-10-27,Bengaluru,2,42.44,True,32.72999999999999,38.39999999999999,39.650000000000006,28.00256902551642,33.44775086551539,29.41572921677177,36.68052102318584,34.10306104049269,39.58927528629233
2019-10-28,Bengaluru,2,42.44,True,32.72999999999999,23.220000000000002,37.32,28.05919966131183,33.75304268285852,31.45925229018348,36.78937652828225,35.40373027191518,41.7033513080442
2019-10-29,Bengaluru,2,34.24,True,32.72999999999999,34.279999999999994,36.11,28.115015920827712,34.061359780348816,33.96353404282582,37.90499803552776,35.50884081126844,44.60555596310257
2019-10-30,Bengaluru,2,18.77,True,32.72999999999999,17.339999999999996,40.11999999999999,28.170026243319732,34.37216677967598,34.7593088837962,38.25764729323192,35.85927055643966,45.81278610615458
2019-10-31,Bengaluru,2,18.62,True,32.72999999999999,26.790000000000003,40.02,28.224239713179617,34.68496896277834,34.137653523249895,39.34725979283798,36.38946245575723,44.74419893556489
2019-11-01,Bengaluru,2,27.42,True,32.72999999999999,41.279999999999994,20.96,28.277665748661203,34.99930525269206,32.92575950080467,38.78172878193558,34.3044139610878,43.70529301552609
2019-11-02,Bengaluru,2,27.1,True,32.72999999999999,32.72999999999999,17.57,28.33031392530458,35.31474243450562,32.9650598979396,39.19534554673149,33.17354957291744,43.439035427961244
2019-11-03,Bengaluru,2,40.0,True,32.72999999999999,38.39999999999999,21.42,28.38219387554489,35.63087039873531,29.41572921677177,40.03061200110752,31.91829453992697,39.456912599452586
2019-11-04,Bengaluru,2,54.83,True,32.72999999999999,23.220000000000002,21.84,28.433315231425144,35.947298236706196,31.45925229018348,39.52140921391982,34.15837491702662,40.81443576578682
2019-06-08,Bengaluru,3,23.54,True,25.020000000000003,28.950000000000003,19.28,27.735101173028905,25.657808338344626,25.36465207653157,24.620020112822534,25.99315962156455,28.99928250013045
2019-06-09,Bengaluru,3,16.31,True,25.020000000000003,44.24000000000001,19.319999999999997,29.40462431451384,26.638116526553553,22.467121738310084,25.928263249336847,25.972959177686924,26.275316163458626
2019-06-10,Bengaluru,3,7.85,True,25.020000000000003,20.300000000000004,18.93,30.40104648378875,25.48511853656258,24.312168426488494,25.85941011277822,28.184400538176764,27.39722180085589
2019-06-11,Bengaluru,3,11.32,True,25.020000000000003,27.330000000000002,23.760000000000005,30.988075780014434,25.898726681953097,26.180700629533533,25.62251507817305,30.349544203567852,28.83613473019033
2019-06-12,Bengaluru,3,12.8,True,25.020000000000003,28.400000000000002,23.779999999999998,31.333665591639644,25.92874549531303,26.852660144332273,25.598032884161228,28.64986886406198,29.50187465752342
2019-06-13,Bengaluru,3,16.38,True,25.020000000000003,25.719999999999995,27.339999999999996,31.539245877970103,25.66818699083403,26.291139007455342,25.679836396441946,29.08549607443705,28.5870902178703
2019-06-14,Bengaluru,3,22.11,True,25.020000000000003,25.020000000000003,31.789999999999992,31.66436024146585,25.535953644255585,25.17933783278197,25.167266265274886,27.943929659664807,27.686833019372806
2019-06-15,Bengaluru,3,23.64,True,25.020000000000003,28.950000000000003,61.43000000000002,31.74342453963856,25.46454061631471,25.36465207653157,25.68066074735995,27.851916435006387,27.5956495663695
2019-06-16,Bengaluru,3,22.01,True,25.020000000000003,44.24000000000001,22.239999999999995,31.796160265696834,25.362678303903394,22.467121738310084,26.093530753997914,27.824510431508855,25.08339279443487
2019-06-17,Bengaluru,3,25.77,True,25.020000000000003,20.300000000000004,17.38,31.833814594791143,25.245008150010765,24.312168426488494,26.176269651185006,28.26600772935967,26.26677933976462
2019-06-18,Bengaluru,3,28.82,True,25.020000000000003,27.330000000000002,13.379999999999999,31.862785100263935,25.118920277549925,26.180700629533533,25.703065185124597,28.209516175778646,27.792882262889158
2019-06-19,Bengaluru,3,25.41,True,25.020000000000003,28.400000000000002,32.62,31.886706041493703,24.988320618943686,26.852660144332273,25.44020357232293,28.293086204021662,28.61575301976962
2019-06-20,Bengaluru,3,24.36,True,25.020000000000003,25.719999999999995,13.640000000000004,31.90764095796309,24.85541232659957,26.291139007455342,25.459092116260752,28.253234605259337,27.936944679079918
2019-06-21,Bengaluru,3,25.35,True,25.020000000000003,25.020000000000003,16.710000000000004,31.926761781220016,24.7215406944443,25.17933783278197,25.458091456814163,28.11771384313403,27.294388803054535
2019-06-22,Bengaluru,3,16.58,True,25.020000000000003,28.950000000000003,18.94,31.944734712253016,24.587597799193055,25.36465207653157,25.12964658244177,28.142647024270282,27.476749620760113
2019-06-23,Bengaluru,3,14.8,True,25.020000000000003,44.24000000000001,23.760000000000005,31.96193921178051,24.454219914455454,22.467121738310084,26.21701817352508,26.691724487311323,25.254508467537057
2019-06-24,Bengaluru,3,18.54,True,25.020000000000003,20.300000000000004,21.84,31.978592193516242,24.32188687338074,24.312168426488494,26.335091739158916,27.970447659759447,26.76831220667705
2019-06-25,Bengaluru,3,30.39,True,25.020000000000003,27.330000000000002,51.82000000000001,31.994818428439793,24.19097453277459,26.180700629533533,25.638858586754,28.7913181647958,28.69149835359951
2019-06-26,Bengaluru,3,34.69,True,25.020000000000003,28.400000000000002,32.62,32.010690447451125,24.061784371126677,26.852660144332273,25.58349845832738,28.658890381841104,29.943255812141594
2019-06-27,Bengaluru,3,26.44,True,25.020000000000003,25.719999999999995,11.679999999999998,32.02625115390178,23.934561580397897,26.291139007455342,26.09288803552269,28.56507655546643,29.644232606115917
2019-06-28,Bengaluru,3,26.98,True,25.020000000000003,25.020000000000003,9.23,32.04152663706939,23.809507082355278,25.17933783278197,24.951440659679253,28.41216059687368,29.3726195251804
2019-06-29,Bengaluru,3,25.37,True,25.020000000000003,28.950000000000003,11.93,32.0565334327528,23.686786117108515,25.36465207653157,26.001896145401123,30.87909738224249,29.978146481089837
2019-06-30,Bengaluru,3,20.16,True,25.020000000000003,44.24000000000001,18.230000000000004,32.07128263741617,23.566534736661772,22.467121738310084,25.73327505787863,28.589285209942048,27.927090722224364
2019-07-01,Bengaluru,3,26.89,True,25.020000000000003,20.300000000000004,19.149999999999995,32.085782239525464,23.44886490788607,24.312168426488494,25.718386956577998,33.65893620719757,29.959204346363933
2019-07-02,Bengaluru,3,20.79,True,25.020000000000003,27.330000000000002,16.29,32.100038440759,23.33386862294166,26.180700629533533,25.577878610867106,36.66953404161075,32.45536202280585
2019-07-03,Bengaluru,3,18.25,True,25.020000000000003,28.400000000000002,21.629999999999995,32.11405640489816,23.22162126087889,26.852660144332273,25.827657096178598,38.671377926349784,34.18041270109803
2019-07-04,Bengaluru,3,18.92,True,25.020000000000003,25.719999999999995,18.550000000000004,32.12784068245593,23.11218436250452,26.291139007455342,25.690780285635654,36.99759756930138,34.08773451843078
2019-07-05,Bengaluru,3,20.9,True,25.020000000000003,25.020000000000003,20.36,32.141395451587336,23.005607934383324,25.17933783278197,25.73558993115167,35.755403180570916,33.94666670641432
2019-07-06,Bengaluru,3,16.65,True,25.020000000000003,28.950000000000003,21.440000000000005,32.154724654910275,22.901932369473627,25.36465207653157,25.80386914555639,33.33062055528377,34.729975479739466
2019-07-07,Bengaluru,3,19.38,True,25.020000000000003,44.24000000000001,15.559999999999999,32.16783207735149,22.80119005297413,22.467121738310084,26.208748830160385,31.140720186514187,32.35682208858537
2019-02-08,Bengaluru,4,54.76,True,51.879999999999995,49.669999999999995,35.47999999999999,48.477756287725995,48.77832277503163,48.731858892054326,54.787711391861514,51.972810695206135,48.392007676822224
2019-02-09,Bengaluru,4,68.68,True,51.879999999999995,45.32000000000001,37.87,46.53953291373679,46.765973535368644,49.300293520264084,54.67095975640104,48.33299797812313,48.34716725712692
2019-02-10,Bengaluru,4,50.31,True,51.879999999999995,39.49999999999999,30.340000000000003,45.36985795107512,45.43876227057488,43.42431333494258,55.829996459988756,45.90214776342929,43.98378170807466
2019-02-11,Bengaluru,4,41.65,True,51.879999999999995,32.91,28.289999999999996,44.61739380443127,44.31350602210147,47.57983081522347,56.63329577174587,47.27540079375469,46.37080812539889
2019-02-12,Bengaluru,4,49.32,True,51.879999999999995,37.93,27.9,44.09651531648777,44.27345726619104,51.20198997403331,57.71206439294235,50.567350848144436,49.00801769148967
2019-02-13,Bengaluru,4,47.31,True,51.879999999999995,60.07999999999999,30.530000000000005,43.70648558592233,45.02844444273801,52.24184841213965,57.383165781295,53.01692319591982,50.4817698552151
2019-02-14,Bengaluru,4,37.94,True,51.879999999999995,51.879999999999995,32.43,43.39175643773338,44.35672642921083,50.91469355574872,57.1594301775487,48.899896115342266,48.555776807719695
2019-02-15,Bengaluru,4,35.35,True,51.879999999999995,49.669999999999995,30.19,43.121396916048774,43.91751938886159,48.731858892054326,57.174314764071006,49.978008742747406,47.10661963880774
2019-02-16,Bengaluru,4,45.37,True,51.879999999999995,45.32000000000001,29.619999999999997,42.87807024244136,43.591421774389495,49.300293520264084,55.10589250737251,48.23275915611263,46.856822957614185
2019-02-17,Bengaluru,4,47.43,True,51.879999999999995,39.49999999999999,32.10999999999999,42.65200662286164,43.32802425276244,43.42431333494258,56.160251432245964,46.503362817114635,42.43976343896504
2019-02-18,Bengaluru,4,42.92,True,51.879999999999995,32.91,27.529999999999998,42.43766820435953,43.102784064126126,47.57983081522347,57.1367434740199,47.70884722891625,44.55789963314002
2019-02-19,Bengaluru,4,44.28,True,51.879999999999995,37.93,28.599999999999998,42.23189084204534,42.90290612318291,51.20198997403331,56.63228700247988,51.26151264697039,46.9119966623187
2019-02-20,Bengaluru,4,31.49,True,51.879999999999995,60.07999999999999,28.89,42.03284453832548,42.7211233719326,52.24184841213965,56.838158054734016,51.60928012156249,48.15875328597416
2019-02-21,Bengaluru,4,36.4,True,51.879999999999995,51.879999999999995,34.61999999999999,41.83945049745457,42.55290552522348,50.91469355574872,53.705217951950914,48.08697811639491,46.18851617739084
2019-02-22,Bengaluru,4,38.35,True,51.879999999999995,49.669999999999995,37.13,41.65105376271633,42.395175763552345,48.731858892054326,54.90929251273539,46.809219354044636,44.71433803380454
2019-02-23,Bengaluru,4,51.36,True,51.879999999999995,45.32000000000001,34.60000000000001,41.46723920776895,42.24569900724959,49.300293520264084,55.586222624334106,48.657335410180444,44.4216747733953
2019-02-24,Bengaluru,4,47.59,True,51.879999999999995,39.49999999999999,26.410000000000004,41.287728032662116,42.102774199655826,43.42431333494258,53.72746097199488,46.71328248258966,40.21866031063465
2019-02-25,Bengaluru,4,39.23,True,51.879999999999995,32.91,21.87,41.11231950345276,41.96506767688107,47.57983081522347,55.129204113777,48.878866541691245,42.26275723240327
2019-02-26,Bengaluru,4,51.92,True,51.879999999999995,37.93,21.31,40.940858131110424,41.83151461160998,51.20198997403331,56.0761500938562,49.62641745235636,44.58558881063301
2019-02-27,Bengaluru,4,45.49,True,51.879999999999995,60.07999999999999,23.35,40.77321515934003,41.701255254086064,52.24184841213965,54.33328964270547,48.43494950017105,45.91655197556292
2019-02-28,Bengaluru,4,50.8,True,51.879999999999995,51.879999999999995,29.299999999999997,40.60927810324296,41.573590387584794,50.91469355574872,53.215547634059085,47.91829711871199,44.22933961143102
2019-03-01,Bengaluru,4,58.18,True,51.879999999999995,49.669999999999995,29.48,40.44894481919812,41.447948385552515,48.731858892054326,53.11748744992027,47.760669176277005,43.05605492418701
2019-03-02,Bengaluru,4,40.93,True,51.879999999999995,45.32000000000001,30.379999999999995,40.29212012607003,41.323859914436675,49.300293520264084,52.60456050341494,47.62616257932343,43.06312383092612
2019-03-03,Bengaluru,4,36.98,True,51.879999999999995,39.49999999999999,38.39000000000001,40.13871386379511,41.200938055029305,43.42431333494258,52.85067929351624,47.45829103303314,39.29201302249184
2019-03-04,Bengaluru,4,43.15,True,51.879999999999995,32.91,36.56000000000001,39.988639762496796,41.07886247107803,47.57983081522347,52.590347419475286,47.63513668389669,41.65359742802499
2019-03-05,Bengaluru,4,49.8,True,51.879999999999995,37.93,30.789999999999996,39.84181476931748,40.95736670643937,51.20198997403331,52.71518858402542,49.40697395271141,44.36532399769965
2019-03-06,Bengaluru,4,53.53,True,51.879999999999995,60.07999999999999,32.09000000000001,39.69815863434575,40.836227951845224,52.24184841213965,51.673874541598444,49.295270794921464,46.156115837773946
2019-03-07,Bengaluru,4,65.98,True,51.879999999999995,51.879999999999995,33.88000000000001,39.557593643784394,40.715258785337205,50.91469355574872,51.1115747468455,47.52503448436887,44.9323099185898
2019-03-08,Bengaluru,4,69.62,True,51.879999999999995,49.669999999999995,41.37,39.420044437337594,40.59430050128518,48.731858892054326,50.34917406108078,46.96498373123669,44.21270542141255
2019-03-09,Bengaluru,4,51.08,True,51.879999999999995,45.32000000000001,59.48000000000001,39.28543787428245,40.47321772324686,49.300293520264084,49.50589119284508,47.7792269241534,44.69305432559789
2018-10-11,Bengaluru,5,55.08,True,40.93,21.470000000000002,22.500000000000004,33.81541927113314,35.19296931460302,35.79550030243815,29.934042648079878,34.43698950901529,28.8230702259333
2018-10-12,Bengaluru,5,56.31,True,40.93,13.99,27.29,30.38206920653953,31.34760227770841,34.357277030276094,30.72710498115998,30.521234216002522,29.06109340080711
2018-10-13,Bengaluru,5,72.74,True,40.93,14.0,24.830000000000002,28.631431474255745,29.93655077017218,34.38081256008311,31.289492582656877,26.44750879889413,29.259205419945236
2018-10-14,Bengaluru,5,48.48,True,40.93,20.86,32.61000000000001,27.722106966030648,29.897668472536104,30.37345834752927,31.686073831884908,25.570437430145734,27.308017741986976
2018-10-15,Bengaluru,5,41.44,True,40.93,32.94,40.34,27.25614387873805,30.43907229164876,33.37430050681226,32.52757849655502,27.346225046082516,29.695089115138224
2018-10-16,Bengaluru,5,35.37,True,40.93,31.819999999999993,21.629999999999995,27.030911244462125,30.37615879201547,35.88841570399372,33.511986236148786,27.57258661465315,32.26636263426161
2018-10-17,Bengaluru,5,19.99,True,40.93,40.93,27.859999999999996,26.93847643643485,30.911853811327724,36.54624110684944,33.65538821410788,28.658055988379015,34.02363311200637
2018-10-18,Bengaluru,5,62.95,True,40.93,21.470000000000002,39.39,26.91979273653673,30.762629773799645,35.79550030243815,34.180210559766245,30.34511972205884,33.918340788457876
2018-10-19,Bengaluru,5,20.75,True,40.93,13.99,44.65999999999999,26.942054384610387,30.79770143730947,34.357277030276094,34.24146956485962,28.541352555473896,34.250037158555905
2018-10-20,Bengaluru,5,25.61,True,40.93,14.0,79.76,26.986874919930408,30.935241072883624,34.38081256008311,33.91045166368789,27.8183947344343,34.5028331977362
2018-10-21,Bengaluru,5,36.42,True,40.93,20.86,39.67000000000001,27.043900493052146,31.130454557114263,30.37345834752927,34.84221795513661,27.681626422162488,32.19426343213702
2018-10-22,Bengaluru,5,37.81,True,40.93,32.94,22.440000000000005,27.107287408183346,31.35851350118444,33.37430050681226,35.609373196494595,31.218623989098525,34.92296522188401
2018-10-23,Bengaluru,5,49.17,True,40.93,31.819999999999993,26.849999999999998,27.173735695941748,31.605531725428868,35.88841570399372,35.55469392122575,32.158130057437994,37.79464734809331
2018-10-24,Bengaluru,5,62.67,True,40.93,40.93,42.56000000000001,27.24138365618746,31.86367586694447,36.54624110684944,35.509474838033384,31.04384592864973,39.6281999937066
2018-10-25,Bengaluru,5,46.34,True,40.93,21.470000000000002,35.28999999999999,27.30918393387291,32.128477957875255,35.79550030243815,36.04644142419627,32.62824422654455,39.21558586593882
2018-10-26,Bengaluru,5,50.19,True,40.93,13.99,25.490000000000002,27.37655058438429,32.39734625467197,34.357277030276094,36.464215733405716,30.038055322619417,39.22581402271374
2018-10-27,Bengaluru,5,39.65,True,40.93,14.0,26.03,27.443159179765445,32.66873629757536,34.38081256008311,36.345539636376145,28.520195297475137,39.060706341389036
2018-10-28,Bengaluru,5,37.32,True,40.93,20.86,37.38,27.50883351578841,32.941688352166544,30.37345834752927,36.856311943811654,28.56609865834752,35.96008783409039
2018-10-29,Bengaluru,5,36.11,True,40.93,32.94,47.47,27.573481377510813,33.215568989450055,33.37430050681226,37.29381031816146,30.874499369560535,38.38968722745214
2018-10-30,Bengaluru,5,40.12,True,40.93,31.819999999999993,45.489999999999995,27.63705811261462,33.48992666732786,35.88841570399372,37.08902487110783,33.62679848251864,40.811446434656304
2018-10-31,Bengaluru,5,40.02,True,40.93,40.93,122.41000000000004,27.69954597199923,33.76441106045104,36.54624110684944,36.760135600341165,34.11449525950233,41.96432096290089
2018-11-01,Bengaluru,5,20.96,True,40.93,21.470000000000002,39.88000000000001,27.760942391964715,34.03872806609393,35.79550030243815,36.87649496520773,34.08238678362465,40.66497743208449
2018-11-02,Bengaluru,5,17.57,True,40.93,13.99,66.54000000000002,27.821253347527236,34.312614786647565,34.357277030276094,36.89440995376912,33.7602934431737,39.77890762658033
2018-11-03,Bengaluru,5,21.42,True,40.93,14.0,58.73000000000002,27.880489581857972,34.585825703118566,34.38081256008311,38.017937074019024,34.30400151931457,38.70086398036839
2018-11-04,Bengaluru,5,21.84,True,40.93,20.86,41.02000000000001,27.93866446695263,34.85812512103409,30.37345834752927,37.23164575295662,32.1073444381645,34.786456162763955
2018-11-05,Bengaluru,5,23.98,True,40.93,32.94,26.699999999999996,27.995792789488945,35.12928313418339,33.37430050681226,38.07320582418952,33.77246991253851,36.25617919379139
2018-11-06,Bengaluru,5,41.38,True,40.93,31.819999999999993,22.050000000000004,28.05189006144579,35.39907356300372,35.88841570399372,37.43406841042247,34.54664729939432,37.641141565278886
2018-11-07,Bengaluru,5,57.03,True,40.93,40.93,27.98,28.106972128391202,35.667273002612404,36.54624110684944,38.02131347892402,35.152561812306985,37.824040488255555
2018-11-08,Bengaluru,5,61.98,True,40.93,21.470000000000002,26.89,28.16105494665257,35.933660495197095,35.79550030243815,38.47915242560308,33.73491809800433,35.85477081468577
2018-11-09,Bengaluru,5,33.68,True,40.93,13.99,25.940000000000005,28.21415445633401,36.19801755407052,34.357277030276094,38.637082438650886,32.80142779756928,34.364729970032776
2020-06-02,Chennai,0,18.83,True,36.150000000000006,27.819999999999997,58.14999999999999,29.950977381763586,34.83421981213331,32.65591787222951,34.020459572337565,30.928478483352382,24.155739694716935
2020-06-03,Chennai,0,20.61,True,36.150000000000006,20.0,60.53000000000002,28.482866017506694,35.374198325147454,30.60435589061566,33.68523765439739,30.96570168214095,22.930900642127757
2020-06-04,Chennai,0,18.5,True,36.150000000000006,31.03,52.59,27.68520747120061,35.03564120553171,30.861306637074275,34.53949785040083,31.465659051487926,23.08756355408262
2020-06-05,Chennai,0,18.53,True,36.150000000000006,38.29999999999999,54.06000000000001,27.277200389369288,35.40062944566752,31.2212053030078,34.6482580285337,31.29036462910944,23.198367967658523
2020-06-06,Chennai,0,40.73,True,36.150000000000006,33.99,42.32000000000001,27.10159656692765,36.589037897529984,30.700671823918345,34.998932594375916,30.263282456697567,22.4933389369496
2020-06-07,Chennai,0,20.52,True,36.150000000000006,18.85,55.83999999999998,27.06678237023373,39.0054290287021,29.248792995184154,35.28142223628924,28.519632249803387,21.031036645218265
2020-06-08,Chennai,0,23.04,True,36.150000000000006,36.150000000000006,47.85000000000001,27.11798105248189,38.07621512584837,30.272667168397305,35.50171774053908,29.35934974499978,20.833407766939835
2020-06-09,Chennai,0,22.43,True,36.150000000000006,27.819999999999997,54.899999999999984,27.221890219912567,38.936717836915506,32.65591787222951,35.53431144796302,30.7907115084164,21.923826962212154
2020-06-10,Chennai,0,30.42,True,36.150000000000006,20.0,51.78999999999999,27.358047519743124,39.70648601158345,30.60435589061566,35.73792123719987,33.56818334360106,20.881308284819355
2020-06-11,Chennai,0,26.37,True,36.150000000000006,31.03,51.48,27.513795698729247,40.36582615381432,30.861306637074275,36.169932200592456,32.39476823768652,21.14595274581214
2020-06-12,Chennai,0,104.45,True,36.150000000000006,38.29999999999999,37.779999999999994,27.681272300791637,40.975972351365144,31.2212053030078,36.065273514474825,33.1733866211233,21.41437237487261
2020-06-13,Chennai,0,20.76,True,36.150000000000006,33.99,41.029999999999994,27.855580061639365,41.55079174774337,30.700671823918345,36.73990237380972,33.671953402643155,20.962588709922997
2020-06-14,Chennai,0,20.17,True,36.150000000000006,18.85,53.31,28.033663107940328,42.09368234290865,29.248792995184154,36.04132679368505,30.122419327871967,19.817076712516858
2020-06-15,Chennai,0,19.34,True,36.150000000000006,36.150000000000006,42.09000000000001,28.213612058342108,42.60573957347688,30.272667168397305,37.58620294789503,34.17750039381966,19.877199343491107
2020-06-16,Chennai,0,24.1,True,36.150000000000006,27.819999999999997,56.119999999999976,28.394232537480324,43.08755544416735,32.65591787222951,37.073670073775084,35.499972119345976,21.201510119802638
2020-06-17,Chennai,0,32.37,True,36.150000000000006,20.0,56.800000000000004,28.574776559386624,43.53961328283323,30.60435589061566,36.977959761998825,34.34060132425108,20.4754019457518
2020-06-18,Chennai,0,23.89,True,36.150000000000006,31.03,41.220000000000006,28.75477503896144,43.96237376539968,30.861306637074275,37.38647628648084,33.766269244113985,21.02957544060878
2020-06-19,Chennai,0,29.8,True,36.150000000000006,38.29999999999999,36.82000000000001,28.933933259261174,44.35629353224515,31.2212053030078,37.30971481595964,34.485214457549986,21.594063351175787
2020-06-20,Chennai,0,89.92,True,36.150000000000006,33.99,36.699999999999996,29.112065593449962,44.721829412827304,30.700671823918345,36.93737380633569,34.97587406338147,21.421396508141545
2020-06-21,Chennai,0,26.53,True,36.150000000000006,18.85,39.32,29.289054726504922,45.05943983037015,29.248792995184154,37.33352750196861,33.19781361525512,20.503773807240044
2020-06-22,Chennai,0,23.55,True,36.150000000000006,36.150000000000006,33.86,29.464826176337564,45.36958585236705,30.272667168397305,36.855117490401376,36.86529943411457,20.79446971425705
2020-06-23,Chennai,0,18.95,True,36.150000000000006,27.819999999999997,29.800000000000008,29.639332371959853,45.652732359753394,32.65591787222951,37.35565976822507,42.85737610488276,22.38682848321527
2020-06-24,Chennai,0,28.83,True,36.150000000000006,20.0,103.16000000000004,29.81254270257657,45.909349377461005,30.60435589061566,36.86449705953219,45.91632911840262,21.78607298133619
2020-06-25,Chennai,0,23.13,True,36.150000000000006,31.03,45.52000000000001,29.984437297361143,46.139913521637475,30.861306637074275,37.27931466233313,47.40912180156755,22.496699564169706
2020-06-26,Chennai,0,23.75,True,36.150000000000006,38.29999999999999,35.11,30.155003136213523,46.344909506161294,31.2212053030078,37.671866635117865,49.32724983494425,23.17304172015636
2020-06-27,Chennai,0,26.42,True,36.150000000000006,33.99,45.160000000000004,30.324231616912236,46.524831654424425,30.700671823918345,37.8189092802162,51.96491771938266,23.007874406283783
2020-06-28,Chennai,0,25.93,True,36.150000000000006,18.85,59.219999999999985,30.492117032180953,46.68018536880176,29.248792995184154,36.54564923617366,46.765935654406476,21.990943493937017
2020-06-29,Chennai,0,21.3,True,36.150000000000006,36.150000000000006,47.809999999999995,30.658655615216666,46.81148851697997,30.272667168397305,37.2366077473342,56.5509680273447,22.213518808259007
2020-06-30,Chennai,0,24.14,True,36.150000000000006,27.819999999999997,33.279999999999994,30.823844940344472,46.91927270076907,32.65591787222951,36.38845044466959,56.615933480508176,23.759958153954706
2020-07-01,Chennai,0,15.95,True,36.150000000000006,20.0,52.550000000000004,30.98768354551804,47.004084379058135,30.60435589061566,36.58298380430989,58.66639469902813,22.928621298793363
2020-02-03,Chennai,1,37.52,True,30.58,47.25999999999999,31.090000000000003,35.3986353686185,37.74731925751424,32.843384054611874,47.554723414254084,33.808535274450755,39.855055768307615
2020-02-04,Chennai,1,39.6,True,30.58,53.65999999999999,46.95,37.905044672001374,41.38266839306326,35.0743260420903,48.69258556262082,39.086325680812585,42.40743785050298
2020-02-05,Chennai,1,39.93,True,30.58,52.290000000000006,44.36999999999999,39.60345162751339,43.85343381142375,32.02133945618789,48.77031019835448,45.9391871200978,40.752606563433034
2020-02-06,Chennai,1,40.05,True,30.58,43.82,60.550000000000004,40.74289746704431,46.10599492198914,32.41826285651388,48.89072115549815,50.46770104743893,41.540630663087235
2020-02-07,Chennai,1,36.32,True,30.58,36.56000000000001,52.940000000000005,41.5085788560825,48.1416979299164,32.390092679933176,48.58280020874286,55.72086907394633,42.21810954479089
2020-02-08,Chennai,1,28.45,True,30.58,32.39999999999999,28.42,42.02938015123608,49.90166242362914,33.05479500292914,49.29647062947453,57.51267696928293,41.61452672880958
2020-02-09,Chennai,1,28.1,True,30.58,30.58,21.040000000000003,42.39166349656875,51.372969710363854,33.10203634298014,49.50311003205581,53.56611105801397,39.695826773315154
2020-02-10,Chennai,1,35.41,True,30.58,47.25999999999999,12.77,42.65200789848928,52.14995766771955,32.843384054611874,49.95612113441019,54.488894380382796,39.6697951030904
2020-02-11,Chennai,1,29.12,True,30.58,53.65999999999999,37.370000000000005,42.84697524553292,52.99229844562772,35.0743260420903,49.89598058124574,56.665544346728815,42.17039057065186
2020-02-12,Chennai,1,32.17,True,30.58,52.290000000000006,56.03999999999999,42.999993745177086,53.773462541639105,32.02133945618789,49.108952291921945,55.58787473457342,40.47468195255613
2020-02-13,Chennai,1,49.48,True,30.58,43.82,106.04000000000003,43.12599818532109,54.45839482679166,32.41826285651388,48.16183853837098,56.34672048992036,41.19915301648489
2020-02-14,Chennai,1,56.85,True,30.58,36.56000000000001,178.5399999999999,43.23447931805322,55.049242422935805,32.390092679933176,49.229030698737496,55.47530500129616,41.80858242991781
2020-02-15,Chennai,1,54.82,True,30.58,32.39999999999999,42.85,43.33145760569832,55.55466206950651,33.05479500292914,48.59858189959569,50.57132216154538,41.14976640245378
2020-02-16,Chennai,1,35.13,True,30.58,30.58,45.410000000000004,43.42074898755933,55.98373609826334,33.10203634298014,49.81163173521676,48.56065576997959,39.198292801558694
2020-02-17,Chennai,1,34.25,True,30.58,47.25999999999999,44.51,43.50477198986093,56.34481261088936,32.843384054611874,49.26805039188341,49.520960784275324,39.126878406460285
2020-02-18,Chennai,1,41.49,True,30.58,53.65999999999999,26.55,43.585060541951464,56.645337422939896,35.0743260420903,49.84488452286488,53.68520037486743,41.557261079544226
2020-02-19,Chennai,1,42.95,True,30.58,52.290000000000006,17.110000000000003,43.66258907593971,56.89188860119064,32.02133945618789,50.25122889311958,56.679789590439256,39.86404009992072
2020-02-20,Chennai,1,35.52,True,30.58,43.82,16.600000000000005,43.73797833119825,57.09025251159006,32.41826285651388,50.11698207750505,59.49778624505271,40.57188751472191
2020-02-21,Chennai,1,38.88,True,30.58,36.56000000000001,32.92000000000001,43.81162552126291,57.24550654274546,32.390092679933176,49.64244503351333,59.74954230919496,41.183773840064504
2020-02-22,Chennai,1,29.2,True,30.58,32.39999999999999,37.45,43.88378661372137,57.362099748168895,33.05479500292914,49.890548507305425,58.77973781023354,40.563754712633916
2020-02-23,Chennai,1,28.75,True,30.58,30.58,25.550000000000004,43.95462832050005,57.443928570046076,33.10203634298014,49.98705173202154,57.22080935070845,38.68406217249108
2020-02-24,Chennai,1,31.07,True,30.58,47.25999999999999,37.370000000000005,44.02426094074526,57.494406516775136,32.843384054611874,50.4747951390225,57.98377473425007,38.67399812347243
2020-02-25,Chennai,1,33.9,True,30.58,53.65999999999999,74.05000000000003,44.0927591044767,57.51652737858777,35.0743260420903,49.53459740151228,59.340396932927824,41.15614728948807
2020-02-26,Chennai,1,39.25,True,30.58,52.290000000000006,199.97999999999993,44.16017487271549,57.51292195787069,32.02133945618789,49.49296447765653,58.873936120536214,39.56709036587327
2020-02-27,Chennai,1,42.97,True,30.58,43.82,33.900000000000006,44.226546009760966,57.48590853021309,32.41826285651388,48.75556204117438,59.908812033577185,40.36889092921445
2020-02-28,Chennai,1,33.08,True,30.58,36.56000000000001,87.38000000000001,44.29190120644601,57.437537396900986,32.390092679933176,48.70843579444736,60.110854090318824,41.084245913836945
2020-02-29,Chennai,1,36.15,True,30.58,32.39999999999999,114.56000000000003,44.35626337796567,57.369629970066136,33.05479500292914,49.23387328893506,59.75241017315845,40.57241071442397
2020-03-01,Chennai,1,35.99,True,30.58,30.58,176.07,44.419651745907586,57.28381286814304,33.10203634298014,48.95334062770979,58.55979820429228,38.791864008895175
2020-03-02,Chennai,1,43.6,True,30.58,47.25999999999999,38.849999999999994,44.48208315262434,57.181547506022696,32.843384054611874,48.342569610622206,60.40757549498883,38.87465959964666
2020-03-03,Chennai,1,42.16,True,30.58,53.65999999999999,43.47999999999999,44.543572890934946,57.06415565163762,35.0743260420903,48.63460128582946,59.557443613679666,41.45646501006259
2019-10-06,Chennai,2,19.32,True,47.39999999999999,25.869999999999997,16.7,38.26461902608245,40.60858579813361,35.18232290663506,40.02733407440634,34.45248806369765,27.627235775505348
2019-10-07,Chennai,2,58.64,True,47.39999999999999,23.020000000000003,34.53999999999999,36.24125687301667,39.20125530676182,36.65742460037793,40.91428496281244,34.612533462991706,28.460766014994885
2019-10-08,Chennai,2,36.56,True,47.39999999999999,41.82,36.11,35.12168853266614,38.26306210214828,38.32079753883324,42.969134390158025,36.582123612800295,31.154204069863297
2019-10-09,Chennai,2,24.5,True,47.39999999999999,32.39999999999999,61.00000000000001,34.522522311145224,39.11942681791652,35.4572987110577,44.1485378199908,42.71053212190218,30.93467865431543
2019-10-10,Chennai,2,21.13,True,47.39999999999999,31.1,70.42000000000003,34.23123562530513,39.691685119574565,35.05334897333269,44.46605773984643,41.56760959909526,32.412208747339164
2019-10-11,Chennai,2,21.2,True,47.39999999999999,23.490000000000002,53.49,34.125059310410926,40.65426382718065,36.137520808979566,45.208441713959736,39.79720744570724,34.15364439997633
2019-10-12,Chennai,2,16.34,True,47.39999999999999,47.39999999999999,48.26,34.13113626356467,39.953573926503225,36.13259344192001,45.53981057717183,37.82266445108298,34.65703284557317
2019-10-13,Chennai,2,14.93,True,47.39999999999999,25.869999999999997,39.70000000000001,34.205478011238384,40.678202425337666,35.18232290663506,45.35093732544129,38.23405711838283,33.79707063915306
2019-10-14,Chennai,2,21.14,True,47.39999999999999,23.020000000000003,40.739999999999995,34.321235983920964,41.2109191066297,36.65742460037793,46.18442738078614,49.76550084641541,34.93417730568771
2019-10-15,Chennai,2,20.33,True,47.39999999999999,41.82,40.91,34.46191206320002,41.66328984031034,38.32079753883324,45.60782775295323,55.07555735631577,38.235501316843774
2019-10-16,Chennai,2,17.58,True,47.39999999999999,32.39999999999999,29.820000000000007,34.61732644052704,42.085234221941235,35.4572987110577,44.448884337512055,56.23968261265316,37.862182140743386
2019-10-17,Chennai,2,30.95,True,47.39999999999999,31.1,33.849999999999994,34.78118251285838,42.49159786504494,35.05334897333269,46.87809324374016,54.802817441391,39.42387757887413
2019-10-18,Chennai,2,32.0,True,47.39999999999999,23.490000000000002,31.599999999999994,34.94958039311551,42.887138447582025,36.137520808979566,46.58201783189251,55.77236214745612,41.15485310530919
2019-10-19,Chennai,2,31.76,True,47.39999999999999,47.39999999999999,39.650000000000006,35.120103334560035,43.2736587085763,36.13259344192001,48.316266245675216,59.99894281067194,41.257687751572
2019-10-20,Chennai,2,35.03,True,47.39999999999999,25.869999999999997,66.16999999999999,35.291253889174655,43.652043187474334,35.18232290663506,49.3137269312391,57.92965768849552,39.64600152014573
2019-10-21,Chennai,2,26.55,True,47.39999999999999,23.020000000000003,65.55000000000001,35.462105009796616,44.02284572076066,36.65742460037793,49.86747545746945,57.723401285433845,40.2713757449408
2019-10-22,Chennai,2,28.47,True,47.39999999999999,41.82,168.81000000000006,35.63208381359945,44.386464843776054,38.32079753883324,50.575277289879146,63.42855320858915,43.216362753128756
2019-10-23,Chennai,2,40.0,True,47.39999999999999,32.39999999999999,73.57,35.80083743628051,44.743201550937215,35.4572987110577,52.3943104142836,64.94904186942036,41.8999026302431
2019-10-24,Chennai,2,35.34,True,47.39999999999999,31.1,76.77000000000001,35.96814976449258,45.09328298398975,35.05334897333269,52.05555727939831,57.735387150377356,42.65546281809561
2019-10-25,Chennai,2,46.48,True,47.39999999999999,23.490000000000002,72.83000000000003,36.1338897316518,45.43687579333505,36.137520808979566,53.184537628045284,56.37470129726315,43.500198914734646
2019-10-26,Chennai,2,95.49,True,47.39999999999999,47.39999999999999,72.23999999999997,36.297979205673805,45.77409595377936,36.13259344192001,51.85137308573993,54.71890304619357,42.58929747453361
2019-10-27,Chennai,2,153.73,True,47.39999999999999,25.869999999999997,61.50000000000002,36.46037304159338,46.10501700585598,35.18232290663506,53.8302566763628,55.00944429871782,39.973606159889826
2019-10-28,Chennai,2,54.13,True,47.39999999999999,23.020000000000003,59.78999999999998,36.62104668877816,46.42967732806332,36.65742460037793,53.66963090980053,56.18757479058475,39.68215214857309
2019-10-29,Chennai,2,31.22,True,47.39999999999999,41.82,75.14999999999999,36.77998849003369,46.74808665514976,38.32079753883324,53.93731926466622,58.313453441444544,41.66378676195182
2019-10-30,Chennai,2,34.65,True,47.39999999999999,32.39999999999999,34.50999999999999,36.93719489475007,47.060231943568354,35.4572987110577,52.072132582653694,55.560844024820355,39.57802735570774
2019-10-31,Chennai,2,87.99,True,47.39999999999999,31.1,28.159999999999997,37.09266748190013,47.366082649430915,35.05334897333269,53.246686684463576,57.51619260323834,39.55416430673072
2019-11-01,Chennai,2,40.78,True,47.39999999999999,23.490000000000002,27.630000000000003,37.24641110708874,47.66559547073584,36.137520808979566,53.28220113143097,58.76463196296005,39.688467904022964
2019-11-02,Chennai,2,34.45,True,47.39999999999999,47.39999999999999,28.57999999999999,37.39843274771891,47.95871859859117,36.13259344192001,55.01425942024952,57.96937615633201,38.32548097872489
2019-11-03,Chennai,2,70.95,True,47.39999999999999,25.869999999999997,35.599999999999994,37.54874078174936,48.2453955171623,35.18232290663506,55.38337944400845,56.440426407199574,35.57213308356426
2019-11-04,Chennai,2,115.35,True,47.39999999999999,23.020000000000003,86.20999999999995,37.69734453576848,48.525568387930875,36.65742460037793,55.92988438358838,55.41127598781177,35.027558611555264
2019-06-08,Chennai,3,55.84,True,42.32000000000001,45.730000000000004,36.28,45.56357863243573,47.99934650427147,49.30568876385886,50.56185625412203,46.93649432318694,40.19464362289348
2019-06-09,Chennai,3,47.85,True,42.32000000000001,57.970000000000006,41.29999999999999,46.463631996143754,49.714311108983374,46.6247700550573,50.29664445212652,45.951185592192296,37.49962109361343
2019-06-10,Chennai,3,54.9,True,42.32000000000001,58.14999999999999,33.79,47.050842559149295,50.771744118290975,47.26851995116897,49.71925158421772,46.39237638494329,36.95650732532987
2019-06-11,Chennai,3,51.79,True,42.32000000000001,60.53000000000002,41.089999999999996,47.43783381947685,51.268874211183395,50.16740293446239,50.37574565023241,48.003417911834006,38.942632115150175
2019-06-12,Chennai,3,51.48,True,42.32000000000001,52.59,43.9,47.697743813740374,52.085135386771405,46.53244647957508,50.425879727779865,50.27043338424003,37.38785440164354
2019-06-13,Chennai,3,37.78,True,42.32000000000001,54.06000000000001,45.769999999999996,47.87733817566855,52.376422147148716,48.37330793435721,50.63664431456662,52.823382853532074,38.160580252294885
2019-06-14,Chennai,3,41.03,True,42.32000000000001,42.32000000000001,50.27,48.00623956196764,53.28137659611555,47.76396905372631,50.833388335115366,56.12908510296924,38.73225684641611
2019-06-15,Chennai,3,53.31,True,42.32000000000001,45.730000000000004,66.88000000000001,48.10310466011691,53.26775535802223,49.30568876385886,51.0644124335673,56.44283675398338,38.13682917843576
2019-06-16,Chennai,3,42.09,True,42.32000000000001,57.970000000000006,49.61999999999998,48.179643280148014,53.38162799920619,46.6247700550573,51.58868140059236,56.28795876477819,36.13855311591447
2019-06-17,Chennai,3,56.12,True,42.32000000000001,58.14999999999999,59.699999999999996,48.24319050598554,53.51368155902832,47.26851995116897,51.61988664053026,56.10604363587423,36.205778691561164
2019-06-18,Chennai,3,56.8,True,42.32000000000001,60.53000000000002,48.18999999999999,48.298336552400805,53.62987910387197,50.16740293446239,50.24567566308442,57.091278077873405,38.798610670071966
2019-06-19,Chennai,3,41.22,True,42.32000000000001,52.59,52.410000000000004,48.347953290945156,53.721180124394095,46.53244647957508,50.61385037651157,58.3211751644202,37.87745734074887
2019-06-20,Chennai,3,36.82,True,42.32000000000001,54.06000000000001,57.339999999999996,48.3938383738526,53.78610894962976,48.37330793435721,50.6304031887455,58.2960337590395,39.29076645992717
2019-06-21,Chennai,3,36.7,True,42.32000000000001,42.32000000000001,60.06,48.43711847488035,53.825372702573745,47.76396905372631,50.36979302175434,58.715948724669495,40.49063466320082
2019-06-22,Chennai,3,39.32,True,42.32000000000001,45.730000000000004,57.97999999999999,48.47850136693116,53.840213909073356,49.30568876385886,50.197605995440846,60.09707245956124,40.42558805544685
2019-06-23,Chennai,3,33.86,True,42.32000000000001,57.970000000000006,61.209999999999994,48.51843336137545,53.83192067759587,46.6247700550573,50.09367914166282,58.70313644684676,38.77879370367637
2019-06-24,Chennai,3,29.8,True,42.32000000000001,58.14999999999999,55.100000000000016,48.55719758393965,53.8016939453413,47.26851995116897,49.86958006782755,58.49451326335117,39.244609257140986
2019-06-25,Chennai,3,103.16,True,42.32000000000001,60.53000000000002,61.589999999999975,48.59497529817485,53.75062323330299,50.16740293446239,50.90809303255859,59.26931310860288,42.375512445941986
2019-06-26,Chennai,3,45.52,True,42.32000000000001,52.59,61.339999999999996,48.63188416238155,53.67969391564818,46.53244647957508,50.238403652569446,58.62705972438433,41.58624312211088
2019-06-27,Chennai,3,35.11,True,42.32000000000001,54.06000000000001,76.53000000000003,48.66800209312532,53.58980231063405,48.37330793435721,51.116296429339826,59.62097532688766,43.24064471044766
2019-06-28,Chennai,3,45.16,True,42.32000000000001,42.32000000000001,54.639999999999986,48.703382149438994,53.48177144153241,47.76396905372631,51.09692092282612,60.69255725922627,44.54323168059366
2019-06-29,Chennai,3,59.22,True,42.32000000000001,45.730000000000004,57.46,48.738061816143514,53.35636543575703,49.30568876385886,51.956023441599285,61.23096461595362,44.33231557630089
2019-06-30,Chennai,3,47.81,True,42.32000000000001,57.970000000000006,81.29999999999998,48.772068793952286,53.21430210331638,46.6247700550573,51.1874272902651,62.938811738351475,42.28015275819214
2019-07-01,Chennai,3,33.28,True,42.32000000000001,58.14999999999999,68.11000000000003,48.80542461104123,53.056263708144144,47.26851995116897,51.68741437921013,61.69192854278841,42.42405043364139
2019-07-02,Chennai,3,52.55,True,42.32000000000001,60.53000000000002,87.21000000000001,48.83814687604879,52.88290607754248,50.16740293446239,50.432697282313406,61.22369490170612,45.30456716135866
2019-07-03,Chennai,3,92.83,True,42.32000000000001,52.59,54.36000000000002,48.8702506838801,52.694866221913394,46.53244647957508,50.72750774847929,61.70867132907929,43.883474728546766
2019-07-04,Chennai,3,49.99,True,42.32000000000001,54.06000000000001,53.96999999999999,48.90174949321921,52.492768632477144,48.37330793435721,49.454032122693086,59.99725581337281,44.95065010753671
2019-07-05,Chennai,3,97.96,True,42.32000000000001,42.32000000000001,55.83999999999998,48.93265567461678,52.27723041159025,47.76396905372631,49.30098590172347,60.01814296305622,45.54962288026731
2019-07-06,Chennai,3,37.94,True,42.32000000000001,45.730000000000004,78.45999999999997,48.96298085316343,52.04886537563447,49.30568876385886,48.441625631575896,60.08611930023406,44.547160665050185
2019-07-07,Chennai,3,48.12,True,42.32000000000001,57.970000000000006,54.32000000000001,48.99273612307569,51.808287256398714,46.6247700550573,48.24347345856074,57.42895017067811,41.71926022534876
2019-02-08,Chennai,4,28.42,True,52.940000000000005,42.07,34.52000000000001,51.33137997543671,55.34004867014335,53.86575030826508,44.70355739784876,59.67114856729975,65.39951551490587
2019-02-09,Chennai,4,21.04,True,52.940000000000005,42.720000000000006,49.06999999999999,50.29234832646938,56.42959312015852,56.711678091118515,45.2237614769413,56.5103675440278,64.79776575522571
2019-02-10,Chennai,4,12.77,True,52.940000000000005,31.090000000000003,50.86000000000001,49.66045623862411,58.471971546714855,52.90881379715585,45.60421472938483,55.50843803122109,61.64356297815314
2019-02-11,Chennai,4,37.37,True,52.940000000000005,46.95,52.68,49.28096238454234,57.958753469657616,52.891480919780136,45.58873060205565,51.78809572647012,61.341020885852515
2019-02-12,Chennai,4,56.04,True,52.940000000000005,44.36999999999999,46.07,49.05939507779434,58.75071262903001,54.26713187090981,46.1984250711931,55.86719035767853,64.92896531418391
2019-02-13,Chennai,4,106.04,True,52.940000000000005,60.550000000000004,76.41,48.93716144186725,58.32813825388357,49.94524522376651,45.44395600426514,59.16777887161142,62.81794263095873
2019-02-14,Chennai,4,178.54,True,52.940000000000005,52.940000000000005,55.380000000000024,48.87754659226334,59.26795475162216,52.436373749946746,45.258190264095134,59.48284503748031,64.07870512081696
2019-02-15,Chennai,4,42.85,True,52.940000000000005,42.07,63.05999999999999,48.857392650693214,59.74515959275755,53.86575030826508,45.8585846940825,60.25827566813644,65.75632939316715
2019-02-16,Chennai,4,45.41,True,52.940000000000005,42.720000000000006,57.82000000000001,48.86203201764142,60.10716735756828,56.711678091118515,45.569793803795164,62.09189315574573,64.4907930374851
2019-02-17,Chennai,4,44.51,True,52.940000000000005,31.090000000000003,55.80999999999999,48.88215104692947,60.41441549462635,52.90881379715585,45.90246215662912,52.54188367499498,60.76157428417095
2019-02-18,Chennai,4,26.55,True,52.940000000000005,46.95,70.43000000000004,48.91182733129559,60.67345680426568,52.891480919780136,46.398520311984385,57.940701964544196,59.93149056547402
2019-02-19,Chennai,4,17.11,True,52.940000000000005,44.36999999999999,67.83000000000001,48.94729262422737,60.889067189506164,54.26713187090981,46.78257444695345,60.086964021889024,62.94858801985915
2019-02-20,Chennai,4,16.6,True,52.940000000000005,60.550000000000004,63.290000000000006,48.98614950350124,61.065322499302226,49.94524522376651,45.85046103432567,61.2573207398169,60.50853672167234
2019-02-21,Chennai,4,32.92,True,52.940000000000005,52.940000000000005,74.29999999999998,49.02687387108209,61.20580966831955,52.436373749946746,46.15647984738754,58.606108728880514,61.415274241108506
2019-02-22,Chennai,4,37.45,True,52.940000000000005,42.07,59.11999999999999,49.06849838632695,61.31370201527543,53.86575030826508,46.04830954255427,59.74551594079377,62.807829099524845
2019-02-23,Chennai,4,25.55,True,52.940000000000005,42.720000000000006,50.300000000000004,49.11041078549803,61.391810516675065,56.711678091118515,45.86134367434652,54.37750739939532,61.486648879058905
2019-02-24,Chennai,4,37.37,True,52.940000000000005,31.090000000000003,48.95,49.15222529533821,61.44262804750181,52.90881379715585,46.447690213005494,52.02291114164315,57.91815578584631
2019-02-25,Chennai,4,74.05,True,52.940000000000005,46.95,31.529999999999994,49.19370061024854,61.468369170371645,52.891480919780136,45.88010486161093,51.82319621884049,57.20684436042535
2019-02-26,Chennai,4,199.98,True,52.940000000000005,44.36999999999999,48.050000000000004,49.23468755604047,61.471005950274915,54.26713187090981,45.13753392274341,57.11867991768462,60.263183375573476
2019-02-27,Chennai,4,33.9,True,52.940000000000005,60.550000000000004,73.77999999999997,49.275095689913066,61.452300019385895,49.94524522376651,44.68001834550935,60.16703253397628,58.171419110917874
2019-02-28,Chennai,4,87.38,True,52.940000000000005,52.940000000000005,95.58,49.314871983127816,61.413831120494706,52.436373749946746,43.987546936308036,60.12895266386992,59.36228491069982
2019-03-01,Chennai,4,114.56,True,52.940000000000005,42.07,100.79999999999995,49.353987214827015,61.35702238131749,53.86575030826508,44.418258896206225,60.48220056297298,61.092671162396684
2019-03-02,Chennai,4,176.07,True,52.940000000000005,42.720000000000006,52.34,49.39242728765766,61.28316258469098,56.711678091118515,44.10724132296047,59.84283172810127,60.22511800786656
2019-03-03,Chennai,4,38.85,True,52.940000000000005,31.090000000000003,49.830000000000005,49.43018768505763,61.19342570108436,52.90881379715585,43.70167863423422,58.58135795211591,57.147964688384064
2019-03-04,Chennai,4,43.48,True,52.940000000000005,46.95,60.17999999999998,49.46726993398456,61.088887943127595,52.891480919780136,43.75195081766234,57.67237673169408,56.8691606116659
2019-03-05,Chennai,4,53.2,True,52.940000000000005,44.36999999999999,43.63,49.503679347816465,60.97054258978297,54.26713187090981,44.01833227773114,60.1560376710996,60.34544106418342
2019-03-06,Chennai,4,58.19,True,52.940000000000005,60.550000000000004,48.42999999999999,49.53942358645089,60.83931281251608,49.94524522376651,43.65155854186643,59.88926883696521,58.64944891640992
2019-03-07,Chennai,4,39.87,True,52.940000000000005,52.940000000000005,68.13999999999999,49.574511738061304,60.69606271888638,52.436373749946746,43.97268517218826,60.21228683974356,60.21547225380894
2019-03-08,Chennai,4,38.91,True,52.940000000000005,42.07,82.37999999999998,49.60895373384855,60.54160681144159,53.86575030826508,44.63188753797662,61.89187779541225,62.288401651883774
2019-03-09,Chennai,4,36.46,True,52.940000000000005,42.720000000000006,61.50000000000002,49.642759975353826,60.376718042406594,56.711678091118515,44.51625605770878,61.4374817336753,61.64701577557697
2018-10-11,Chennai,5,53.49,True,70.42000000000003,20.58,41.34,53.997324782395104,52.820650501942055,53.23025859869216,48.64834224601597,69.28471969503623,47.836493507242665
2018-10-12,Chennai,5,48.26,True,70.42000000000003,23.68,35.800000000000004,48.931547515792396,48.16744969576008,58.256742018631755,49.76595534713305,71.54688868244848,51.218183533616546
2018-10-13,Chennai,5,39.7,True,70.42000000000003,16.7,44.53000000000001,46.2279468630035,48.17725002320818,57.856141984544514,49.20196053893394,69.1299534284569,51.546539492928865
2018-10-14,Chennai,5,40.74,True,70.42000000000003,34.53999999999999,56.35999999999998,44.764648406607044,45.833958249201736,54.12384590535222,48.191079803894894,68.13546023813825,50.36870512413314
2018-10-15,Chennai,5,40.91,True,70.42000000000003,36.11,37.27000000000001,43.98437034220956,45.87871027370835,52.46040455270724,48.22754363847738,64.82648132832237,51.26712028481456
2018-10-16,Chennai,5,29.82,True,70.42000000000003,61.00000000000001,35.62,43.59101398233335,44.4436532175311,54.07566840188588,48.539171309389474,56.43930343925935,55.85229319341187
2018-10-17,Chennai,5,33.85,True,70.42000000000003,70.42000000000003,68.01000000000002,43.420337251295216,44.15017803384581,50.98019163934386,47.81200725933451,49.92969477855463,55.8118138646723
2018-10-18,Chennai,5,31.6,True,70.42000000000003,20.58,193.3,43.37876850367477,45.106548975784406,53.23025859869216,48.86847027451256,48.48004052071213,58.0532937544598
2018-10-19,Chennai,5,39.65,True,70.42000000000003,23.68,226.73999999999998,43.41212515361064,45.48627717338007,58.256742018631755,49.00284529137134,50.426315826647546,61.17325456039422
2018-10-20,Chennai,5,66.17,True,70.42000000000003,16.7,57.619999999999976,43.488728076286115,45.6749733324329,57.856141984544514,48.97401588674003,51.32598363843763,60.44028512865245
2018-10-21,Chennai,5,65.55,True,70.42000000000003,34.53999999999999,30.199999999999996,43.589951754462604,45.82843133681315,54.12384590535222,48.39555687320558,49.012664732544955,57.848546137704076
2018-10-22,Chennai,5,168.81,True,70.42000000000003,36.11,31.17,43.70481267532914,45.97941343487143,52.46040455270724,49.22930172873663,49.44619178361372,57.55643886039068
2018-10-23,Chennai,5,73.57,True,70.42000000000003,61.00000000000001,58.59,43.82682584503894,46.134216756069236,54.07566840188588,48.43280555565084,52.8355109270089,61.19911486786457
2018-10-24,Chennai,5,76.77,True,70.42000000000003,70.42000000000003,53.739999999999995,43.95216295837836,46.29351417186715,50.98019163934386,49.822142792443174,54.32408733009641,59.64030898540196
2018-10-25,Chennai,5,72.83,True,70.42000000000003,20.58,36.65,44.07856763863853,46.45682440716493,53.23025859869216,49.3614082435334,56.62068657786564,60.47161381072232
2018-10-26,Chennai,5,72.24,True,70.42000000000003,23.68,25.89999999999999,44.20471460001562,46.623467217471415,58.256742018631755,49.00091568052093,53.11234794176834,62.12359473838914
2018-10-27,Chennai,5,61.5,True,70.42000000000003,16.7,31.319999999999993,44.32983038272309,46.79276515878145,57.856141984544514,49.43923957981989,53.37832947307619,59.880138977340124
2018-10-28,Chennai,5,59.79,True,70.42000000000003,34.53999999999999,53.37,44.45346865950392,46.96408415457963,54.12384590535222,49.6492439418757,52.8596853849463,55.97550720554738
2018-10-29,Chennai,5,75.15,True,70.42000000000003,36.11,62.07999999999999,44.575377037363204,47.13683979324402,52.46040455270724,48.85947583820939,52.75459334927777,54.482857745862304
2018-10-30,Chennai,5,34.51,True,70.42000000000003,61.00000000000001,19.869999999999997,44.695418070708264,47.310496531958925,54.07566840188588,48.83330773634921,53.11939255873338,56.794864460264996
2018-10-31,Chennai,5,28.16,True,70.42000000000003,70.42000000000003,41.87,44.8135224127513,47.4845655975188,50.98019163934386,47.413376118651236,51.638111901616966,54.39122804915916
2018-11-01,Chennai,5,27.63,True,70.42000000000003,20.58,24.56,44.92966102526838,47.65860279285842,53.23025859869216,47.17150501032477,48.98561661027802,54.35028062690922
2018-11-02,Chennai,5,28.58,True,70.42000000000003,23.68,27.990000000000002,45.043828691960826,47.83220643965868,58.256742018631755,48.32992643084384,51.337624562181894,55.19539148297337
2018-11-03,Chennai,5,35.6,True,70.42000000000003,16.7,30.02,45.1560342365446,48.005015481146515,57.856141984544514,48.85597238134133,49.54249002772897,52.755235159945975
2018-11-04,Chennai,5,86.21,True,70.42000000000003,34.53999999999999,27.099999999999998,45.26629471787904,48.176707728193634,54.12384590535222,47.72593844372289,50.15008462299696,49.05895015640511
2018-11-05,Chennai,5,35.2,True,70.42000000000003,36.11,24.370000000000005,45.37463198419393,48.346998225864056,52.46040455270724,49.3912721847727,51.634372163124226,47.66512889041944
2018-11-06,Chennai,5,55.01,True,70.42000000000003,61.00000000000001,29.630000000000003,45.481070626718186,48.51563771881583,54.07566840188588,47.22528143867512,53.98463882222851,49.7692917763522
2018-11-07,Chennai,5,59.06,True,70.42000000000003,70.42000000000003,33.669999999999995,45.5856367634647,48.68241119648741,50.98019163934386,47.649035960817905,55.99921036829468,47.87982700342288
2018-11-08,Chennai,5,49.98,True,70.42000000000003,20.58,37.63999999999999,45.68835731553427,48.84713650155628,53.23025859869216,48.305908071525444,58.15513967373832,48.205624822099345
2018-11-09,Chennai,5,74.73,True,70.42000000000003,23.68,40.879999999999995,45.78925957568014,49.009662987509415,58.256742018631755,50.08432164117287,58.22776177438168,49.455491542580354
2020-06-02,Hyderabad,0,16.47,True,30.0,32.510000000000005,27.669999999999998,29.770603213349315,28.81202412858652,26.678431843980633,21.669919917529807,29.421430312173275,23.533800814389963
2020-06-03,Hyderabad,0,11.74,True,30.0,28.659999999999993,24.010000000000005,29.695387506616107,28.2559471051429,26.361063423673933,21.784266780524437,30.16345017173393,23.381655698161158
2020-06-04,Hyderabad,0,13.93,True,30.0,26.699999999999996,35.63000000000001,29.699851034993554,27.912074734300944,26.800848940309535,22.50276655482044,28.37555059393155,22.16954055131979
2020-06-05,Hyderabad,0,19.57,True,30.0,21.069999999999997,35.669999999999995,29.745548037354705,27.76578240793769,25.186727311214852,22.227475682347272,26.91033071300696,21.02503962215738
2020-06-06,Hyderabad,0,23.02,True,30.0,18.560000000000002,28.41,29.812465595476098,27.597482242859723,26.500437020630113,22.041233430401775,23.583646412126793,20.38469230423639
2020-06-07,Hyderabad,0,19.49,True,30.0,25.169999999999995,32.08,29.890138820615274,27.19685512291003,27.36783862081361,21.555086081154244,23.206742321808864,19.352740532568035
2020-06-08,Hyderabad,0,20.2,True,30.0,30.0,31.14,29.973083290030225,26.87301533141094,26.953275735641025,20.857469319373426,23.729523145562023,19.197802108151812
2020-06-09,Hyderabad,0,17.96,True,30.0,32.510000000000005,23.709999999999997,30.058422082253752,26.664112458846525,26.678431843980633,21.62418864337251,23.48733679435083,18.570496176623998
2020-06-10,Hyderabad,0,20.26,True,30.0,28.659999999999993,12.39,30.14464605350715,26.43630971291516,26.361063423673933,21.371909756233915,23.825204924124556,18.461136758801825
2020-06-11,Hyderabad,0,19.96,True,30.0,26.699999999999996,8.699999999999998,30.230964255935973,26.194973357980484,26.800848940309535,22.02098166887997,23.34511745157334,17.55259017625998
2020-06-12,Hyderabad,0,17.19,True,30.0,21.069999999999997,11.209999999999999,30.31696305329366,25.943161395333657,25.186727311214852,21.230890914545768,23.057530240751557,16.73737860790459
2020-06-13,Hyderabad,0,9.87,True,30.0,18.560000000000002,15.940000000000001,30.402427092329262,25.682823876151495,26.500437020630113,21.03480115654118,23.59501390249609,16.363203274848583
2020-06-14,Hyderabad,0,9.8,True,30.0,25.169999999999995,22.289999999999996,30.487245241365084,25.415370976149763,27.36783862081361,20.937295374259516,23.443233655548372,15.699877562166801
2020-06-15,Hyderabad,0,13.53,True,30.0,30.0,19.58,30.57136116068261,25.14194134749837,26.953275735641025,20.799595541671135,23.310953951089598,15.783606764753323
2020-06-16,Hyderabad,0,10.31,True,30.0,32.510000000000005,23.779999999999998,30.654747324486422,24.863528700935085,26.678431843980633,20.78284847009843,22.873272624151483,15.500505399792406
2020-06-17,Hyderabad,0,10.31,True,30.0,28.659999999999993,22.289999999999996,30.737391367189034,24.58104143880815,26.361063423673933,22.08420612628461,22.77496705140347,15.675465117384391
2020-06-18,Hyderabad,0,14.04,True,30.0,26.699999999999996,21.589999999999996,30.819288906791982,24.29533072285987,26.800848940309535,21.3293118727599,21.791672443235072,15.176648692470678
2020-06-19,Hyderabad,0,20.19,True,30.0,21.069999999999997,18.959999999999997,30.900439772389397,24.007203692378113,25.186727311214852,21.13181363050613,21.49075516937318,14.752649316854711
2020-06-20,Hyderabad,0,22.5,True,30.0,18.560000000000002,28.110000000000007,30.98084602074621,23.717429723063383,26.500437020630113,20.80685645107236,21.539034666352272,14.715051185321558
2020-06-21,Hyderabad,0,24.0,True,30.0,25.169999999999995,24.749999999999996,31.06051089313364,23.426743448619384,27.36783862081361,21.18254106712111,22.343122710337845,14.406068447566161
2020-06-22,Hyderabad,0,22.91,True,30.0,30.0,26.439999999999994,31.139438266317327,23.1358462996162,26.953275735641025,19.960577951064607,23.00582063954792,14.778070763730842
2020-06-23,Hyderabad,0,22.36,True,30.0,32.510000000000005,25.450000000000003,31.21763236324807,22.845407385970738,26.678431843980633,20.86652146629828,23.230364380177573,14.797256823649183
2020-06-24,Hyderabad,0,21.25,True,30.0,28.659999999999993,26.999999999999996,31.295097600244056,22.55606411160033,26.361063423673933,20.81449103218228,24.289489630040357,15.241942492575507
2020-06-25,Hyderabad,0,22.41,True,30.0,26.699999999999996,18.07,31.37183850591446,22.268422703293275,26.800848940309535,21.177973673565138,24.911504799917648,15.007651192806456
2020-06-26,Hyderabad,0,27.05,True,30.0,21.069999999999997,9.849999999999998,31.4478596777982,21.98305873833219,25.186727311214852,21.046991431548964,25.574460387238208,14.810019754592547
2020-06-27,Hyderabad,0,23.29,True,30.0,18.560000000000002,9.89,31.523165758837337,21.700517709254807,26.500437020630113,21.154006665224824,25.788225304856276,14.965014236085635
2020-06-28,Hyderabad,0,15.8,True,30.0,25.169999999999995,12.750000000000002,31.597761424289246,21.421315642176555,27.36783862081361,21.053271129999143,25.808185133527378,14.806995913056472
2020-06-29,Hyderabad,0,20.24,True,30.0,30.0,18.550000000000004,31.671651374140318,21.14593977452994,26.953275735641025,20.620089581875764,26.57572281983978,15.31029392109917
2020-06-30,Hyderabad,0,19.38,True,30.0,32.510000000000005,18.320000000000004,31.744840328426832,20.87484929289216,26.678431843980633,21.146124046858446,26.405770239584985,15.410737919737826
2020-07-01,Hyderabad,0,26.83,True,30.0,28.659999999999993,17.75,31.81733302409949,20.608476128934715,26.361063423673933,21.54566965324967,26.259037370825208,15.911382790449512
2020-02-03,Hyderabad,1,36.94,True,40.2,57.98999999999999,60.259999999999984,43.82725474860099,45.71043868604507,44.88303880186379,55.29042066995729,45.89268845490377,51.31432782110516
2020-02-04,Hyderabad,1,27.77,True,40.2,51.370000000000005,63.750000000000014,45.77013312159302,48.708044026408785,44.14582889273077,56.079997305023106,51.4944612740259,51.82904602159729
2020-02-05,Hyderabad,1,32.73,True,40.2,58.14999999999999,63.25999999999999,46.75410089502345,50.21532924677282,43.37558050391021,56.61860623580177,55.0178043338409,53.59875016702218
2020-02-06,Hyderabad,1,30.56,True,40.2,68.20000000000002,68.06000000000002,47.219352390447,50.99408799282674,40.96470846924464,56.94702673985238,58.81124435631048,52.60770358496722
2020-02-07,Hyderabad,1,32.21,True,40.2,59.219999999999985,58.460000000000015,47.41136012799772,51.55294704098016,39.91102941289256,56.77355097074888,58.978349186379525,52.137967800991404
2020-02-08,Hyderabad,1,38.5,True,40.2,38.88,58.24,47.461602730874624,52.05653787795601,42.08809373400518,57.12363858568713,57.15868374886875,52.39560204286083
2020-02-09,Hyderabad,1,41.49,True,40.2,40.2,55.67000000000002,47.439102464881515,52.24816581702015,43.95289443925863,57.555236741445334,55.270501211987806,51.57797854224451
2020-02-10,Hyderabad,1,39.28,True,40.2,57.98999999999999,58.81999999999999,47.37972433547754,52.333111209164635,44.88303880186379,57.65436504738981,54.935406991883916,53.293535977481184
2020-02-11,Hyderabad,1,42.7,True,40.2,51.370000000000005,58.640000000000015,47.3020036279683,52.40608146266831,44.14582889273077,57.36027462093378,56.18293922116218,53.56996327882633
2020-02-12,Hyderabad,1,56.38,True,40.2,58.14999999999999,64.13999999999999,47.21548947893289,52.46135808948279,43.37558050391021,57.608110800738224,55.600693206849705,55.02669368573479
2020-02-13,Hyderabad,1,61.85,True,40.2,68.20000000000002,64.93999999999998,47.12509010828725,52.497014441342195,40.96470846924464,56.98360357668245,56.761864460161796,53.55539569546945
2020-02-14,Hyderabad,1,74.29,True,40.2,59.219999999999985,62.78999999999997,47.03332191066509,52.51287863033497,39.91102941289256,56.8648941295503,57.63067759719234,52.55362530027066
2020-02-15,Hyderabad,1,66.96,True,40.2,38.88,38.84,46.94146995240484,52.50957807879424,42.08809373400518,56.50490940585192,58.35317587008361,52.23077781090737
2020-02-16,Hyderabad,1,65.61,True,40.2,40.2,48.34,46.850185817201755,52.48809122402883,43.95289443925863,57.03915111418362,56.57959761105768,50.805040455074604
2020-02-17,Hyderabad,1,59.75,True,40.2,57.98999999999999,45.120000000000005,46.75979534467151,52.449537222276994,44.88303880186379,56.101349160335985,54.623257688477224,51.84582601264675
2020-02-18,Hyderabad,1,45.93,True,40.2,51.370000000000005,65.13999999999997,46.67045697206471,52.39507738429106,44.14582889273077,56.431142914940864,53.665464453871586,51.46202860198186
2020-02-19,Hyderabad,1,49.6,True,40.2,58.14999999999999,55.800000000000004,46.58224318877982,52.325869085279166,43.37558050391021,56.28698985798693,54.966782154720946,52.21092933077933
2020-02-20,Hyderabad,1,45.57,True,40.2,68.20000000000002,35.07000000000001,46.495182433056776,52.24304433836688,40.96470846924464,56.34398340824839,56.04608681818409,50.21425643438838
2020-02-21,Hyderabad,1,35.27,True,40.2,59.219999999999985,39.32,46.409280639531715,52.147699978292266,39.91102941289256,55.77738937248038,55.57624616975358,48.73494385333517
2020-02-22,Hyderabad,1,28.81,True,40.2,38.88,44.63,46.32453231959455,52.04089332631468,42.08809373400518,55.81060799018744,56.1388655562188,47.96155054539588
2020-02-23,Hyderabad,1,25.6,True,40.2,40.2,57.13,46.240926257776245,51.923640455569746,43.95289443925863,55.3691266804648,55.18473150628459,46.26031094713811
2020-02-24,Hyderabad,1,32.51,True,40.2,57.98999999999999,46.64,46.158448438839486,51.7969156998814,44.88303880186379,55.74283124740763,54.603793039658,46.8932841933906
2020-02-25,Hyderabad,1,42.14,True,40.2,51.370000000000005,49.410000000000004,46.077083550472935,51.66165176413284,44.14582889273077,54.8743715761944,54.73048826615787,46.31835229684598
2020-02-26,Hyderabad,1,55.84,True,40.2,58.14999999999999,54.83,45.996815753363954,51.51874013025358,43.37558050391021,54.87272780449149,54.83174876605196,46.85628527732806
2020-02-27,Hyderabad,1,38.49,True,40.2,68.20000000000002,57.06,45.9176290744813,51.36903161109852,40.96470846924464,54.54090534744614,54.52229589775094,45.019713425009584
2020-02-28,Hyderabad,1,40.35,True,40.2,59.219999999999985,50.34000000000001,45.83950760660132,51.2133369793585,39.91102941289256,54.43606358487335,54.00984078495053,43.73991542546964
2020-02-29,Hyderabad,1,42.44,True,40.2,38.88,55.58999999999998,45.76243560822775,51.05242763436963,42.08809373400518,54.53986464791723,53.68616519299361,43.17893568044675
2020-03-01,Hyderabad,1,43.21,True,40.2,40.2,33.05,45.686397552335066,50.88703628699931,43.95289443925863,54.050954899495615,53.904913116157175,41.85354746921673
2020-03-02,Hyderabad,1,48.6,True,40.2,57.98999999999999,35.27000000000001,45.61137814884689,50.7178576513891,44.88303880186379,53.74194430970104,54.510383383664006,42.71540006097255
2020-03-03,Hyderabad,1,49.59,True,40.2,51.370000000000005,40.96999999999999,45.53736235366343,50.54554913677605,44.14582889273077,53.50623432456492,54.55680366401511,42.542671095001204
2019-10-06,Hyderabad,2,42.99,True,40.220000000000006,33.27,56.35999999999998,35.85847327110374,38.601599083501476,38.50074077577355,45.85865017456507,41.968530809793315,34.014610830859894
2019-10-07,Hyderabad,2,50.79,True,40.220000000000006,41.10999999999999,65.91,33.88218484145956,38.03060927153581,39.47372521031253,47.37464033952069,41.969739677333294,36.18727741391463
2019-10-08,Hyderabad,2,56.9,True,40.220000000000006,39.120000000000005,64.44000000000003,32.96478850497934,38.498433763032935,38.33291322204993,48.799949103887336,43.37259678565201,37.59655067872351
2019-10-09,Hyderabad,2,54.17,True,40.220000000000006,31.980000000000004,60.06999999999997,32.546820734003845,39.5090144021397,37.024261165918034,48.81428863455807,44.93862518973854,40.0997056413428
2019-10-10,Hyderabad,2,39.07,True,40.220000000000006,32.24,56.5,32.37174115796388,40.12619985187429,36.904450006022486,49.96852266327161,45.25085641417412,40.850434772358405
2019-10-11,Hyderabad,2,34.57,True,40.220000000000006,34.730000000000004,52.629999999999995,32.31652258553681,40.64943203015855,36.67461024930015,51.66501942685997,45.11131035231335,41.93292194742851
2019-10-12,Hyderabad,2,34.91,True,40.220000000000006,40.220000000000006,54.39000000000001,32.32077410002391,40.90393284753982,37.59185234070394,51.37042555467564,45.83417487083026,43.34832680526011
2019-10-13,Hyderabad,2,36.35,True,40.220000000000006,33.27,58.56,32.35449674633676,41.62254007192616,38.50074077577355,52.157474327658115,46.07705182020841,43.81512907773248
2019-10-14,Hyderabad,2,53.22,True,40.220000000000006,41.10999999999999,54.349999999999994,32.402699611378274,42.276084105760305,39.47372521031253,53.24304331051352,46.06469576977651,46.763289627429295
2019-10-15,Hyderabad,2,52.62,True,40.220000000000006,39.120000000000005,58.24,32.45786992712771,42.891564486577124,38.33291322204993,54.42045466978664,46.44956232900939,48.60990352839682
2019-10-16,Hyderabad,2,59.41,True,40.220000000000006,31.980000000000004,53.25999999999999,32.51623808769987,43.48174502778039,37.024261165918034,53.56541574314547,47.67501842524563,51.70942002570307
2019-10-17,Hyderabad,2,48.12,True,40.220000000000006,32.24,41.029999999999994,32.57591239578446,44.05260791203864,36.904450006022486,54.71648945373814,47.159533270476224,52.38659019400445
2019-10-18,Hyderabad,2,24.3,True,40.220000000000006,34.730000000000004,40.35,32.63594435317494,44.60692636743975,36.67461024930015,56.14758198128928,47.8509661688427,53.304225007114105
2019-10-19,Hyderabad,2,22.92,True,40.220000000000006,40.220000000000006,43.99,32.69585945687989,45.145968189041724,37.59185234070394,56.454925457028054,47.56387649103434,54.44574674271048
2019-10-20,Hyderabad,2,28.04,True,40.220000000000006,33.27,58.43999999999999,32.75542146785133,45.67030578909206,38.50074077577355,56.828517094250465,47.22975169243719,54.213200431384806
2019-10-21,Hyderabad,2,22.03,True,40.220000000000006,41.10999999999999,61.339999999999996,32.81451392838071,46.18020070485604,39.47372521031253,57.60076197591474,47.52819299780676,56.82232549294955
2019-10-22,Hyderabad,2,41.03,True,40.220000000000006,39.120000000000005,66.82,32.8730805987099,46.675785786854235,38.33291322204993,58.64635488504203,47.58411998022515,57.85961581507435
2019-10-23,Hyderabad,2,37.8,True,40.220000000000006,31.980000000000004,67.11999999999999,32.93109551058925,47.15715126220363,37.024261165918034,58.9444860199132,48.01458844378284,60.14894656113246
2019-10-24,Hyderabad,2,22.53,True,40.220000000000006,32.24,67.52000000000002,32.988547910546096,47.62438511600816,36.904450006022486,59.89235664707181,47.748103684734275,59.44430527797966
2019-10-25,Hyderabad,2,23.54,True,40.220000000000006,34.730000000000004,60.71999999999998,33.04543468931249,48.07759172955157,36.67461024930015,59.38364331133936,47.7194162910843,58.91568294312397
2019-10-26,Hyderabad,2,18.81,True,40.220000000000006,40.220000000000006,48.67999999999999,33.10175657517836,48.51690013026359,37.59185234070394,60.225319726728124,47.66314792853315,58.55657228636508
2019-10-27,Hyderabad,2,40.65,True,40.220000000000006,33.27,57.44,33.157516219791596,48.94246723934489,38.50074077577355,60.53746378047965,47.3967969056348,56.71033566343622
2019-10-28,Hyderabad,2,64.09,True,40.220000000000006,41.10999999999999,56.51,33.212717235447414,49.354478673730746,39.47372521031253,59.19489340183818,46.878869928964164,57.8142401291168
2019-10-29,Hyderabad,2,42.04,True,40.220000000000006,39.120000000000005,56.020000000000024,33.26736371076731,49.7531483190665,38.33291322204993,60.077493989516455,47.422050157732244,57.29654245205586
2019-10-30,Hyderabad,2,40.41,True,40.220000000000006,31.980000000000004,57.31999999999999,33.321459966903014,50.13871725620673,37.024261165918034,60.32591926248082,47.584513815954395,58.04007468658366
2019-10-31,Hyderabad,2,21.39,True,40.220000000000006,32.24,56.98000000000001,33.37501043467454,50.51145232390427,36.904450006022486,62.03824295817159,47.069368258036974,55.98528107505865
2019-11-01,Hyderabad,2,22.51,True,40.220000000000006,34.730000000000004,50.86999999999999,33.42801959251623,50.871644458678446,36.67461024930015,62.098315489721735,46.47785290249342,54.274115649869536
2019-11-02,Hyderabad,2,29.98,True,40.220000000000006,40.220000000000006,34.07,33.48049193500287,51.21960688598671,37.59185234070394,62.07152622510919,46.54994553016222,52.90100881044357
2019-11-03,Hyderabad,2,37.22,True,40.220000000000006,33.27,25.960000000000004,33.53243195675808,51.55567320523332,38.50074077577355,62.659544328897276,46.21734774684735,50.39023165423957
2019-11-04,Hyderabad,2,57.61,True,40.220000000000006,41.10999999999999,24.880000000000003,33.58384414410534,51.88019539616531,39.47372521031253,63.164513951807294,46.60263409150277,50.69819004506103
2019-06-08,Hyderabad,3,32.08,True,28.41,34.949999999999996,19.43,31.787645899159145,29.84688762709264,30.97785266464961,38.27208608372906,30.5411333555763,26.949350575166818
2019-06-09,Hyderabad,3,31.14,True,28.41,44.330000000000005,20.029999999999998,33.59447876252529,29.902191767224323,31.14280887234481,41.214976496452984,32.237501399511466,25.341556513742717
2019-06-10,Hyderabad,3,23.71,True,28.41,27.669999999999998,16.489999999999995,34.537056555156376,30.262616098383493,30.50946824308791,41.16097978834761,32.697788525946194,25.254640952765396
2019-06-11,Hyderabad,3,12.39,True,28.41,24.010000000000005,22.309999999999995,35.0335377381438,30.0649531978737,30.79620724171655,42.05367630924233,34.41651544571064,24.693054101874502
2019-06-12,Hyderabad,3,8.7,True,28.41,35.63000000000001,29.920000000000005,35.30648184304252,29.217594583090914,31.624376135002443,42.03207959696116,35.42307294637976,24.96040331330591
2019-06-13,Hyderabad,3,11.21,True,28.41,35.669999999999995,30.85,35.46887354235578,28.764423859568737,31.2302871159535,42.34935510406245,36.02847396791933,23.91564689101157
2019-06-14,Hyderabad,3,15.94,True,28.41,28.41,34.44,35.576817186049986,28.523833068179833,30.615493916897538,42.20276507748921,35.635622206611075,23.081972992358654
2019-06-15,Hyderabad,3,22.29,True,28.41,34.949999999999996,27.83,35.65788086153997,28.002636291543322,30.97785266464961,42.32315907375944,35.474039864487146,22.49392873426369
2019-06-16,Hyderabad,3,19.58,True,28.41,44.330000000000005,22.900000000000002,35.72554324751025,27.519106658442126,31.14280887234481,42.650931163529236,35.794490165404255,21.42068897582554
2019-06-17,Hyderabad,3,23.78,True,28.41,27.669999999999998,21.990000000000002,35.786379482232356,27.054815169130705,30.50946824308791,42.327270894046684,36.62521138283822,21.665451534790638
2019-06-18,Hyderabad,3,22.29,True,28.41,24.010000000000005,17.2,35.84359455058027,26.602167411970946,30.79620724171655,41.96177776669024,37.39980778548215,21.528072581476945
2019-06-19,Hyderabad,3,21.59,True,28.41,35.63000000000001,14.609999999999998,35.898751147602944,26.15815903183431,31.624376135002443,42.37682262762734,37.4728351467852,22.143336027576783
2019-06-20,Hyderabad,3,18.96,True,28.41,35.669999999999995,15.27,35.95261237079798,25.72172956068114,31.2302871159535,41.250513286620084,36.928076506975245,21.59927177324643
2019-06-21,Hyderabad,3,28.11,True,28.41,28.41,10.31,36.00555217300367,25.292637368819054,30.615493916897538,41.656352376045994,36.32635765224362,21.23110810273792
2019-06-22,Hyderabad,3,24.75,True,28.41,34.949999999999996,21.260000000000005,36.05775515483493,24.87098045030904,30.97785266464961,40.82543852250654,36.873651061574634,21.0721260452539
2019-06-23,Hyderabad,3,26.44,True,28.41,44.330000000000005,20.069999999999997,36.10931378452493,24.45699196598298,31.14280887234481,40.58642260377454,39.58371975194613,20.427116466884467
2019-06-24,Hyderabad,3,25.45,True,28.41,27.669999999999998,16.99,36.16027569757021,24.05095281796667,30.50946824308791,40.699086725007305,37.602368580595076,21.01662974616617
2019-06-25,Hyderabad,3,27.0,True,28.41,24.010000000000005,16.310000000000002,36.21066670689625,23.65315414140728,30.79620724171655,39.99315768415056,39.24696124262028,21.21646444838021
2019-06-26,Hyderabad,3,18.07,True,28.41,35.63000000000001,16.23,36.260501996063105,23.26388114163358,31.624376135002443,39.01450992909343,37.87377291622479,22.136302965541258
2019-06-27,Hyderabad,3,9.85,True,28.41,35.669999999999995,17.639999999999997,36.30979156386581,22.88340610892087,31.2302871159535,38.739023248374984,37.838486254261674,21.861683210521893
2019-06-28,Hyderabad,3,9.89,True,28.41,28.41,18.93,36.35854287253301,22.511985425811663,30.615493916897538,37.79773083292033,37.14487901148489,21.711435431501414
2019-06-29,Hyderabad,3,12.75,True,28.41,34.949999999999996,18.18,36.406762135665765,22.149858354265252,30.97785266464961,37.93752988320251,37.46385618144692,21.721580275461427
2019-06-30,Hyderabad,3,18.55,True,28.41,44.330000000000005,20.849999999999998,36.45445494452259,21.797246654952094,31.14280887234481,37.657525979778406,37.43223097191019,21.174373843326062
2019-07-01,Hyderabad,3,18.32,True,28.41,27.669999999999998,16.91,36.50162657247601,21.454354629301896,30.50946824308791,38.1082746486336,38.34066101719613,21.84971194692433
2019-07-02,Hyderabad,3,17.75,True,28.41,24.010000000000005,16.48,36.54828212293915,21.12136940390225,30.79620724171655,36.85236318684801,38.77348951495374,22.066879303247052
2019-07-03,Hyderabad,3,20.08,True,28.41,35.63000000000001,16.28,36.59442660116525,20.798461374249,31.624376135002443,37.332029270227764,38.02659049165903,22.97466715646351
2019-07-04,Hyderabad,3,17.71,True,28.41,35.669999999999995,15.969999999999999,36.64006494902859,20.485784766299496,31.2302871159535,37.677228688281815,37.76566133855142,22.589394703285475
2019-07-05,Hyderabad,3,16.27,True,28.41,28.41,13.219999999999997,36.68520206180831,20.183478291986948,30.615493916897538,37.4497725116936,37.777687636145394,22.285048268424088
2019-07-06,Hyderabad,3,15.95,True,28.41,34.949999999999996,20.049999999999997,36.72984279622712,19.89166588250111,30.97785266464961,36.47675088424669,37.435878002186094,22.102557123041343
2019-07-07,Hyderabad,3,15.22,True,28.41,44.330000000000005,22.739999999999995,36.77399197424436,19.61045748656201,31.14280887234481,35.94324710468785,37.553694255800785,21.32222826498193
2019-02-08,Hyderabad,4,58.24,True,58.460000000000015,66.43999999999998,46.18000000000001,58.71779384774303,61.69067853941608,61.55655730211845,59.44681667982579,58.47590598205048,64.58945740614024
2019-02-09,Hyderabad,4,55.67,True,58.460000000000015,62.22,50.05,58.71668942076896,63.698669721442286,62.979344250784514,59.907934641261676,58.87616307111869,64.78876264010913
2019-02-10,Hyderabad,4,58.82,True,58.460000000000015,60.259999999999984,52.28,58.59150826135594,64.76368732353012,62.85283248636435,59.089625920159826,58.080465526006044,63.131679564793984
2019-02-11,Hyderabad,4,58.64,True,58.460000000000015,63.750000000000014,50.55,58.40816898661707,65.12241151939254,62.387319212636925,59.32114283697894,57.73681553571535,65.32661869891577
2019-02-12,Hyderabad,4,64.14,True,58.460000000000015,63.25999999999999,54.34000000000002,58.198652667093796,65.65605320697307,59.645083942275555,57.563769443584384,56.69601915479861,65.63645019116078
2019-02-13,Hyderabad,4,64.94,True,58.460000000000015,68.06000000000002,46.38000000000001,57.97840373308878,65.76806399093465,62.771823592562036,58.74432975075151,56.653886765727265,68.32289271094447
2019-02-14,Hyderabad,4,62.79,True,58.460000000000015,58.460000000000015,50.52000000000001,57.75485041284143,66.64886388990823,61.7457693505453,58.40787762236183,56.064478127263065,66.911009952345
2019-02-15,Hyderabad,4,38.84,True,58.460000000000015,66.43999999999998,52.879999999999995,57.53154492550269,66.68867715904936,61.55655730211845,58.33720542976041,55.52423019677481,66.01381508013722
2019-02-16,Hyderabad,4,48.34,True,58.460000000000015,62.22,51.84,57.31016791017819,66.79334438189287,62.979344250784514,58.910453358730706,57.60423596912886,65.31337416214747
2019-02-17,Hyderabad,4,45.12,True,58.460000000000015,60.259999999999984,49.86000000000001,57.09149715531203,66.90966115962314,62.85283248636435,58.94694948427661,56.64322104438167,62.72270469034133
2019-02-18,Hyderabad,4,65.14,True,58.460000000000015,63.750000000000014,55.86999999999998,56.875875389528034,67.01394529944929,62.387319212636925,57.894346650579195,56.67096152479697,63.940946873432964
2019-02-19,Hyderabad,4,55.8,True,58.460000000000015,63.25999999999999,46.21999999999999,56.66343608074757,67.09576794494807,59.645083942275555,57.68541109799802,55.973912017197996,63.294543547295916
2019-02-20,Hyderabad,4,35.07,True,58.460000000000015,68.06000000000002,47.64,56.45421240154755,67.15068193233928,62.771823592562036,57.722718181413974,55.54212972488741,64.94385120595832
2019-02-21,Hyderabad,4,39.32,True,58.460000000000015,58.460000000000015,54.760000000000005,56.2481898014936,67.17695812309529,61.7457693505453,58.781577930588675,54.93319325300874,62.74552737465459
2019-02-22,Hyderabad,4,44.63,True,58.460000000000015,66.43999999999998,57.850000000000016,56.045331362719104,67.17411805353575,61.55655730211845,57.738978068097424,54.89394727939654,61.14717681418749
2019-02-23,Hyderabad,4,57.13,True,58.460000000000015,62.22,56.989999999999995,55.845590020535155,67.14227357004167,62.979344250784514,58.08563946367076,55.00354227778407,59.853089162918714
2019-02-24,Hyderabad,4,46.64,True,58.460000000000015,60.259999999999984,43.57,55.64891444519273,67.08182919957343,62.85283248636435,59.70726980830341,54.68108185526304,56.96913585464548
2019-02-25,Hyderabad,4,49.41,True,58.460000000000015,63.750000000000014,43.37,55.45525186471223,66.99334748456253,62.387319212636925,57.63899559693977,54.946130195974945,57.68597131736313
2019-02-26,Hyderabad,4,54.83,True,58.460000000000015,63.25999999999999,56.87,55.26454941174872,66.87748742108984,59.645083942275555,57.859940679037344,55.73604425628855,56.84465753279643
2019-02-27,Hyderabad,4,57.06,True,58.460000000000015,68.06000000000002,57.660000000000025,55.0767547584905,66.73497558977,62.771823592562036,57.59311025194532,55.59232713795175,58.20215472420633
2019-02-28,Hyderabad,4,50.34,True,58.460000000000015,58.460000000000015,62.24999999999999,54.89181640833317,66.56659181973924,61.7457693505453,57.51041829777688,54.658491700663866,56.23990724137398
2019-03-01,Hyderabad,4,55.59,True,58.460000000000015,66.43999999999998,54.83999999999999,54.70968382230081,66.37316123652127,61.55655730211845,58.30765394566677,55.86868177865497,54.94369271456987
2019-03-02,Hyderabad,4,33.05,True,58.460000000000015,62.22,52.71999999999999,54.53030746610913,66.15554904691061,62.979344250784514,55.82798873900202,54.692526429858,54.03542072911571
2019-03-03,Hyderabad,4,35.27,True,58.460000000000015,60.259999999999984,51.59000000000001,54.353638819321354,65.91465643857681,62.85283248636435,56.80353657104021,53.96953891388189,51.779440505248495
2019-03-04,Hyderabad,4,40.97,True,58.460000000000015,63.750000000000014,54.719999999999985,54.17963036659296,65.65141688235451,62.387319212636925,56.31759766778672,54.42608942909802,52.88828802452498
2019-03-05,Hyderabad,4,59.27,True,58.460000000000015,63.25999999999999,47.43999999999999,54.008235580647984,65.36679253442908,59.645083942275555,56.07205265456599,54.99363575862305,52.651817037537676
2019-03-06,Hyderabad,4,62.5,True,58.460000000000015,68.06000000000002,47.970000000000006,53.83940890162852,65.06177061959467,62.771823592562036,56.73062123994512,55.52598215938948,54.53376561164262
2019-03-07,Hyderabad,4,66.8,True,58.460000000000015,58.460000000000015,50.78000000000001,53.673105715047505,64.73735975935618,61.7457693505453,55.12764816940442,54.750449190100184,53.351305114408575
2019-03-08,Hyderabad,4,66.34,True,58.460000000000015,66.43999999999998,53.81000000000002,53.50928232941017,64.39458624554595,61.55655730211845,54.55766921647247,54.34670010769057,52.80144666709089
2019-03-09,Hyderabad,4,49.68,True,58.460000000000015,62.22,57.27999999999998,53.34789595400746,64.03449027633582,62.979344250784514,55.856933880667356,55.81412124491304,52.616765737798
2018-10-11,Hyderabad,5,52.63,True,56.5,39.63,27.380000000000003,53.19083050252576,55.673277087444795,57.31200232408499,61.788618043648995,60.97818183951049,51.86314562106624
2018-10-12,Hyderabad,5,54.39,True,56.5,39.8,41.74000000000001,51.6332071887362,55.552068918918316,60.74744088227899,62.75691054560486,61.97962732939007,53.89996766368594
2018-10-13,Hyderabad,5,58.56,True,56.5,56.35999999999998,20.48,50.84295860943446,55.061598181437795,61.00639942383206,62.513864092679775,62.215209782817,56.010531651023854
2018-10-14,Hyderabad,5,54.35,True,56.5,65.91,33.31999999999999,50.400352372799624,55.01722625723311,59.87200950035242,62.60735290860553,62.565023223406484,56.51760609124061
2018-10-15,Hyderabad,5,58.24,True,56.5,64.44000000000003,35.589999999999996,50.11824532513404,55.35453421379388,56.9953808622882,63.38255411591651,62.645365581790585,60.65783961786728
2018-10-16,Hyderabad,5,53.26,True,56.5,60.06999999999997,81.29000000000003,49.91138665742089,55.82441873581549,55.735610202945175,63.20454285647124,62.847137921536486,63.400853677085095
2018-10-17,Hyderabad,5,41.03,True,56.5,56.5,72.18000000000004,49.74053583283887,56.26005534438901,59.75950591326114,64.25905997135902,62.969825961925125,68.47858354795925
2018-10-18,Hyderabad,5,40.35,True,56.5,39.63,69.53000000000003,49.58753352855642,56.60824725164332,57.31200232408499,63.92929743316745,63.72585727397586,69.39980050074989
2018-10-19,Hyderabad,5,43.99,True,56.5,39.8,75.46000000000002,49.44394659320209,56.93677948967109,60.74744088227899,65.56338205008036,63.57618735346078,71.0775930893266
2018-10-20,Hyderabad,5,58.44,True,56.5,56.35999999999998,78.69000000000001,49.30584405096497,57.25427709376496,61.00639942383206,65.62725449210899,63.47246980470591,72.51756255106967
2018-10-21,Hyderabad,5,61.34,True,56.5,65.91,67.17999999999998,49.171382377783786,57.564059981175824,59.87200950035242,66.43890380244768,64.31452702970648,71.60495253779293
2018-10-22,Hyderabad,5,66.82,True,56.5,64.44000000000003,65.39,49.03968682997065,57.867170924281716,56.9953808622882,65.78202452528575,63.89115789077559,74.9563506402927
2018-10-23,Hyderabad,5,67.12,True,56.5,60.06999999999997,53.78000000000002,48.91033264115011,58.163696643548256,55.735610202945175,66.41922889184242,63.49980600911111,76.22360354755074
2018-10-24,Hyderabad,5,67.52,True,56.5,56.5,63.349999999999994,48.78310428973661,58.45334347737912,59.75950591326114,66.02319201072275,63.613580058724565,79.92512165645132
2018-10-25,Hyderabad,5,60.72,True,56.5,39.63,74.57000000000002,48.65788376161483,58.73568789222046,57.31200232408499,67.26349308181587,63.07701236146745,78.5262432299979
2018-10-26,Hyderabad,5,48.68,True,56.5,39.8,66.55,48.534598674690926,59.010285185713435,60.74744088227899,66.68986810937788,62.682006734683576,77.89263353919812
2018-10-27,Hyderabad,5,57.44,True,56.5,56.35999999999998,64.05000000000001,48.413198188459326,59.27671630725666,61.00639942383206,65.91152979701337,62.78712921538449,76.94404023431795
2018-10-28,Hyderabad,5,56.51,True,56.5,65.91,71.27000000000001,48.293641811545015,59.53460762029837,59.87200950035242,66.49877727976043,63.19959109447308,73.58366392335742
2018-10-29,Hyderabad,5,56.02,True,56.5,64.44000000000003,70.45999999999998,48.175894197098394,59.78363877610986,56.9953808622882,66.88951671829987,62.597433049401985,74.67031507019854
2018-10-30,Hyderabad,5,57.32,True,56.5,60.06999999999997,66.92000000000002,48.05992271829563,60.023545306560706,55.735610202945175,66.6504596951978,62.93381183604217,73.72264674602096
2018-10-31,Hyderabad,5,56.98,True,56.5,56.5,63.379999999999995,47.945696334786255,60.254118814850614,59.75950591326114,66.87398261510555,62.066055811421705,75.2123080500086
2018-11-01,Hyderabad,5,50.87,True,56.5,39.63,68.20999999999998,47.8331850587296,60.475206020545144,57.31200232408499,66.6423642101662,60.93103239674802,72.08199052150923
2018-11-02,Hyderabad,5,34.07,True,56.5,39.8,69.73000000000002,47.722359699433035,60.686707209939286,60.74744088227899,67.5803194357058,61.12985837449775,69.95859682877534
2018-11-03,Hyderabad,5,25.96,True,56.5,56.35999999999998,66.51000000000003,47.61319173755326,60.88857433686473,61.00639942383206,67.301096779103,61.08747827952731,67.84780274322307
2018-11-04,Hyderabad,5,24.88,True,56.5,65.91,49.61999999999998,47.50565325965522,61.080808886979334,59.87200950035242,67.33611675746967,60.89224079374323,63.93554209294517
2018-11-05,Hyderabad,5,32.8,True,56.5,64.44000000000003,32.45,47.399716920988375,61.263459561995745,56.9953808622882,68.29509963203935,61.18246647430027,64.18874396756591
2018-11-06,Hyderabad,5,44.66,True,56.5,60.06999999999997,29.330000000000002,47.29535592155053,61.43661981646411,55.735610202945175,67.19444832728873,61.42682408430742,62.94799803410308
2018-11-07,Hyderabad,5,54.63,True,56.5,56.5,34.959999999999994,47.19254398850145,61.600425269952595,59.75950591326114,68.04182202266381,61.50945357031556,64.05001940635685
2018-11-08,Hyderabad,5,59.82,True,56.5,39.63,38.84,47.091255361698096,61.75505101366945,57.31200232408499,68.04882904236335,61.713425899432266,61.45386474476796
2018-11-09,Hyderabad,5,64.36,True,56.5,39.8,39.57,46.99146478084821,61.900708829202344,60.74744088227899,67.73294349752815,61.58714860786478,59.936640656879185
2020-06-02,Lucknow,0,48.38,True,47.72,71.23,76.35999999999997,50.884209064212556,51.57212713784149,49.469109137432014,62.488494962273116,54.906102054609654,52.293944976337144
2020-06-03,Lucknow,0,65.45,True,47.72,107.05000000000001,95.09,52.86673586741353,55.11068758406226,51.53744506881746,68.71042209554334,54.86620910867476,51.3552780898055
2020-06-04,Lucknow,0,61.74,True,47.72,38.919999999999995,84.49,54.13680387229263,54.3829418827484,44.58403964922812,69.96656430720277,53.99127255825373,52.099830827390846
2020-06-05,Lucknow,0,51.38,True,47.72,46.61000000000001,102.45000000000003,54.99065537905413,56.14930182315759,44.42853455776294,66.15589009580945,52.3490659755967,51.52383463762205
2020-06-06,Lucknow,0,31.01,True,47.72,46.72,47.489999999999995,55.60523708901603,57.218513872489986,41.89259974522302,65.17739708562264,49.430763105564445,51.77715001261342
2020-06-07,Lucknow,0,29.99,True,47.72,37.56,61.01000000000002,56.083210185570096,57.38787865631832,44.65685106378284,67.16713657001912,49.480589583195645,51.734833320595634
2020-06-08,Lucknow,0,53.23,True,47.72,47.72,82.55000000000003,56.48320700510303,58.637261474744086,45.583319722913984,60.62892596349605,50.67576791792619,52.26298753574936
2020-06-09,Lucknow,0,79.9,True,47.72,71.23,84.50999999999998,56.838425245996504,59.28235712704679,49.469109137432014,72.45858050373073,51.09240402948496,52.90587984251445
2020-06-10,Lucknow,0,91.02,True,47.72,107.05000000000001,72.90999999999998,57.16757098674308,59.72233044739401,51.53744506881746,66.12470956238305,50.31990260212475,51.51399974394574
2020-06-11,Lucknow,0,79.09,True,47.72,38.919999999999995,59.03999999999997,57.48115590015995,60.004715239904314,44.58403964922812,70.80766332018915,51.75945852854769,51.73610430526714
2020-06-12,Lucknow,0,71.59,True,47.72,46.61000000000001,94.34000000000003,57.785077573176004,60.15937770048621,44.42853455776294,66.48843621817171,55.02058238526884,50.57495080716891
2020-06-13,Lucknow,0,51.8,True,47.72,46.72,75.84,58.08264170756992,60.20673204114159,41.89259974522302,64.1864497063168,59.112747497157876,50.1680905452645
2020-06-14,Lucknow,0,41.87,True,47.72,37.56,115.06,58.37570009336798,60.161882696857916,44.65685106378284,65.63540988498407,62.26315590017112,49.416673116603135
2020-06-15,Lucknow,0,46.39,True,47.72,47.72,66.13,58.665289671415486,60.0367315286324,45.583319722913984,66.32423021484264,67.83335919524028,49.15792693879571
2020-06-16,Lucknow,0,31.6,True,47.72,71.23,58.22999999999998,58.95199099482087,59.84107751853684,49.469109137432014,69.65114551105842,67.36295636261609,48.95460008400559
2020-06-17,Lucknow,0,39.69,True,47.72,107.05000000000001,66.79999999999997,59.236129157233314,59.583218386535975,51.53744506881746,73.92306699873292,70.43301834901332,46.85337013616768
2020-06-18,Lucknow,0,35.98,True,47.72,38.919999999999995,78.08,59.51788637112804,59.270304092524945,44.58403964922812,74.4958419958553,71.28442282550431,46.22929112386633
2020-06-19,Lucknow,0,35.25,True,47.72,46.61000000000001,60.92999999999999,59.79736502627014,58.90856406516544,44.42853455776294,65.25945487327913,74.10883953033257,44.38160600136338
2020-06-20,Lucknow,0,36.49,True,47.72,46.72,81.43999999999998,60.074623002643854,58.503467374077836,41.89259974522302,71.56264424891326,72.04771806932156,43.23444656703328
2020-06-21,Lucknow,0,29.43,True,47.72,37.56,82.08000000000003,60.34969344141332,58.05984470621184,44.65685106378284,67.77916449914933,69.48064914903256,41.83067507688011
2020-06-22,Lucknow,0,29.44,True,47.72,47.72,41.2,60.62259581126375,57.58198640245144,45.583319722913984,60.8935563256683,64.10957656373813,40.894620466049986
2020-06-23,Lucknow,0,34.52,True,47.72,71.23,71.25999999999999,60.89334210011386,57.073723829390026,49.469109137432014,61.977799724380304,57.938453598082475,40.0555074367793
2020-06-24,Lucknow,0,45.74,True,47.72,107.05000000000001,63.03,61.16194027728348,56.53849803829475,51.53744506881746,71.1708888682215,54.879263785080866,37.738656780432684
2020-06-25,Lucknow,0,54.97,True,47.72,38.919999999999995,73.64999999999998,61.42839622739458,55.979418078882404,44.58403964922812,69.63300431761606,46.97395019193873,36.709811240549996
2020-06-26,Lucknow,0,38.9,True,47.72,46.61000000000001,79.53999999999999,61.69271482868199,55.39931056805564,44.42853455776294,65.57559556290404,43.38000287968114,34.794685085754416
2020-06-27,Lucknow,0,32.23,True,47.72,46.72,91.72999999999996,61.95490055235877,54.80076172521681,41.89259974522302,66.16589701658087,42.034525258843196,33.52881237115042
2020-06-28,Lucknow,0,34.58,True,47.72,37.56,108.96000000000004,62.21495779391588,54.18615287065392,44.65685106378284,63.11206088877706,41.28094894592801,32.15401464235723
2020-06-29,Lucknow,0,30.19,True,47.72,47.72,87.76000000000005,62.4728910544169,53.55769024694368,45.583319722913984,69.27865155171797,37.75784301106997,31.229677140193928
2020-06-30,Lucknow,0,38.27,True,47.72,71.23,67.45000000000003,62.72870503787917,52.91742992269264,49.469109137432014,70.77422481671341,36.512352063694074,30.46341417638401
2020-07-01,Lucknow,0,34.97,True,47.72,107.05000000000001,75.85,62.98240470174085,52.26729845461517,51.53744506881746,71.58064317261821,28.54479688462165,28.647191718730962
2020-02-03,Lucknow,1,126.7,True,102.35000000000001,150.68999999999997,181.48000000000005,103.33000999956313,109.61940988885152,106.88006358170215,112.79774933237161,104.79056664484565,116.04238328717078
2020-02-04,Lucknow,1,151.07,True,102.35000000000001,168.34,133.58000000000007,103.80703295629509,115.21664974025396,113.08829632782712,111.52639294342298,105.32476003159358,116.40791633260224
2020-02-05,Lucknow,1,126.3,True,102.35000000000001,137.5,173.32999999999996,104.00002812443876,118.04740097991929,113.43585920154851,113.7331890005447,108.31080761068738,112.452536195448
2020-02-06,Lucknow,1,117.93,True,102.35000000000001,52.71999999999999,204.16999999999993,104.03404445726778,116.66996583352676,99.0161475329429,111.1827020935436,113.29811310633292,113.5037148357603
2020-02-07,Lucknow,1,144.71,True,102.35000000000001,70.64000000000001,70.36000000000001,103.9798195560275,120.05551804751285,97.0129789248548,111.14805547283572,119.47340736593662,110.85975826735125
2020-02-08,Lucknow,1,127.6,True,102.35000000000001,111.68999999999998,87.56999999999996,103.87715270972905,123.70857706675201,104.24208827429707,112.58084228960367,120.4134866752666,111.31720730096731
2020-02-09,Lucknow,1,135.9,True,102.35000000000001,102.35000000000001,81.51,103.74836470198721,124.48498554892313,99.52171469751687,110.98750453295888,120.65404458257036,109.20441422587842
2020-02-10,Lucknow,1,128.8,True,102.35000000000001,150.68999999999997,70.82999999999997,103.60594704488362,125.69162488475402,106.88006358170215,112.65151820325922,124.71348082084234,109.49348681695294
2020-02-11,Lucknow,1,125.22,True,102.35000000000001,168.34,101.70000000000002,103.45687773297334,126.50492601857745,113.08829632782712,110.2643882337034,126.89299079780243,109.42557492485014
2020-02-12,Lucknow,1,117.26,True,102.35000000000001,137.5,129.67000000000002,103.30504652622525,127.01595845050039,113.43585920154851,111.32901259277695,131.27977227374052,105.2653413568161
2020-02-13,Lucknow,1,105.78,True,102.35000000000001,52.71999999999999,171.13999999999996,103.15261485258785,127.28517023509988,99.0161475329429,108.89771124568591,127.82626553801782,105.775715425948
2020-02-14,Lucknow,1,102.62,True,102.35000000000001,70.64000000000001,206.21,103.0007773966947,127.35637652620761,97.0129789248548,109.61246562169339,128.51339514480117,102.8294375240484
2020-02-15,Lucknow,1,78.38,True,102.35000000000001,111.68999999999998,111.88000000000002,102.85018832389478,127.26346743684579,104.24208827429707,108.49346654891445,129.90210187864344,102.76609571248895
2020-02-16,Lucknow,1,118.46,True,102.35000000000001,102.35000000000001,66.67000000000003,102.70119972703694,127.03375109563379,99.52171469751687,111.42408868330504,129.2695829226254,100.34250069033536
2020-02-17,Lucknow,1,131.9,True,102.35000000000001,150.68999999999997,85.17,102.55399499475557,126.68974135642587,106.88006358170215,108.96882085550266,129.90871845840252,100.15464059193486
2020-02-18,Lucknow,1,94.18,True,102.35000000000001,168.34,82.72000000000003,102.40866339754861,126.25021583715794,113.08829632782712,109.31512059470042,133.67628269839238,99.66983278641874
2020-02-19,Lucknow,1,109.26,True,102.35000000000001,137.5,119.84000000000005,102.2652417959886,125.730918349961,113.43585920154851,108.97202326503971,134.1629096663877,95.51046646299592
2020-02-20,Lucknow,1,110.53,True,102.35000000000001,52.71999999999999,168.14999999999995,102.12373796142536,125.14507504499257,99.0161475329429,108.08753290564489,132.05940833524187,95.65531418686645
2020-02-21,Lucknow,1,76.06,True,102.35000000000001,70.64000000000001,102.75999999999999,101.98414361361483,124.50380174060147,97.0129789248548,107.20881510351093,130.8073592977995,92.73496740254475
2020-02-22,Lucknow,1,43.32,True,102.35000000000001,111.68999999999998,135.37,101.84644170773556,123.81643908193095,104.24208827429707,109.05899940238386,131.38578225962556,92.48805866534803
2020-02-23,Lucknow,1,112.99,True,102.35000000000001,102.35000000000001,71.88999999999999,101.71061050552665,123.09083413474971,99.52171469751687,108.67390119227592,127.91536860604066,90.18660800072867
2020-02-24,Lucknow,1,100.96,True,102.35000000000001,150.68999999999997,71.83,101.57662584805509,122.33357904294277,106.88006358170215,111.42373171394655,130.6383994432327,89.97112186183121
2020-02-25,Lucknow,1,50.83,True,102.35000000000001,168.34,103.62000000000003,101.44446242283065,121.55021377157452,113.08829632782712,105.73942025572592,132.44598443282877,89.56227815373141
2020-02-26,Lucknow,1,43.62,True,102.35000000000001,137.5,105.19000000000003,101.31409446858878,120.7453982193089,113.43585920154851,108.5093212998162,133.55554156291805,85.91783934465417
2020-02-27,Lucknow,1,50.0,True,102.35000000000001,52.71999999999999,56.13000000000001,101.18549616566658,119.92305803129703,99.0161475329429,107.20567310549067,132.96808560552495,86.21658555868517
2020-02-28,Lucknow,1,63.36,True,102.35000000000001,70.64000000000001,41.13000000000001,101.05864185062126,119.08650781943496,97.0129789248548,106.78255488763324,132.33588287936507,83.81136166743282
2020-02-29,Lucknow,1,76.54,True,102.35000000000001,111.68999999999998,80.96999999999997,100.933506132635,118.23855501518011,104.24208827429707,107.67248697790139,128.6115638851213,83.88048694544611
2020-03-01,Lucknow,1,66.13,True,102.35000000000001,102.35000000000001,150.96999999999994,100.81006395506876,117.38158716931873,99.52171469751687,105.93788007014068,132.77166801774263,82.13329660032252
2020-03-02,Lucknow,1,65.34,True,102.35000000000001,150.68999999999997,142.49000000000004,100.68829062641781,116.51764514766559,106.88006358170215,107.32276633687621,132.3563570512632,82.32945211762782
2020-03-03,Lucknow,1,77.06,True,102.35000000000001,168.34,95.71999999999997,100.56816183423041,115.64848434349665,113.08829632782712,109.26148568959633,133.31489630824592,82.38965048635036
2019-10-06,Lucknow,2,64.84,True,63.47999999999996,16.059999999999995,123.49999999999996,50.66805477525035,62.12165423781027,50.37221379398057,51.27813257712916,68.58230654789766,50.5989539201073
2019-10-07,Lucknow,2,80.3,True,63.47999999999996,17.440000000000005,133.76999999999995,44.91069705951962,63.39434039836503,52.123652006298954,53.1136215112522,66.56544060376704,53.47091904695397
2019-10-08,Lucknow,2,84.3,True,63.47999999999996,30.24,106.13999999999996,42.181692551336155,66.38153891809459,55.62112696688561,57.286588385232186,63.93777405477027,56.7153296750185
2019-10-09,Lucknow,2,89.18,True,63.47999999999996,29.31,89.92000000000003,40.904474544209684,69.39525883239358,53.84420388952006,59.89011502056477,53.710891204197985,57.84686337624687
2019-10-10,Lucknow,2,63.28,True,63.47999999999996,36.24999999999999,124.48000000000002,40.3690886202507,73.0017017450265,55.52111475160589,63.311732616134634,54.30805026192376,63.171686274472435
2019-10-11,Lucknow,2,84.96,True,63.47999999999996,40.550000000000004,114.23999999999998,40.226621790100566,76.66466257668968,53.349574783107606,68.6590912526441,54.47206890180361,66.36588118515883
2019-10-12,Lucknow,2,70.45,True,63.47999999999996,63.47999999999996,75.05000000000003,40.296360766715345,80.83516332686904,52.063806378546936,68.43899332487821,62.72034009269583,71.10654083072087
2019-10-13,Lucknow,2,85.66,True,63.47999999999996,16.059999999999995,65.19,40.48181191704302,84.46070912525155,50.37221379398057,74.76768358114698,68.92669581398079,74.5616020218007
2019-10-14,Lucknow,2,92.1,True,63.47999999999996,17.440000000000005,87.21000000000001,40.730550272500224,88.15631305910767,52.123652006298954,75.16849376568119,73.53858919174387,79.32628232183731
2019-10-15,Lucknow,2,84.95,True,63.47999999999996,30.24,105.48999999999995,41.01381304916311,91.88786072411847,55.62112696688561,80.86069838643613,74.47345563849106,84.45838267417993
2019-10-16,Lucknow,2,88.51,True,63.47999999999996,29.31,121.24000000000001,41.31573090579444,95.63900189034847,53.84420388952006,86.0414044072211,83.25632493537718,86.23560564118208
2019-10-17,Lucknow,2,100.53,True,63.47999999999996,36.24999999999999,128.29999999999995,41.627518230231146,99.40244276452849,55.52111475160589,89.90235867943407,84.8649707856726,93.96807668151713
2019-10-18,Lucknow,2,97.48,True,63.47999999999996,40.550000000000004,125.00999999999998,41.94429907109431,103.17536912916533,53.349574783107606,94.52040780760213,87.62982799882421,98.25118822178692
2019-10-19,Lucknow,2,100.9,True,63.47999999999996,63.47999999999996,123.98000000000005,42.263360757467545,106.95703427428775,52.063806378546936,98.82568672396845,85.70346917031107,104.48485428456097
2019-10-20,Lucknow,2,132.03,True,63.47999999999996,16.059999999999995,112.68999999999998,42.583189293885866,110.74748744303427,50.37221379398057,105.6687262191905,88.29689567459647,108.48951027902314
2019-10-21,Lucknow,2,130.14,True,63.47999999999996,17.440000000000005,116.62000000000002,42.90293543745836,114.54690508207668,52.123652006298954,107.93498056959753,87.18058433184214,114.03091911628188
2019-10-22,Lucknow,2,132.12,True,63.47999999999996,30.24,123.77,43.22211882970613,118.35524182308518,55.62112696688561,114.74972681745264,88.08288957281813,119.70725648771571
2019-10-23,Lucknow,2,136.04,True,63.47999999999996,29.31,129.94999999999996,43.5404639479122,122.17205201486382,53.84420388952006,119.22097422865345,86.41229002937021,120.32423087854009
2019-10-24,Lucknow,2,119.54,True,63.47999999999996,36.24999999999999,166.66999999999993,43.85780911949765,125.99640310949636,55.52111475160589,120.27539175545473,91.66145649537326,128.8627222650219
2019-10-25,Lucknow,2,92.62,True,63.47999999999996,40.550000000000004,189.47999999999993,44.17405605245241,129.826839304663,53.349574783107606,131.00493088996086,83.92760297175266,132.29177198948886
2019-10-26,Lucknow,2,74.94,True,63.47999999999996,63.47999999999996,168.41000000000005,44.48914183849755,133.66137336855755,52.063806378546936,129.987106207499,80.23951849033831,138.0137668784605
2019-10-27,Lucknow,2,115.56,True,63.47999999999996,16.059999999999995,174.26999999999998,44.80302342209366,137.4974948552882,50.37221379398057,138.01276037746865,82.06974826064815,140.51759190001505
2019-10-28,Lucknow,2,212.66,True,63.47999999999996,17.440000000000005,163.72999999999996,45.11566898441934,141.3321883427242,52.123652006298954,146.81621285780977,82.46138894979424,144.78745856687576
2019-10-29,Lucknow,2,172.24,True,63.47999999999996,30.24,165.77999999999994,45.42705316302605,145.16195819537546,55.62112696688561,153.92735327581676,91.21191354740971,149.0117711651972
2019-10-30,Lucknow,2,180.88,True,63.47999999999996,29.31,147.83000000000004,45.73715439896614,148.98285788113859,53.84420388952006,155.33755881353673,94.58274511948112,146.8963906610172
2019-10-31,Lucknow,2,226.63,True,63.47999999999996,36.24999999999999,138.51999999999998,46.04595346382868,152.79052268634845,55.52111475160589,162.92610395239603,105.28329584885785,154.3627560597618
2019-11-01,Lucknow,2,239.79,True,63.47999999999996,40.550000000000004,146.28000000000003,46.353432641085995,156.580205110898,53.349574783107606,170.58192566777424,105.81264279603907,155.61850618917197
2019-11-02,Lucknow,2,296.73,True,63.47999999999996,63.47999999999996,186.57,46.65957527023371,160.3468124593357,52.063806378546936,177.02786119429675,112.17914961915554,159.57468434978946
2019-11-03,Lucknow,2,262.62,True,63.47999999999996,16.059999999999995,165.8,46.964365492050256,164.08494626720397,50.37221379398057,181.73879282878968,121.98216874434883,159.8697531082079
2019-11-04,Lucknow,2,382.96,True,63.47999999999996,17.440000000000005,139.27999999999994,47.267788105320584,167.78894326389678,52.123652006298954,186.17076982831108,127.45282717578749,162.28341595356022
2019-06-08,Lucknow,3,61.01,True,47.489999999999995,68.09,62.91000000000001,57.860850036199,54.73115252344992,57.31145485914392,65.74341580981893,53.49329306107127,78.30337717236706
2019-06-09,Lucknow,3,82.55,True,47.489999999999995,96.36999999999998,62.84999999999999,64.47016831250943,59.94984412857393,61.608063231950474,65.75190605110824,54.193578491355154,78.33818304319247
2019-06-10,Lucknow,3,84.51,True,47.489999999999995,76.35999999999997,54.83999999999999,68.45074456087693,61.45797536649689,62.48408389458025,64.88376978823685,57.24605033796152,78.58416166089486
2019-06-11,Lucknow,3,72.91,True,47.489999999999995,95.09,57.89999999999998,70.80341726220514,63.1273411697193,65.72917227574423,63.898852335864206,56.21092195661183,78.63635300547394
2019-06-12,Lucknow,3,59.04,True,47.489999999999995,84.49,71.02000000000001,72.20717593418888,63.22003340372717,64.24633479278083,62.64157510973583,55.4872899109611,75.53559780748914
2019-06-13,Lucknow,3,94.34,True,47.489999999999995,102.45000000000003,80.84999999999997,73.0747627128835,63.84313588835664,64.4704064514902,62.36347558485685,60.3435411715579,77.15945951991743
2019-06-14,Lucknow,3,75.84,True,47.489999999999995,47.489999999999995,100.82999999999996,73.64408503048195,61.562764516698195,60.33105407451263,61.239166586737575,63.052726296124334,75.41878021701908
2019-06-15,Lucknow,3,115.06,True,47.489999999999995,68.09,124.13000000000004,74.0485829096204,61.77549197301805,57.31145485914392,61.4896763209372,66.32680758207789,75.04793664505632
2019-06-16,Lucknow,3,66.13,True,47.489999999999995,96.36999999999998,126.34000000000002,74.36203325417829,61.67479139630328,61.608063231950474,61.00239268842529,69.91332785571906,73.55781073540511
2019-06-17,Lucknow,3,58.23,True,47.489999999999995,76.35999999999997,155.05,74.62491533738722,61.39823765077413,62.48408389458025,61.3183191459872,71.14712986173251,72.2226123667557
2019-06-18,Lucknow,3,66.8,True,47.489999999999995,95.09,127.74000000000004,74.8593493622323,61.01522250947032,65.72917227574423,60.040159090966426,70.88583606056075,70.69152511312063
2019-06-19,Lucknow,3,78.08,True,47.489999999999995,84.49,70.44000000000003,75.07739848412103,60.56186082465135,64.24633479278083,59.106532576667064,72.46938590245159,66.39604094913852
2019-06-20,Lucknow,3,60.93,True,47.489999999999995,102.45000000000003,90.30999999999999,75.28563590762789,60.05801384577177,64.4704064514902,59.42775075298832,77.64428170483855,66.32802754589092
2019-06-21,Lucknow,3,81.44,True,47.489999999999995,47.489999999999995,107.20000000000003,75.48764369684262,59.515491474435365,60.33105407451263,58.92820525510962,78.53929853375473,63.42323815851361
2019-06-22,Lucknow,3,82.08,True,47.489999999999995,68.09,86.55999999999997,75.68537594304166,58.941998625529685,57.31145485914392,58.37827125375864,75.52426350656621,61.791186644512116
2019-06-23,Lucknow,3,41.2,True,47.489999999999995,96.36999999999998,140.01000000000002,75.8799012172894,58.34304752045672,61.608063231950474,57.519699794162044,74.6000254074412,59.36251565117666
2019-06-24,Lucknow,3,71.26,True,47.489999999999995,76.35999999999997,63.36,76.07180659127816,57.72290009799093,62.48408389458025,58.74863840508419,59.6592015471421,57.213579117506185
2019-06-25,Lucknow,3,63.03,True,47.489999999999995,95.09,71.88999999999999,76.26141738401338,57.08504648913705,65.72917227574423,57.346044206621606,54.80962972453475,55.070335079470226
2019-06-26,Lucknow,3,73.65,True,47.489999999999995,84.49,83.14999999999996,76.44891664704654,56.43245944052157,64.24633479278083,56.385555136849526,48.52383841551956,50.963149075029236
2019-06-27,Lucknow,3,79.54,True,47.489999999999995,102.45000000000003,47.6,76.63441012150787,55.76773850635077,64.4704064514902,56.36583992884087,47.79623276357504,50.29517666653444
2019-06-28,Lucknow,3,91.73,True,47.489999999999995,47.489999999999995,50.14000000000001,76.8179615466599,55.09319826304355,60.33105407451263,56.12309925061157,49.93155262801564,47.62557167537014
2019-06-29,Lucknow,3,108.96,True,47.489999999999995,68.09,40.13000000000001,76.99961185016235,54.41092667332811,57.31145485914392,56.740714316074765,50.09834248222561,46.08301762260808
2019-06-30,Lucknow,3,87.76,True,47.489999999999995,96.36999999999998,39.74999999999999,77.17938957654556,53.72282642378395,61.608063231950474,55.40602333747571,49.74697386350534,44.096022546808605
2019-07-01,Lucknow,3,67.45,True,47.489999999999995,76.35999999999997,38.35,77.35731655317858,53.03064573841971,62.48408389458025,55.837689409719815,47.48564554665377,42.46113737077916
2019-07-02,Lucknow,3,75.85,True,47.489999999999995,95.09,56.83,77.5334109677147,52.336002137214344,65.72917227574423,55.67382521266175,46.49263860483003,40.95974516927042
2019-07-03,Lucknow,3,32.12,True,47.489999999999995,84.49,43.53999999999999,77.70768903870368,51.64040112571125,64.24633479278083,55.156928080945164,46.81853292232232,38.09568250714358
2019-07-04,Lucknow,3,42.34,True,47.489999999999995,102.45000000000003,29.949999999999992,77.88016592165779,50.94525105360904,64.4704064514902,54.705832171230064,46.03134726615909,37.91572827834719
2019-07-05,Lucknow,3,50.97,True,47.489999999999995,47.489999999999995,35.470000000000006,78.05085619966016,50.25187498339622,60.33105407451263,55.212449250501514,45.12648428289258,36.30429031288239
2019-07-06,Lucknow,3,31.56,True,47.489999999999995,68.09,69.98,78.219774148242,49.56152018396383,57.31145485914392,54.41724553363256,41.55673135886635,35.623581138669124
2019-07-07,Lucknow,3,20.26,True,47.489999999999995,96.36999999999998,96.52000000000004,78.38693387763689,48.875365723568144,61.608063231950474,54.59683008149481,36.505090529575966,34.65338815576828
2019-02-08,Lucknow,4,87.57,True,70.36000000000001,170.24,169.06000000000003,89.26801478903721,94.13590320599536,97.89713326741241,140.7645859745552,90.06315597569646,136.97002461638365
2019-02-09,Lucknow,4,81.51,True,70.36000000000001,165.90999999999994,137.15999999999994,101.09299187400431,108.4624724843483,98.24687881779838,141.32519240908,101.32990548996614,138.22841860516567
2019-02-10,Lucknow,4,70.83,True,70.36000000000001,181.48000000000005,123.17,107.83160940930163,117.27497401503342,107.23468263843661,141.17358144201367,113.15295862438974,136.6735278408736
2019-02-11,Lucknow,4,101.7,True,70.36000000000001,133.58000000000007,125.91999999999999,111.4419972765681,121.06528590603573,100.79585749677612,136.44628311582292,136.21660893090274,135.2514544645182
2019-02-12,Lucknow,4,129.67,True,70.36000000000001,173.32999999999996,124.69000000000005,113.26788576234867,125.83814491752752,100.72786693648946,135.621677288491,151.3034046762976,133.14910601436648
2019-02-13,Lucknow,4,171.14,True,70.36000000000001,204.16999999999993,115.86999999999996,114.11460583407656,129.091561570211,102.05209937586523,138.27821542871766,156.7651658795705,126.93433874401228
2019-02-14,Lucknow,4,206.21,True,70.36000000000001,70.36000000000001,120.76000000000002,114.43541359709872,125.47239872334623,103.18397797178528,137.7273004416451,155.8365083441701,128.98107534241322
2019-02-15,Lucknow,4,111.88,True,70.36000000000001,170.24,148.44000000000003,114.4775451469663,128.107069647555,97.89713326741241,137.3221608673021,161.02967896529324,127.05468623275073
2019-02-16,Lucknow,4,66.67,True,70.36000000000001,165.90999999999994,225.9300000000001,114.37370001406073,129.6089074815771,98.24687881779838,136.51604403177694,170.82086076889428,127.60179493232752
2019-02-17,Lucknow,4,85.17,True,70.36000000000001,181.48000000000005,226.87000000000003,114.19449621028795,130.45370158315387,107.23468263843661,136.25041282583825,170.9769274115916,125.54958042171171
2019-02-18,Lucknow,4,82.72,True,70.36000000000001,133.58000000000007,194.03000000000006,113.97733596212616,130.87118007144016,100.79585749677612,131.14401434057544,171.2493995945759,123.64428775535924
2019-02-19,Lucknow,4,119.84,True,70.36000000000001,173.32999999999996,199.58000000000007,113.74196937332401,130.98241114635871,100.72786693648946,131.3990893481446,161.55296624856587,121.15666064067834
2019-02-20,Lucknow,4,168.15,True,70.36000000000001,204.16999999999993,143.77999999999994,113.49879872720484,130.85927209800207,102.05209937586523,132.388602455707,150.25175406531082,114.99471219977508
2019-02-21,Lucknow,4,102.76,True,70.36000000000001,70.36000000000001,228.66000000000005,113.25328544821556,130.54988422229152,103.18397797178528,136.65364091246593,141.50720325762035,116.3871953395122
2019-02-22,Lucknow,4,135.37,True,70.36000000000001,170.24,233.23999999999992,113.00828219527683,130.08962680432276,97.89713326741241,131.99178472685634,130.94564035541862,114.24830239743966
2019-02-23,Lucknow,4,71.89,True,70.36000000000001,165.90999999999994,228.20999999999995,112.7652651438374,129.50610551644252,98.24687881779838,132.7498085850484,128.87672502249936,114.40650965153627
2019-02-24,Lucknow,4,71.83,True,70.36000000000001,181.48000000000005,198.74999999999994,112.5249846228702,128.82157847548172,107.23468263843661,132.6816000228729,136.88877632218515,112.30931388869142
2019-02-25,Lucknow,4,103.62,True,70.36000000000001,133.58000000000007,183.89999999999995,112.2878085075394,128.05429067534465,100.79585749677612,132.37648769691688,130.13188034476954,110.42995844336043
2019-02-26,Lucknow,4,105.19,True,70.36000000000001,173.32999999999996,101.97000000000001,112.05390341424234,127.21931581309585,100.72786693648946,129.54581445314045,129.05439989276803,108.11726650219032
2019-02-27,Lucknow,4,56.13,True,70.36000000000001,204.16999999999993,76.70999999999998,111.82333029625794,126.32915445000171,102.05209937586523,129.22165557388263,133.9399010763904,102.60843328454123
2019-02-28,Lucknow,4,41.13,True,70.36000000000001,70.36000000000001,107.98999999999998,111.59609487137752,125.39419446443846,103.18397797178528,129.89515743448555,135.5148410492833,103.92919931021743
2019-03-01,Lucknow,4,80.97,True,70.36000000000001,170.24,114.93999999999998,111.37217421752182,124.42308150728438,97.89713326741241,131.82980961652433,133.75780083383745,102.17241820008731
2019-03-02,Lucknow,4,150.97,True,70.36000000000001,165.90999999999994,111.57,111.15153079425956,123.42302331897689,98.24687881779838,123.75484231073824,134.15240461091125,102.54675235913402
2019-03-03,Lucknow,4,142.49,True,70.36000000000001,181.48000000000005,94.85999999999999,110.93411983017472,122.40004176808469,107.23468263843661,126.63969776629766,133.1759236638921,100.96568752564797
2019-03-04,Lucknow,4,95.72,True,70.36000000000001,133.58000000000007,96.12,110.71989321010402,121.3591820143058,100.79585749677612,123.28985876258055,130.3121489016856,99.63575317889543
2019-03-05,Lucknow,4,94.8,True,70.36000000000001,173.32999999999996,91.03999999999999,110.50880151582236,120.30468595756372,100.72786693648946,122.56449441302526,130.503324808072,97.95854922557876
2019-03-06,Lucknow,4,85.41,True,70.36000000000001,204.16999999999993,141.46000000000004,110.30079509264706,119.24013579498575,102.05209937586523,124.37034612269947,126.49745080304821,93.40050930954847
2019-03-07,Lucknow,4,107.74,True,70.36000000000001,70.36000000000001,133.79999999999998,110.09582460231074,118.16857255793754,103.18397797178528,120.0469592230047,124.22014604558034,95.0864761741158
2019-03-08,Lucknow,4,134.05,True,70.36000000000001,170.24,170.76,109.89384130500032,117.09259374648674,97.89713326741241,119.4875944423643,125.1063125210015,93.98106582623629
2019-03-09,Lucknow,4,95.73,True,70.36000000000001,165.90999999999994,140.81000000000006,109.6947971987267,116.01443354423148,98.24687881779838,122.71695681987912,123.03387741814201,94.84933058498763
2018-10-11,Lucknow,5,114.24,True,124.48000000000002,116.80999999999996,73.40999999999997,114.04807000094543,119.06836839048457,121.99168461872755,129.0833331133942,127.53027187873977,93.14095348352062
2018-10-12,Lucknow,5,75.05,True,124.48000000000002,97.28000000000004,95.02000000000002,108.87738874608402,116.49432081398201,117.27924500867633,137.83069460669114,143.22567785150366,98.60022305285436
2018-10-13,Lucknow,5,65.19,True,124.48000000000002,123.49999999999996,140.41000000000005,106.18940886415555,117.2197164793715,126.29883688891519,144.6421254192705,139.67464708948822,106.75944833795153
2018-10-14,Lucknow,5,87.21,True,124.48000000000002,133.76999999999995,138.30999999999997,104.7276089383436,118.43364909095214,127.84626204895946,146.92548046141576,141.17299651921405,111.89369781982602
2018-10-15,Lucknow,5,105.49,True,124.48000000000002,106.13999999999996,128.71000000000006,103.88671166779292,119.08240627463503,121.05648593887256,153.42175840190092,148.6713551943136,118.80673664410851
2018-10-16,Lucknow,5,121.24,True,124.48000000000002,89.92000000000003,169.38000000000005,103.36484877644942,120.30500164010294,112.1368394356974,155.92931166950228,156.94416022452828,124.2757465618696
2018-10-17,Lucknow,5,128.3,True,124.48000000000002,124.48000000000002,176.38000000000005,103.0086329929151,123.536721695222,111.74664591582919,157.91645188422225,154.84731257332365,125.59810011433304
2018-10-18,Lucknow,5,125.01,True,124.48000000000002,116.80999999999996,194.3100000000001,102.7393426779461,125.64637425866938,121.99168461872755,163.79075600818604,153.69512160548373,137.06022158314602
2018-10-19,Lucknow,5,123.98,True,124.48000000000002,97.28000000000004,173.49999999999994,102.51635616566388,128.0328576265921,117.27924500867633,169.31142172430407,153.38090982112516,144.5094879795431
2018-10-20,Lucknow,5,112.69,True,124.48000000000002,123.49999999999996,172.86999999999992,102.31864472609945,130.61900050011022,126.29883688891519,174.82590674468108,147.95410934257885,155.45991220168915
2018-10-21,Lucknow,5,116.62,True,124.48000000000002,133.76999999999995,130.42000000000002,102.13529668944567,133.36133035087818,127.84626204895946,174.11183876490315,150.62515945660314,161.54181667372086
2018-10-22,Lucknow,5,123.77,True,124.48000000000002,106.13999999999996,229.02999999999994,101.96063585493955,136.23268709030003,121.05648593887256,182.25795620440394,152.45036666875257,169.69631440148942
2018-10-23,Lucknow,5,129.95,True,124.48000000000002,89.92000000000003,196.91000000000005,101.79169856761173,139.21397579887372,112.1368394356974,188.0675004667338,153.83459912847482,175.29417513886605
2018-10-24,Lucknow,5,166.67,True,124.48000000000002,124.48000000000002,199.31000000000003,101.62692759487011,142.2902064372327,111.74664591582919,188.64463280078425,157.90642484440653,174.67000278765298
2018-10-25,Lucknow,5,189.48,True,124.48000000000002,116.80999999999996,209.08999999999995,101.46549533380649,145.44856469714824,121.99168461872755,194.49058175450946,160.4149942913385,187.62912995941608
2018-10-26,Lucknow,5,168.41,True,124.48000000000002,97.28000000000004,204.11999999999998,101.30695294675368,148.67745408159345,117.27924500867633,198.0407657964955,167.2976019423137,194.51339592103514
2018-10-27,Lucknow,5,174.27,True,124.48000000000002,123.49999999999996,161.98,101.15104841417461,151.96600768298794,126.29883688891519,204.69964752812686,170.66559060549014,205.54624378477158
2018-10-28,Lucknow,5,163.73,True,124.48000000000002,133.76999999999995,171.39,100.99763216508019,155.30383090635323,127.84626204895946,208.1054955596411,169.6929540387719,209.67005306768363
2018-10-29,Lucknow,5,165.78,True,124.48000000000002,106.13999999999996,184.47000000000006,100.84660812286532,158.68086070495306,121.05648593887256,207.5915234060583,166.04882464196106,216.11499748552143
2018-10-30,Lucknow,5,147.83,True,124.48000000000002,89.92000000000003,155.1,100.69790830532857,162.0872859655301,112.1368394356974,210.1249067718987,161.8265009592368,219.01066503859641
2018-10-31,Lucknow,5,138.52,True,124.48000000000002,124.48000000000002,136.83999999999997,100.55147964179311,165.51350186762525,111.74664591582919,212.98208693442805,155.73797205505923,214.109118852056
2018-11-01,Lucknow,5,146.28,True,124.48000000000002,116.80999999999996,151.16,100.40727712740421,168.9500845624209,121.99168461872755,219.8594834051049,169.11004009269615,225.6929000031412
2018-11-02,Lucknow,5,186.57,True,124.48000000000002,97.28000000000004,172.33000000000004,100.26526026481453,172.3877790481938,117.27924500867633,217.26582559240555,185.12233825644563,229.71489017109562
2018-11-03,Lucknow,5,165.8,True,124.48000000000002,123.49999999999996,195.74999999999994,100.12539121132387,175.81749630721555,126.29883688891519,214.34869749807854,187.05328064293818,238.47980193429362
2018-11-04,Lucknow,5,139.28,True,124.48000000000002,133.76999999999995,198.64,99.98763381089141,179.2303173489026,127.84626204895946,223.85437993414595,189.31354753702774,239.19274293670114
2018-11-05,Lucknow,5,113.48,True,124.48000000000002,106.13999999999996,195.98999999999995,99.85195308535297,182.6175026052132,121.05648593887256,230.4976800467068,191.2370907439424,242.6491911670482
2018-11-06,Lucknow,5,185.64,True,124.48000000000002,89.92000000000003,200.80000000000007,99.71831496402471,185.9705055450113,112.1368394356974,230.4015493015535,195.42507618004225,242.27510566108384
2018-11-07,Lucknow,5,218.8,True,124.48000000000002,124.48000000000002,230.94000000000005,99.58668613713697,189.2809896062554,111.74664591582919,229.98805442205335,207.39535232020324,233.63275359703874
2018-11-08,Lucknow,5,400.97,True,124.48000000000002,116.80999999999996,334.8999999999999,99.45703397366735,192.54084768212167,121.99168461872755,233.63747797621738,221.7746742926358,243.21105124699181
2018-11-09,Lucknow,5,254.56,True,124.48000000000002,97.28000000000004,387.8400000000001,99.32932647273279,195.74222348574696,117.27924500867633,229.6262827037742,232.1178884957107,244.77366711483282
2020-06-02,Ahmedabad,0,131.88,True,31.019999999999996,29.779999999999994,46.459999999999994,31.09656471469787,30.325819976232562,29.552136284859728,38.68888922977565,27.700205076559584,23.6503505376425
2020-06-03,Ahmedabad,0,78.97999999999999,False,31.019999999999996,31.25,39.68000000000001,30.71205461257583,29.337155918354778,29.634724404884214,39.16060764788877,26.921026288435417,23.577208053691507
2020-06-04,Ahmedabad,0,26.08,True,31.019999999999996,30.699999999999996,38.27000000000001,31.397445716726224,29.701580261125745,30.1374683492569,41.20361971589643,24.573810584268436,23.00953584208563
2020-06-05,Ahmedabad,0,30.72,True,31.019999999999996,23.91,35.059999999999995,32.07332482321346,30.149602693924393,27.71119289031659,41.722770476388575,26.371194301750528,22.43623423355981
2020-06-06,Ahmedabad,0,33.19,True,31.019999999999996,25.709999999999994,30.069999999999997,32.7393425702537,30.47290431051931,29.149264191063754,39.57588306446481,26.318269081600725,22.4141012094137
2020-06-07,Ahmedabad,0,20.67,True,31.019999999999996,22.830000000000002,48.74000000000001,33.395185124679614,30.863440986602647,26.166050576092783,40.7447459933669,26.325721179072758,21.550321589662474
2020-06-08,Ahmedabad,0,22.92,True,31.019999999999996,31.019999999999996,35.3,34.04057301216308,31.084672905052088,26.991380492308767,39.24532398056931,26.507182834125576,22.03719698485142
2020-06-09,Ahmedabad,0,21.17,True,31.019999999999996,29.779999999999994,34.31,34.67525988246117,31.424571791346125,29.552136284859728,41.55869887104797,25.736816164447248,22.964834206857823
2020-06-10,Ahmedabad,0,23.62,True,31.019999999999996,31.25,33.97,35.2990312228738,31.762905915986543,29.634724404884214,42.23776778574805,25.61349248637944,22.802267146504807
2020-06-11,Ahmedabad,0,20.4,True,31.019999999999996,30.699999999999996,41.080000000000005,35.91170303210234,32.07676875797788,30.1374683492569,42.93830265741241,25.68153589045539,22.170081827707342
2020-06-12,Ahmedabad,0,21.4,True,31.019999999999996,23.91,25.56,36.513120465707885,32.38335557417915,27.71119289031659,40.93546780069024,24.993514658458725,21.545347937687975
2020-06-13,Ahmedabad,0,21.72,True,31.019999999999996,25.709999999999994,26.75,37.10315646339498,32.68227864054479,29.149264191063754,40.856898390100675,24.939350669152663,21.4635120957914
2020-06-14,Ahmedabad,0,24.1,True,31.019999999999996,22.830000000000002,32.71000000000001,37.681710367398665,32.97314946003263,26.166050576092783,42.405074168629,24.93840446967173,20.588482313835524
2020-06-15,Ahmedabad,0,21.21,True,31.019999999999996,31.019999999999996,32.78999999999999,38.24870654033748,33.255581118395206,26.991380492308767,42.021384550901885,24.558188050896508,21.020747972000134
2020-06-16,Ahmedabad,0,31.49,True,31.019999999999996,29.779999999999994,28.020000000000003,38.8040929900176,33.52919070614147,29.552136284859728,42.04994032320068,24.715334282021857,21.88717948716544
2020-06-17,Ahmedabad,0,14.79,True,31.019999999999996,31.25,26.92,39.34784000783556,33.793601790480395,29.634724404884214,44.69460286831569,25.04630753362129,21.72714793549827
2020-06-18,Ahmedabad,0,12.1,True,31.019999999999996,30.699999999999996,69.38000000000002,39.879938826635765,34.04844692005485,30.1374683492569,43.83463205014643,26.323994769313057,21.13398611559371
2020-06-19,Ahmedabad,0,17.65,True,31.019999999999996,23.91,42.07999999999999,40.40040030313244,34.29337014441084,27.71119289031659,43.396360785337286,26.07203437345498,20.5618909823675
2020-06-20,Ahmedabad,0,22.9,True,31.019999999999996,25.709999999999994,35.669999999999995,40.909253629306896,34.528029529428785,29.149264191063754,43.61662289461163,26.08786537549993,20.522169475831127
2020-06-21,Ahmedabad,0,24.28,True,31.019999999999996,22.830000000000002,63.08999999999999,41.406545076540844,34.752099649400364,26.166050576092783,42.81745029614088,26.015346055844862,19.733413333074544
2020-06-22,Ahmedabad,0,19.02,True,31.019999999999996,31.019999999999996,46.129999999999995,41.89233677564328,34.96527403608808,26.991380492308767,39.77845437793356,26.941663618031043,20.210820293084836
2020-06-23,Ahmedabad,0,22.2,True,31.019999999999996,29.779999999999994,57.489999999999995,42.36670553537247,35.1672675649635,29.552136284859728,42.12968752983235,28.159973907312537,21.120727223380666
2020-06-24,Ahmedabad,0,30.29,True,31.019999999999996,31.25,49.230000000000004,42.829741701545416,35.35781875890092,29.634724404884214,43.09860810132603,28.04377621297603,21.049676642870963
2020-06-25,Ahmedabad,0,32.56,True,31.019999999999996,30.699999999999996,70.02999999999999,43.28154805836152,35.536691989921756,30.1374683492569,43.32958936069526,27.551449257983705,20.562274179279736
2020-06-26,Ahmedabad,0,36.48,True,31.019999999999996,23.91,60.030000000000015,43.72223877314546,35.703679560135605,27.71119289031659,42.94169398033307,28.265170434139876,20.095145228419785
2020-06-27,Ahmedabad,0,62.12,True,31.019999999999996,25.709999999999994,49.43000000000001,44.15193838533274,35.858603643818725,29.149264191063754,40.99657630388186,29.749178116948336,20.148459002477267
2020-06-28,Ahmedabad,0,31.57,True,31.019999999999996,22.830000000000002,59.63000000000001,44.57078084017984,36.0013180736001,26.166050576092783,42.26117583951469,31.7849162202925,19.462019879178133
2020-06-29,Ahmedabad,0,29.75,True,31.019999999999996,31.019999999999996,53.13,44.978908567375335,36.13170995498505,26.991380492308767,42.76421854834834,33.56643614796037,20.021299153165682
2020-06-30,Ahmedabad,0,40.02,True,31.019999999999996,29.779999999999994,43.21999999999999,45.37647160445788,36.24970109492553,29.552136284859728,43.03649277689015,32.2149956945094,21.009860451391454
2020-07-01,Ahmedabad,0,37.63,True,31.019999999999996,31.25,44.74999999999999,45.76362676470879,36.355249231824594,29.634724404884214,43.44421517803454,32.63229335739426,21.01816100442971
2020-02-03,Ahmedabad,1,68.19,True,52.31,33.92999999999999,54.77,49.78859537987276,51.24906421829353,55.533922636992926,62.69932080626279,49.31928316183588,53.95522751890444
2020-02-04,Ahmedabad,1,80.59,True,52.31,18.03,103.12999999999995,52.680223661417415,56.3796368057649,55.43176749363956,64.80742195915114,50.24910724814891,55.80328026126228
2020-02-05,Ahmedabad,1,77.56,True,52.31,28.769999999999996,117.58999999999997,53.060932169581534,55.71592350218805,59.726582311380994,64.27203660164213,51.28019369824177,55.625458525493315
2020-02-06,Ahmedabad,1,56.5,True,52.31,41.74000000000001,50.150000000000006,53.428014785272275,55.34859854150541,57.19648525771084,63.406395984653095,50.14492634291021,53.66421464135678
2020-02-07,Ahmedabad,1,66.87,True,52.31,57.27999999999998,94.09999999999998,53.781855312534645,55.06188313637441,58.96031032345881,62.16149525392232,51.13814136909915,52.84170581596794
2020-02-08,Ahmedabad,1,95.25,True,52.31,88.78999999999999,105.02999999999996,54.12283558998418,54.35863421533219,58.752564647044586,63.29680572923129,49.97460570710247,51.82714701629963
2020-02-09,Ahmedabad,1,69.85,True,52.31,52.31,46.49999999999999,54.4513345935985,56.53737555378807,54.76855344189927,61.57770212200455,50.24589382045361,49.985302182020256
2020-02-10,Ahmedabad,1,64.94,True,52.31,33.92999999999999,41.760000000000005,54.767727635688274,57.31790290257074,55.533922636992926,63.300819657734316,51.02814640519656,50.17598647714578
2020-02-11,Ahmedabad,1,79.58,True,52.31,18.03,46.91,55.07238565366452,57.73986889046162,55.43176749363956,63.30465493925803,48.92004190744247,50.810891139407616
2020-02-12,Ahmedabad,1,83.67,True,52.31,28.769999999999996,59.980000000000025,55.36567458241831,58.307234598226785,59.726582311380994,63.37094010708895,45.43767830676823,49.594290142944956
2020-02-13,Ahmedabad,1,88.83,True,52.31,41.74000000000001,82.79000000000002,55.647954804356424,58.865469619532135,57.19648525771084,61.28558658301332,53.11667007972233,46.87373314440849
2020-02-14,Ahmedabad,1,50.55,True,52.31,57.27999999999998,62.599999999999994,55.919580671376465,59.414110753201626,58.96031032345881,63.7102919573029,55.80491102293426,45.26869979944076
2020-02-15,Ahmedabad,1,73.04,True,52.31,88.78999999999999,72.53000000000003,56.18090009331548,59.95266936229171,58.752564647044586,62.03272884225648,60.68720354226828,43.61384057449077
2020-02-16,Ahmedabad,1,59.47,True,52.31,52.31,44.690000000000005,56.432254187668526,60.48063432463897,54.76855344189927,65.75427284189345,65.48343506227951,41.39926439384127
2020-02-17,Ahmedabad,1,62.48,True,52.31,33.92999999999999,54.18000000000002,56.673976985634994,60.99747514943751,55.533922636992926,62.80959258179214,58.24075451817806,41.005643795795656
2020-02-18,Ahmedabad,1,85.33,True,52.31,18.03,81.84000000000002,56.90639518981562,61.50264524377093,55.43176749363956,62.5339637811696,58.6382915792107,41.08887128708348
2020-02-19,Ahmedabad,1,114.79,True,52.31,28.769999999999996,46.48,57.12982797914653,61.99558531183711,59.726582311380994,65.44562064539767,59.574425105326476,39.79945717808126
2020-02-20,Ahmedabad,1,65.74,True,52.31,41.74000000000001,62.31999999999999,57.34458685691575,62.47572686839384,57.19648525771084,64.91995426472594,60.65667858579513,37.446492145483674
2020-02-21,Ahmedabad,1,60.61,True,52.31,57.27999999999998,37.26,57.55097553796146,62.94249584675479,58.96031032345881,62.2393758809096,60.30280822553668,36.12973391096178
2020-02-22,Ahmedabad,1,36.35,True,52.31,88.78999999999999,37.96000000000001,57.749289871399675,63.395316280516155,58.752564647044586,63.2787391759803,61.02474608528327,34.899275173685
2020-02-23,Ahmedabad,1,54.06,True,52.31,52.31,34.099999999999994,57.939817795466666,63.83361403711356,54.76855344189927,61.44238996820911,59.04445136715764,33.32958734556148
2020-02-24,Ahmedabad,1,68.68,True,52.31,33.92999999999999,64.50000000000003,58.12283932129578,64.25682058033884,55.533922636992926,62.90769600335789,57.31505372626663,33.339929765597375
2020-02-25,Ahmedabad,1,73.18,True,52.31,18.03,50.97,58.298626542666554,64.66437673810688,55.43176749363956,61.61056854252664,59.17305810601829,33.855520983022714
2020-02-26,Ahmedabad,1,137.81,True,52.31,28.769999999999996,64.44000000000003,58.46744366897887,65.0557364510848,59.726582311380994,61.96267367716262,59.02787605999376,33.333378366365366
2020-02-27,Ahmedabad,1,94.27,True,52.31,41.74000000000001,51.5,58.62954707890546,65.43037047731035,57.19648525771084,61.28818012926954,57.230471274489986,31.969239229533436
2020-02-28,Ahmedabad,1,79.68,True,52.31,57.27999999999998,33.38000000000001,58.78518539236935,65.78777002764596,58.96031032345881,62.78238924444124,58.825563222353026,31.528083484011546
2020-02-29,Ahmedabad,1,53.86,True,52.31,88.78999999999999,42.10999999999999,58.93459955867396,66.1274503068657,58.752564647044586,61.85827887972749,63.88920854159045,31.198961193333353
2020-03-01,Ahmedabad,1,53.06,True,52.31,52.31,46.35000000000001,59.078022958785844,66.44895393537008,54.76855344189927,60.38190421610417,63.20176463655682,30.57928884374012
2020-03-02,Ahmedabad,1,56.2,True,52.31,33.92999999999999,61.319999999999986,59.21568151993187,66.75185422697429,55.533922636992926,61.26387054118525,61.962271787867806,31.439784250589177
2020-03-03,Ahmedabad,1,77.58,True,52.31,18.03,48.84000000000001,59.34779384082527,67.03575829893381,55.43176749363956,63.65986745793097,63.11240401175996,32.84245196166767
2019-10-06,Ahmedabad,2,68.62,True,57.650000000000006,20.709999999999997,79.36999999999999,52.17029340873055,54.55521911362548,48.82634484995177,63.5093623587047,56.11658272800427,67.42509438763871
2019-10-07,Ahmedabad,2,99.81,True,57.650000000000006,21.94,78.64000000000001,50.144286970337944,53.916342373386954,51.56052467851546,63.259253590836686,58.02417700649322,73.8658015999444
2019-10-08,Ahmedabad,2,73.52,True,57.650000000000006,33.66,122.91999999999997,50.55217383032992,55.278053429125926,57.57555449050598,63.64920162696739,57.230887772766145,83.67234296848778
2019-10-09,Ahmedabad,2,108.07,True,57.650000000000006,51.11000000000001,160.05,50.94808969023352,56.66938418055008,58.307918936114895,63.57136832844581,55.2206696828828,88.98352390983851
2019-10-10,Ahmedabad,2,117.13,True,57.650000000000006,57.07999999999998,113.89999999999998,51.33227537696586,57.89361981170239,57.101202451405484,64.81691064960016,56.3362482931216,92.46717341093178
2019-10-11,Ahmedabad,2,70.26,True,57.650000000000006,49.88,126.65999999999998,51.704975182247345,58.973939584260805,49.79679729770702,66.06973344276987,56.582233456189684,96.14016370884103
2019-10-12,Ahmedabad,2,109.48,True,57.650000000000006,57.650000000000006,116.02000000000004,52.066436054351826,60.26378427248066,49.22990776263953,65.61447778177251,63.41414623527788,100.45291380870759
2019-10-13,Ahmedabad,2,194.36,True,57.650000000000006,20.709999999999997,96.65000000000005,52.4169068487425,61.439922970045316,48.82634484995177,65.61259812223886,66.83978218911463,103.9806171455263
2019-10-14,Ahmedabad,2,98.5,True,57.650000000000006,21.94,110.04999999999997,52.75663763513468,62.662815982709176,51.56052467851546,65.45908856497441,73.92608500173141,111.56965207949473
2019-10-15,Ahmedabad,2,96.74,True,57.650000000000006,33.66,109.83999999999997,53.08587905848621,63.92875500276469,57.57555449050598,64.47692579218695,72.99330591087356,123.35269981174122
2019-10-16,Ahmedabad,2,90.7,True,57.650000000000006,51.11000000000001,140.05999999999995,53.40488175139928,65.2136740801377,58.307918936114895,65.10102150434118,72.06043280695984,127.70329039855696
2019-10-17,Ahmedabad,2,100.06,True,57.650000000000006,57.07999999999998,109.11000000000004,53.713895795417365,66.51640065726592,57.101202451405484,67.05026041354432,75.28075519614607,128.8864472283059
2019-10-18,Ahmedabad,2,109.01,True,57.650000000000006,49.88,107.25999999999996,54.013170228719375,67.83558554157777,49.79679729770702,65.73302672526808,81.10289596694942,129.91570511969735
2019-10-19,Ahmedabad,2,87.87,True,57.650000000000006,57.650000000000006,105.86999999999999,54.30295259774406,69.16970517780123,49.22990776263953,67.20391368113097,86.29424464117015,131.4379588537066
2019-10-20,Ahmedabad,2,89.05,True,57.650000000000006,20.709999999999997,101.85999999999997,54.58348855032099,70.5170644619066,48.82634484995177,67.1397762233628,80.49450409013129,131.66047803536046
2019-10-21,Ahmedabad,2,81.62,True,57.650000000000006,21.94,96.14999999999999,54.85502146793793,71.87580021940042,51.56052467851546,66.6910799884819,80.18549692009859,136.69881291002247
2019-10-22,Ahmedabad,2,84.9,True,57.650000000000006,33.66,88.58,55.11779213483606,73.24388546189967,57.57555449050598,66.36638303732033,81.88872663666933,146.32923290881715
2019-10-23,Ahmedabad,2,46.84,True,57.650000000000006,51.11000000000001,129.97999999999996,55.372038441692574,74.61913452566334,58.307918936114895,67.84640120892408,85.46730693094445,146.8567519552607
2019-10-24,Ahmedabad,2,53.59,True,57.650000000000006,57.07999999999998,103.71,55.61799512172426,75.99920918399275,57.101202451405484,67.05063995140277,90.24671308478713,143.92832377629995
2019-10-25,Ahmedabad,2,82.74,True,57.650000000000006,49.88,121.11000000000001,55.85589351712219,77.38162581218275,49.79679729770702,68.23991632356199,94.95753174583089,141.18174909372505
2019-10-26,Ahmedabad,2,62.7,True,57.650000000000006,57.650000000000006,82.49000000000001,56.08596137381038,78.76376366901899,49.22990776263953,65.69430358067129,93.02040822888243,139.35554575878558
2019-10-27,Ahmedabad,2,57.54,True,57.650000000000006,20.709999999999997,72.92999999999999,56.30842266260109,80.14287434275586,48.82634484995177,65.91052227908914,102.77937246844479,136.58548277057196
2019-10-28,Ahmedabad,2,75.12,True,57.650000000000006,21.94,94.08,56.52349742490693,81.5160923921954,51.56052467851546,67.45590667683943,110.36545627160173,139.19637064630598
2019-10-29,Ahmedabad,2,37.74,True,57.650000000000006,33.66,82.88,56.73140164125009,82.88044719500922,57.57555449050598,67.84872245700365,108.74716772266844,146.74368079163347
2019-10-30,Ahmedabad,2,20.1,True,57.650000000000006,51.11000000000001,88.68999999999996,56.93234712089741,84.23287599605914,58.307918936114895,65.57197571405271,104.62569007997342,145.53830672173436
2019-10-31,Ahmedabad,2,54.57,True,57.650000000000006,57.07999999999998,82.52000000000002,57.12654141102994,85.57023812834322,57.101202451405484,68.5504020332156,99.80349301516442,141.43956064260294
2019-11-01,Ahmedabad,2,63.17,True,57.650000000000006,49.88,72.10999999999997,57.31418772394044,86.88933035861646,49.79679729770702,67.38177287011267,98.84510671861564,138.0366142936489
2019-11-02,Ahmedabad,2,42.27,True,57.650000000000006,57.650000000000006,78.48,57.49548488083084,88.18690328900209,49.22990776263953,67.37244136168545,99.72685553479997,135.99064221563097
2019-11-03,Ahmedabad,2,33.68,True,57.650000000000006,20.709999999999997,103.21999999999997,57.670627270863214,89.45967872535618,48.82634484995177,68.32595212880163,95.60104339869982,133.42246637256932
2019-11-04,Ahmedabad,2,69.31,True,57.650000000000006,21.94,70.39,57.83980482419134,90.70436790310532,51.56052467851546,69.0858148471128,102.58176585266861,136.4673530384563
2019-06-08,Ahmedabad,3,48.74,True,30.069999999999997,48.1,55.769999999999996,37.01500308752433,34.48235724120179,32.028036859514394,46.92764405264554,33.75124467141176,47.77125536220409
2019-06-09,Ahmedabad,3,35.3,True,30.069999999999997,41.38,63.58,38.92845910716388,36.603433111103286,33.79708001401398,47.2146882424683,35.95180923740694,47.294960022788636
2019-06-10,Ahmedabad,3,34.31,True,30.069999999999997,46.459999999999994,103.08000000000003,40.578163421498324,36.380637743159845,37.160731215987894,47.35917727931892,38.223460322499655,48.51146907350357
2019-06-11,Ahmedabad,3,33.97,True,30.069999999999997,39.68000000000001,78.25000000000003,40.7605923957025,36.52832747325634,36.85501170307449,47.24465196751021,39.63003572762325,50.44443638628349
2019-06-12,Ahmedabad,3,41.08,True,30.069999999999997,38.27000000000001,77.83999999999997,42.28977786645425,36.514181496027874,35.79624976594932,46.67097141499999,39.22404382581989,49.20424143676397
2019-06-13,Ahmedabad,3,25.56,True,30.069999999999997,35.059999999999995,69.99,42.507538435154274,36.5519048311118,35.01923234631921,47.155988790234574,35.54422386630867,47.46596122451324
2019-06-14,Ahmedabad,3,26.75,True,30.069999999999997,30.069999999999997,78.7,43.92149008667815,36.686940569985566,32.84019362300469,47.07565557554859,33.08707452673038,46.79430295863892
2019-06-15,Ahmedabad,3,32.71,True,30.069999999999997,48.1,59.96000000000001,44.16730076851898,36.42968661634844,32.028036859514394,47.30935503365189,32.923659842926845,45.45068111948802
2019-06-16,Ahmedabad,3,32.79,True,30.069999999999997,41.38,48.269999999999996,45.47184026716149,36.283646060085616,33.79708001401398,47.29995834313834,37.41752723793886,44.36658726479634
2019-06-17,Ahmedabad,3,28.02,True,30.069999999999997,46.459999999999994,44.809999999999995,45.73908918023981,36.211320803343455,37.160731215987894,46.779996720752926,41.08850672367226,44.947607222655364
2019-06-18,Ahmedabad,3,26.92,True,30.069999999999997,39.68000000000001,55.20999999999998,46.94036814256191,36.137325961818476,36.85501170307449,46.9977649606872,38.516817518046025,46.25726605530979
2019-06-19,Ahmedabad,3,69.38,True,30.069999999999997,38.27000000000001,40.88999999999999,47.22314201141548,36.06137894873858,35.79624976594932,46.594021522459,36.759056247477616,44.7514903591742
2019-06-20,Ahmedabad,3,42.08,True,30.069999999999997,35.059999999999995,41.589999999999996,48.327472117823355,35.983207199768074,35.01923234631921,46.47773481677685,33.88808066640251,42.922169104127946
2019-06-21,Ahmedabad,3,35.67,True,30.069999999999997,30.069999999999997,39.02,48.62055829389044,35.90254962469916,32.84019362300469,46.775590744867685,34.461000785108375,42.18280311903883
2019-06-22,Ahmedabad,3,63.09,True,30.069999999999997,48.1,33.50000000000001,49.63427468295348,35.819158030397695,32.028036859514394,46.506043318204526,34.653754126637466,40.951643937583555
2019-06-23,Ahmedabad,3,46.13,True,30.069999999999997,41.38,39.419999999999995,49.9331426297727,35.73279850669168,33.79708001401398,45.96336224400883,37.14225080660171,40.06276495380355
2019-06-24,Ahmedabad,3,57.49,True,30.069999999999997,46.459999999999994,46.839999999999996,50.86249665839088,35.643252766681606,37.160731215987894,46.11327346861907,39.2303258707127,40.7860424643804
2019-06-25,Ahmedabad,3,49.23,True,30.069999999999997,39.68000000000001,51.629999999999995,51.16326451953869,35.55031943284382,36.85501170307449,45.7488769117471,39.339992614985974,42.28451689777052
2019-06-26,Ahmedabad,3,70.03,True,30.069999999999997,38.27000000000001,38.120000000000005,52.01434189408451,35.45381526028998,35.79624976594932,46.26860330616773,36.75434825414867,41.29744547899941
2019-06-27,Ahmedabad,3,60.03,True,30.069999999999997,35.059999999999995,27.789999999999996,52.31373288654653,35.353576288656534,35.01923234631921,45.403546240945566,34.45745004709264,40.064873633767846
2019-06-28,Ahmedabad,3,49.43,True,30.069999999999997,30.069999999999997,36.269999999999996,53.09239330328964,35.2494589143185,32.84019362300469,45.62133631084894,41.205160709712,39.89483654457605
2019-06-29,Ahmedabad,3,59.63,True,30.069999999999997,48.1,76.41,53.387685826172195,35.14134087496113,32.028036859514394,45.21495285120515,51.432832846677165,39.29126853860072
2019-06-30,Ahmedabad,3,53.13,True,30.069999999999997,41.38,62.720000000000006,54.09952052883355,35.02912213899952,33.79708001401398,45.635874791032315,50.84942027560641,39.02876113510731
2019-07-01,Ahmedabad,3,43.22,True,30.069999999999997,46.459999999999994,48.120000000000005,54.388495088123626,34.91272569290741,37.160731215987894,44.785163838690835,48.179251215930435,40.36068649393042
2019-07-02,Ahmedabad,3,44.75,True,30.069999999999997,39.68000000000001,36.800000000000004,55.03879909764308,34.79209822019436,36.85501170307449,44.611130373067965,46.632401396747966,42.5009073055035
2019-07-03,Ahmedabad,3,44.27,True,30.069999999999997,38.27000000000001,41.37,55.319684445214094,34.667210666557516,35.79624976594932,43.67480484160234,51.60275815035686,42.1390283019214
2019-07-04,Ahmedabad,3,47.77,True,30.069999999999997,35.059999999999995,302.08,55.913440598714104,34.53805868661149,35.01923234631921,44.17911586853418,64.58707810509469,41.462585335328
2019-07-05,Ahmedabad,3,47.88,True,30.069999999999997,30.069999999999997,37.15,56.184860877889705,34.40466296856335,32.84019362300469,43.28946357072251,60.13877651656279,41.8144098039959
2019-07-06,Ahmedabad,3,47.71,True,30.069999999999997,48.1,59.760000000000005,56.72673320017242,34.26706943423967,32.028036859514394,43.917337719853045,52.48765828808652,41.633781625794335
2019-07-07,Ahmedabad,3,34.72,True,30.069999999999997,41.38,71.93999999999998,56.98765738172214,34.12534931296311,33.79708001401398,43.52313908754876,45.47857266927193,41.71895013092968
2019-02-08,Ahmedabad,4,105.03,True,94.09999999999998,76.86999999999999,70.25,88.95346866828515,86.49251805013307,70.11524038169634,86.50892479369566,94.94934175046218,91.27706289363361
2019-02-09,Ahmedabad,4,46.5,True,94.09999999999998,47.00999999999999,103.16999999999996,76.02915592297323,80.7571783313353,67.3035897300567,87.19284004810277,88.56124007505414,89.69190254708295
2019-02-10,Ahmedabad,4,41.76,True,94.09999999999998,54.77,185.77,81.39587454731827,80.61805700697472,71.95580743422414,86.86124189744697,87.50161341013506,86.16401211485056
2019-02-11,Ahmedabad,4,46.91,True,94.09999999999998,103.12999999999995,84.47999999999999,77.91687858414099,78.95357670839442,77.9165255747929,86.53074229804525,79.99278409524348,85.96987163114268
2019-02-12,Ahmedabad,4,59.98,True,94.09999999999998,117.58999999999997,89.40999999999995,78.90609019110302,78.78799137734947,85.00699193395828,86.16295869993081,89.4122483934559,90.01327163085995
2019-02-13,Ahmedabad,4,82.79,True,94.09999999999998,50.150000000000006,64.61000000000001,77.72960566457203,81.58856387549696,80.42502240924921,86.3900038400106,91.87555607954111,86.98536495509003
2019-02-14,Ahmedabad,4,62.6,True,94.09999999999998,94.09999999999998,65.35000000000001,77.66731752060382,79.90215111889987,78.67220299139066,85.55616075321372,102.59623861268066,84.11095224562574
2019-02-15,Ahmedabad,4,72.53,True,94.09999999999998,76.86999999999999,52.179999999999986,77.08797031670396,80.39855457039766,70.11524038169856,85.74879015034374,103.83244360099938,82.52731075435882
2019-02-16,Ahmedabad,4,44.69,True,94.09999999999998,47.00999999999999,75.12999999999997,76.79850822803078,80.89182044702223,67.3035897300587,86.21589113483769,98.38004507356129,79.61885911442144
2019-02-17,Ahmedabad,4,54.18,True,94.09999999999998,54.77,83.64999999999999,76.3963408924857,81.10811528933324,71.95580743422614,85.32200582861395,110.35589810801518,75.17857058456393
2019-02-18,Ahmedabad,4,81.84,True,94.09999999999998,103.12999999999995,220.48999999999995,76.07951573061726,81.32130006618439,77.91652557479493,84.68716801281997,129.45830785485606,73.84363575522133
2019-02-19,Ahmedabad,4,46.48,True,94.09999999999998,117.58999999999997,242.6599999999999,75.74798227918832,81.52592195017515,85.0069919339604,86.07403750918111,122.51591453233718,76.26882517426165
2019-02-20,Ahmedabad,4,62.32,True,94.09999999999998,50.150000000000006,114.77999999999996,75.44985375585613,81.72044679407801,80.42502240925108,85.36671840799914,119.62130714206482,72.85749530321242
2019-02-21,Ahmedabad,4,37.26,True,94.09999999999998,94.09999999999998,92.92000000000002,75.15974276368455,81.9033403603578,78.67220299139244,87.21118484116988,113.6389827970875,69.82027806326985
2019-02-22,Ahmedabad,4,37.96,True,94.09999999999998,76.86999999999999,91.66000000000001,74.88887518716245,82.0731287762517,70.1152403817,84.92487970003792,103.91240490006244,68.08857608152363
2019-02-23,Ahmedabad,4,34.1,True,94.09999999999998,47.00999999999999,138.4,74.63036758668763,82.22840391148291,67.30358973006004,82.83934765382894,95.56885075010783,65.48603025235579
2019-02-24,Ahmedabad,4,64.5,True,94.09999999999998,54.77,88.60999999999997,74.38641821861322,82.36782942796212,71.95580743422744,85.57629328868363,93.2625455877857,61.838030030790414
2019-02-25,Ahmedabad,4,50.97,True,94.09999999999998,103.12999999999995,38.82000000000001,74.15478491839593,82.49014666319168,77.91652557479632,85.10509323450732,103.22331674297047,60.95335858257321
2019-02-26,Ahmedabad,4,64.44,True,94.09999999999998,117.58999999999997,49.18000000000001,73.93550294598447,82.59418029190769,85.00699193396179,83.66731096526301,98.36545061103286,63.39859816316687
2019-02-27,Ahmedabad,4,51.5,True,94.09999999999998,50.150000000000006,56.42,73.7275396721016,82.67884370057807,80.42502240925232,84.35587731093865,90.97210537923837,61.18144846067373
2019-02-28,Ahmedabad,4,33.38,True,94.09999999999998,94.09999999999998,60.35999999999998,73.53045401168836,82.74314401136161,78.67220299139356,83.2211811155431,99.51392241425437,59.42440403084482
2019-03-01,Ahmedabad,4,42.11,True,94.09999999999998,76.86999999999999,54.45,73.34356695130961,82.7861866949274,70.11524038170101,84.18621905639885,105.13779240154068,58.92092538935171
2019-03-02,Ahmedabad,4,46.35,True,94.09999999999998,47.00999999999999,53.50000000000001,73.16637049602998,82.80717971523417,67.30358973006089,82.09709490670076,101.14572505781659,57.78372391987686
2019-03-03,Ahmedabad,4,61.32,True,94.09999999999998,54.77,41.64,72.998320753037,82.80543715396257,71.95580743422835,82.37981047025765,105.960448454818,55.78360271009414
2019-03-04,Ahmedabad,4,48.84,True,94.09999999999998,103.12999999999995,32.36,72.83893772077637,82.78038226770367,77.91652557479716,83.64509467677169,103.87584216949853,56.34782096753957
2019-03-05,Ahmedabad,4,39.23,True,94.09999999999998,117.58999999999997,29.98,72.68775267810118,82.7315499371739,85.0069919339627,83.45299880760342,112.12681274048025,60.17804605139554
2019-03-06,Ahmedabad,4,45.37,True,94.09999999999998,50.150000000000006,33.29999999999999,72.54433164061291,82.65858847454143,80.42502240925312,82.29980646438678,107.70742997269846,59.71298256093042
2019-03-07,Ahmedabad,4,55.7,True,94.09999999999998,94.09999999999998,56.51,72.40826114914486,82.56126076231843,78.67220299139427,81.0896257281098,102.1896488623162,59.6977830391451
2019-03-08,Ahmedabad,4,54.11,True,94.09999999999998,76.86999999999999,88.85,72.27915299116736,82.43944470506709,70.11524038170165,81.18088508965118,100.0817026280476,60.95964930855953
2019-03-09,Ahmedabad,4,52.68,True,94.09999999999998,47.00999999999999,111.68,72.15663966155805,82.2931329832605,67.30358973006149,82.76670445171555,104.93029024303667,61.570853200498036
2018-10-11,Ahmedabad,5,126.66,True,113.89999999999998,63.91999999999997,61.71999999999998,104.2985063709844,94.90677350410881,109.26305006516571,44.993615467497165,107.13522325729394,118.33240868485652
2018-10-12,Ahmedabad,5,116.02,True,113.89999999999998,73.89000000000001,63.80571428571429,104.87756690769342,90.0752057600998,110.03734559568468,44.41576514977959,102.81515691403025,135.03866116856915
2018-10-13,Ahmedabad,5,96.65,True,113.89999999999998,79.36999999999999,65.89142857142855,100.73213798093408,83.87057001107164,112.69642834616593,42.103075134010176,111.43490581894103,146.42520679127267
2018-10-14,Ahmedabad,5,110.05,True,113.89999999999998,78.64000000000001,67.97714285714282,99.39719424901116,81.95046862914505,111.03505481831826,39.585348416159725,110.13337199239412,148.0591334996433
2018-10-15,Ahmedabad,5,109.84,True,113.89999999999998,122.91999999999997,70.06285714285713,96.81853810370804,76.54921617836142,119.02530542140983,40.410108472302305,120.58816401163266,157.3185977308945
2018-10-16,Ahmedabad,5,140.06,True,113.89999999999998,160.05,72.1485714285714,95.14009335796318,74.29428569144221,123.5682126093444,39.68751533228971,147.37148206807925,172.51258612477014
2018-10-17,Ahmedabad,5,109.11,True,113.89999999999998,113.89999999999998,74.23428571428569,93.19406826175135,74.86018510010845,114.89713324247133,39.12442822993305,129.14968947201587,178.05173244692983
2018-10-18,Ahmedabad,5,107.26,True,113.89999999999998,63.91999999999997,76.31999999999998,91.58834084636644,75.76994162882073,109.26305006982253,39.116111241759235,123.91796261300358,181.06266317630923
2018-10-19,Ahmedabad,5,105.87,True,113.89999999999998,73.89000000000001,92.73999999999998,89.98080304826526,75.85702783388642,110.037345600103,38.317339837645626,122.43013143828705,196.2739905303401
2018-10-20,Ahmedabad,5,101.86,True,113.89999999999998,79.36999999999999,109.16000000000003,88.54067145020487,76.6675094784046,112.6964283504283,38.29110391388449,120.04727865115797,202.28387532277486
2018-10-21,Ahmedabad,5,96.15,True,113.89999999999998,78.64000000000001,126.56999999999995,87.16391155887767,77.25456954251588,111.03505482227536,39.715565759133426,121.21296674824119,194.6953147734525
2018-10-22,Ahmedabad,5,88.58,True,113.89999999999998,122.91999999999997,59.26000000000001,85.89460820304959,78.24686283833388,119.02530542540384,38.56195027901034,117.47354353935845,197.32359225446507
2018-10-23,Ahmedabad,5,129.98,True,113.89999999999998,160.05,51.719999999999985,84.69823927255403,79.1394613737333,123.56821261324973,37.72527903428599,115.82419350170258,206.99560556550506
2018-10-24,Ahmedabad,5,103.71,True,113.89999999999998,113.89999999999998,67.40000000000002,83.58358370275022,80.25929559945337,114.89713324589461,39.279943057832575,112.19814795798841,205.1261362179753
2018-10-25,Ahmedabad,5,121.11,True,113.89999999999998,63.91999999999997,79.48999999999997,82.53695492850996,81.3337539928137,109.26305007289098,39.01892074236608,111.17036859356395,201.11681656028054
2018-10-26,Ahmedabad,5,82.49,True,113.89999999999998,73.89000000000001,112.25000000000001,81.55756195524091,82.53190404252534,110.03734560301419,40.90226164421092,120.16843546903348,211.16265976404972
2018-10-27,Ahmedabad,5,72.93,True,113.89999999999998,79.36999999999999,133.06999999999996,80.63835484734538,83.70460870833811,112.69642835323674,39.966894285275224,115.33639357910211,211.83909798352755
2018-10-28,Ahmedabad,5,94.08,True,113.89999999999998,78.64000000000001,93.96,79.7762941716842,84.93800201070098,111.03505482488265,39.80083602274063,119.84277703822865,199.4912992970362
2018-10-29,Ahmedabad,5,82.88,True,113.89999999999998,122.91999999999997,93.69999999999997,78.96674167712722,86.14912845234309,119.02530542803557,39.826737477723896,106.71056230655768,198.8491305780287
2018-10-30,Ahmedabad,5,88.69,True,113.89999999999998,160.05,85.40999999999997,78.20643685784356,87.38057920721164,123.56821261582307,40.52124767625998,94.71505666258247,206.21149589720574
2018-10-31,Ahmedabad,5,82.52,True,113.89999999999998,113.89999999999998,77.11999999999998,77.4918381345844,88.58515498598179,114.89713324815028,42.36685282033451,92.53291335316753,203.01510247865704
2018-11-01,Ahmedabad,5,72.11,True,113.89999999999998,63.91999999999997,83.63000000000004,76.81997673929543,89.78272710661167,109.26305007491281,40.83971615101883,93.34776032314629,198.66725477880803
2018-11-02,Ahmedabad,5,78.48,True,113.89999999999998,73.89000000000001,90.14000000000003,76.1879554364126,90.94560845637297,110.03734560493247,38.44766706038846,91.97791429514922,209.07546328089953
2018-11-03,Ahmedabad,5,103.22,True,113.89999999999998,79.36999999999999,96.65000000000005,75.59318519539522,92.08199262501859,112.69642835508725,38.62115015269523,87.19568077669196,211.01510680541435
2018-11-04,Ahmedabad,5,70.39,True,113.89999999999998,78.64000000000001,107.09000000000002,75.03322573706133,93.17500943459062,111.03505482660063,37.475482339590606,81.1625034553306,200.54523624340143
2018-11-05,Ahmedabad,5,107.9,True,113.89999999999998,122.91999999999997,119.02000000000005,74.50584400876677,94.22704061560292,119.02530542976959,38.515525761553164,73.77525243501016,202.2411208471418
2018-11-06,Ahmedabad,5,117.08,True,113.89999999999998,160.05,83.86000000000003,74.00895734383481,95.22737715446189,123.56821261751861,35.451384679952206,72.71636187764071,212.56232349548074
2018-11-07,Ahmedabad,5,162.18,True,113.89999999999998,113.89999999999998,72.66999999999999,73.5406417030315,96.1757086675724,114.89713324963658,34.97619033197046,73.85002397117957,212.31959530031392
2018-11-08,Ahmedabad,5,205.21,True,113.89999999999998,63.91999999999997,94.32000000000002,73.09910683884836,97.06499831107985,109.263050076245,33.63814740652868,77.2231574559449,210.87173657951283
2018-11-09,Ahmedabad,5,165.37,True,113.89999999999998,73.89000000000001,89.0,72.6826914084356,97.89390379182147,110.0373456061964,32.767449448635006,82.98556921402103,225.13541649182642
